timestamp,wind_speed_ms,wind_direction_deg,temperature_c,humidity_pct,traffic_emission_rate_kg_h,industrial_emission_rate_kg_h,rl_traffic_signal_offset_s,rl_green_corridor_active,rl_ventilation_control_mw,co2_concentration_ppm,pm25_ug_m3,reward_value,hour,day,month,weekday,is_weekend,hour_sin,hour_cos,wind_dir_sin,wind_dir_cos,total_emission_kg_h,emission_per_wind,ventilation_index,heat_humidity_index,traffic_share,co2_lag1,pm25_lag1,co2_roll3,emission_roll3,zone_Zone_001,zone_Zone_002,zone_Zone_003,zone_Zone_004,zone_Zone_005,zone_Zone_006,zone_Zone_007,zone_Zone_008,zone_Zone_009,zone_Zone_010
2026-01-01 21:00:00,6.0,95.6,14.6,62.8,142.33,799.64,-6,1,4.6,616.71,22.47,1.39,21,1,1,3,0,-0.7071067811865477,0.7071067811865474,0.9952273999818312,-0.09758289975914933,941.97,144.91846153846154,27.599999999999998,9.1688,0.15109823030457448,567.4666081871345,65.58672514619883,567.3965692007797,911.7393664717348,True,False,False,False,False,False,False,False,False,False
2026-01-02 01:00:00,1.16,326.5,29.9,77.0,333.21,758.91,3,0,3.76,411.33,38.86,77.02,1,2,1,4,0,0.25881904510252074,0.9659258262890683,-0.5519369853120584,0.833885822067168,1092.12,657.9036144578313,4.361599999999999,23.022999999999996,0.3051038347434348,616.71,22.47,616.71,941.97,True,False,False,False,False,False,False,False,False,False
2026-01-03 03:00:00,4.13,245.8,21.8,93.8,311.28,879.44,-4,0,1.45,704.59,54.21,-45.99,3,3,1,5,1,0.7071067811865475,0.7071067811865476,-0.9121201161722732,-0.4099230338415724,1190.72,257.1749460043197,5.988499999999999,20.4484,0.26142166084385915,411.33,38.86,514.02,1017.045,True,False,False,False,False,False,False,False,False,False
2026-01-04 06:00:00,5.27,338.7,26.7,64.0,351.09,721.82,-3,1,4.72,463.42,113.23,-4.9,6,4,1,6,1,1.0,6.123233995736766e-17,-0.3632512304729785,0.9316912275855489,1072.91,185.946273830156,24.874399999999998,17.088,0.3272315478465108,704.59,54.21,577.5433333333334,1074.9366666666667,True,False,False,False,False,False,False,False,False,False
2026-01-04 11:00:00,1.21,24.2,19.7,38.3,229.08,157.4,25,0,1.97,456.31,36.95,61.05,11,4,1,6,1,0.258819045102521,-0.9659258262890682,0.40992303384157275,0.9121201161722731,386.48,226.01169590643278,2.3836999999999997,7.545099999999999,0.5927344235148002,463.42,113.23,526.4466666666667,1118.5833333333333,True,False,False,False,False,False,False,False,False,False
2026-01-04 15:00:00,11.48,259.6,34.1,47.1,244.55,221.39,-13,0,3.87,552.14,110.25,48.55,15,4,1,6,1,-0.7071067811865471,-0.7071067811865479,-0.983571470813386,-0.18051914525055954,465.94,38.89315525876461,44.427600000000005,16.0611,0.5248529853629222,456.31,36.95,541.44,883.3700000000002,True,False,False,False,False,False,False,False,False,False
2026-01-04 19:00:00,7.19,135.1,31.9,38.2,266.11,436.61,22,0,3.99,595.13,36.87,66.47,19,4,1,6,1,-0.9659258262890684,0.2588190451025203,0.7058715706786811,-0.7083398377245287,702.72,91.38101430429128,28.688100000000002,12.185799999999999,0.37868567850637525,552.14,110.25,490.6233333333333,641.7766666666668,True,False,False,False,False,False,False,False,False,False
2026-01-05 05:00:00,7.35,327.4,22.6,60.7,98.66,1057.89,-7,0,3.69,488.96,107.76,-33.87,5,5,1,0,0,0.9659258262890683,0.25881904510252074,-0.5387707850068634,0.8424523970071474,1156.5500000000002,147.33121019108285,27.121499999999997,13.718200000000001,0.08530543426570401,595.13,36.87,534.5266666666666,518.38,True,False,False,False,False,False,False,False,False,False
2026-01-05 14:00:00,5.06,181.0,14.0,58.4,267.82,617.27,-22,0,0.25,588.92,79.35,-17.2,14,5,1,0,0,-0.4999999999999997,-0.8660254037844388,-0.017452406437283637,-0.9998476951563913,885.0899999999999,159.1888489208633,1.265,8.176,0.30259069699126645,488.96,107.76,545.41,775.07,True,False,False,False,False,False,False,False,False,False
2026-01-05 18:00:00,5.48,347.2,19.1,38.2,70.47,245.84,15,0,1.99,730.72,42.5,94.8,18,5,1,0,0,-1.0,-1.8369701987210297e-16,-0.22154849761946785,0.9751493543055632,316.31,52.89464882943143,10.9052,7.296200000000002,0.22278777148999399,588.92,79.35,557.67,914.7866666666667,True,False,False,False,False,False,False,False,False,False
2026-01-06 04:00:00,10.03,226.7,29.7,32.6,458.72,133.21,-15,0,1.9,548.46,42.88,92.18,4,6,1,1,0,0.8660254037844386,0.5000000000000001,-0.7277727576572103,-0.6858183529273764,591.9300000000001,56.213675213675224,19.057,9.6822,0.7749564982345886,730.72,42.5,602.8666666666667,785.9833333333335,True,False,False,False,False,False,False,False,False,False
2026-01-07 00:00:00,1.49,130.2,14.7,55.4,271.11,281.22,19,0,3.29,572.9,83.74,-32.24,0,7,1,2,0,0.0,1.0,0.7637960286346424,-0.6454576877239504,552.33,277.5527638190955,4.9021,8.1438,0.4908478626907827,548.46,42.88,622.6999999999999,597.7766666666666,True,False,False,False,False,False,False,False,False,False
2026-01-07 01:00:00,9.87,192.5,24.3,47.0,442.61,146.37,25,0,2.85,526.23,40.45,59.72,1,7,1,2,0,0.25881904510252074,0.9659258262890683,-0.21643961393810293,-0.9762960071199334,588.98,56.79652844744456,28.1295,11.421000000000001,0.7514856192060851,572.9,83.74,617.36,486.85666666666674,True,False,False,False,False,False,False,False,False,False
2026-01-07 12:00:00,5.59,150.3,33.6,67.3,106.95,113.52,-27,0,4.21,458.74,63.46,83.74,12,7,1,2,0,1.2246467991473532e-16,-1.0,0.4954586684324074,-0.8686315144381913,220.47,36.20197044334975,23.5339,22.612800000000004,0.48510001360729355,526.23,40.45,549.1966666666667,577.7466666666668,True,False,False,False,False,False,False,False,False,False
2026-01-07 20:00:00,10.0,115.2,27.7,58.5,284.45,445.67,-21,0,0.56,421.41,45.57,-21.27,20,7,1,2,0,-0.8660254037844386,0.5000000000000001,0.9048270524660195,-0.4257792915650727,730.12,69.5352380952381,5.6000000000000005,16.2045,0.3895934914808524,458.74,63.46,519.29,453.9266666666667,True,False,False,False,False,False,False,False,False,False
2026-01-07 21:00:00,7.76,182.2,33.5,32.9,269.42,1170.88,-19,0,2.43,531.05,58.32,0.03,21,7,1,2,0,-0.7071067811865477,0.7071067811865474,-0.038387809087519646,-0.9992629164106213,1440.3000000000002,174.37046004842617,18.8568,11.021499999999998,0.18705825175310697,421.41,45.57,468.79333333333335,513.19,True,False,False,False,False,False,False,False,False,False
2026-01-08 03:00:00,7.46,274.5,29.0,38.1,82.56,232.0,-7,0,2.02,417.58,82.34,39.79,3,8,1,3,0,0.7071067811865475,0.7071067811865476,-0.996917333733128,0.07845909572784521,314.56,39.517587939698494,15.0692,11.049000000000001,0.2624618514750763,531.05,58.32,470.40000000000003,796.9633333333335,True,False,False,False,False,False,False,False,False,False
2026-01-08 05:00:00,7.69,3.1,33.6,34.2,219.63,492.48,-22,1,0.83,717.2,13.14,99.88,5,8,1,3,0,0.9659258262890683,0.25881904510252074,0.05407881298477529,0.9985366703262117,712.11,86.94871794871794,6.3827,11.491200000000001,0.30842145174200614,417.58,82.34,456.68,828.3266666666668,True,False,False,False,False,False,False,False,False,False
2026-01-08 07:00:00,2.63,211.2,31.9,70.4,335.2,933.94,-7,0,1.02,554.1,52.21,48.54,7,8,1,3,0,0.9659258262890683,-0.25881904510252063,-0.51802700937313,-0.8553642601605068,1269.14,405.4760383386582,2.6826,22.457600000000003,0.26411585798257087,717.2,13.14,555.2766666666666,822.3233333333334,True,False,False,False,False,False,False,False,False,False
2026-01-08 08:00:00,1.19,163.9,27.6,62.9,446.06,1101.67,-5,0,2.08,726.16,92.47,76.77,8,8,1,3,0,0.8660254037844387,-0.4999999999999998,0.27731465330237776,-0.9607791541575942,1547.73,915.8165680473373,2.4752,17.3604,0.2882027226971112,554.1,52.21,562.96,765.2700000000001,True,False,False,False,False,False,False,False,False,False
2026-01-08 14:00:00,1.42,263.6,22.3,57.2,418.34,189.41,5,1,2.01,733.48,103.06,45.95,14,8,1,3,0,-0.4999999999999997,-0.8660254037844388,-0.9937679191605965,-0.11146893220632492,607.75,316.53645833333337,2.8541999999999996,12.755600000000001,0.6883422459893048,726.16,92.47,665.82,1176.3266666666668,True,False,False,False,False,False,False,False,False,False
2026-01-08 15:00:00,5.58,83.9,24.5,66.8,214.81,122.93,29,0,0.19,599.88,32.7,-13.47,15,8,1,3,0,-0.7071067811865471,-0.7071067811865479,0.9943379441332046,0.10626407133623308,337.74,55.54934210526316,1.0602,16.366,0.6360217919109374,733.48,103.06,671.2466666666667,1141.54,True,False,False,False,False,False,False,False,False,False
2026-01-09 01:00:00,10.15,240.9,20.1,51.6,280.88,569.34,-26,1,1.46,549.43,102.72,82.76,1,9,1,4,0,0.25881904510252074,0.9659258262890683,-0.8737722230354654,-0.48633538042349017,850.22,79.83286384976526,14.819,10.3716,0.3303615534802757,599.88,32.7,686.5066666666667,831.0733333333333,True,False,False,False,False,False,False,False,False,False
2026-01-09 09:00:00,6.92,174.9,18.1,74.8,137.37,222.21,-7,0,2.31,670.99,95.45,-18.75,9,9,1,4,0,0.7071067811865476,-0.7071067811865475,0.08889429686644143,-0.9960410654107695,359.58000000000004,48.46091644204852,15.9852,13.538800000000002,0.38202903387285164,549.43,102.72,627.5966666666667,598.57,True,False,False,False,False,False,False,False,False,False
2026-01-09 23:00:00,1.96,191.9,16.2,91.3,271.32,233.78,10,0,0.81,477.51,41.17,83.22,23,9,1,4,0,-0.25881904510252157,0.9659258262890681,-0.20620418539662946,-0.9785089851017784,505.1,205.32520325203254,1.5876000000000001,14.7906,0.5371609582260938,670.99,95.45,606.7666666666667,515.8466666666667,True,False,False,False,False,False,False,False,False,False
2026-01-10 04:00:00,11.88,35.7,19.1,69.4,487.84,871.9,24,1,1.45,493.85,40.14,-28.43,4,10,1,5,1,0.8660254037844386,0.5000000000000001,0.5835412113561176,0.8120835268918062,1359.74,109.83360258481422,17.226,13.255400000000002,0.3587744715901569,477.51,41.17,565.9766666666667,571.6333333333333,True,False,False,False,False,False,False,False,False,False
2026-01-10 15:00:00,6.13,30.3,23.6,61.4,421.55,1188.1,18,0,0.06,710.0,36.18,97.74,15,10,1,5,1,-0.7071067811865471,-0.7071067811865479,0.5045276238150193,0.8633955506067716,1609.6499999999999,242.78280542986423,0.36779999999999996,14.4904,0.261889230578076,493.85,40.14,547.4499999999999,741.4733333333334,True,False,False,False,False,False,False,False,False,False
2026-01-10 17:00:00,0.78,239.9,14.5,83.9,87.0,1197.56,17,0,3.49,473.21,59.1,29.3,17,10,1,5,1,-0.9659258262890683,-0.25881904510252063,-0.8651514205697043,-0.5015107371594577,1284.56,1003.5624999999999,2.7222000000000004,12.165500000000002,0.06772747088497229,710.0,36.18,560.4533333333334,1158.1633333333332,True,False,False,False,False,False,False,False,False,False
2026-01-11 06:00:00,8.29,28.3,17.2,55.6,118.74,858.83,29,1,2.98,663.04,115.22,12.09,6,11,1,6,1,1.0,6.123233995736766e-17,0.4740882090471163,0.880477353509162,977.57,111.21387940841868,24.704199999999997,9.5632,0.12146444755874258,473.21,59.1,559.02,1417.9833333333333,True,False,False,False,False,False,False,False,False,False
2026-01-11 09:00:00,11.11,355.7,15.3,73.4,262.37,278.89,-10,0,3.27,705.35,26.35,-22.68,9,11,1,6,1,0.7071067811865476,-0.7071067811865475,-0.07497872682632771,0.9971851335251157,541.26,46.62015503875969,36.329699999999995,11.230200000000002,0.48473931197576026,663.04,115.22,615.4166666666666,1290.5933333333332,True,False,False,False,False,False,False,False,False,False
2026-01-12 02:00:00,5.33,52.8,23.4,47.8,378.01,1192.71,-20,0,2.37,432.53,89.83,5.8,2,12,1,0,0,0.49999999999999994,0.8660254037844387,0.7965299180241963,0.6045991148623749,1570.72,269.4202401372213,12.632100000000001,11.185199999999998,0.24066033411429152,705.35,26.35,613.8666666666667,934.4633333333335,True,False,False,False,False,False,False,False,False,False
2026-01-12 04:00:00,10.08,284.4,16.7,30.3,425.74,154.22,-5,0,2.85,459.0,114.9,66.03,4,12,1,0,0,0.8660254037844386,0.5000000000000001,-0.9685831611286313,0.24868988716485407,579.96,54.81663516068053,28.728,5.0601,0.734085109317884,432.53,89.83,600.3066666666667,1029.8500000000001,True,False,False,False,False,False,False,False,False,False
2026-01-12 11:00:00,6.81,291.9,16.4,85.5,285.8,1105.2,-28,1,3.52,472.29,91.84,50.47,11,12,1,0,0,0.258819045102521,-0.9659258262890682,-0.9278362538989203,0.3729877825758081,1391.0,190.2872777017784,23.9712,14.021999999999998,0.20546369518332136,459.0,114.9,532.2933333333334,897.3133333333332,True,False,False,False,False,False,False,False,False,False
2026-01-12 12:00:00,5.13,144.1,22.0,47.2,277.28,1164.59,28,0,3.39,540.1,44.03,11.13,12,12,1,0,0,1.2246467991473532e-16,-1.0,0.5863723567357895,-0.8100416404457959,1441.87,256.1047957371225,17.3907,10.384,0.19230582507438257,472.29,91.84,454.6066666666666,1180.5600000000002,True,False,False,False,False,False,False,False,False,False
2026-01-13 00:00:00,2.9,289.8,31.8,47.9,412.67,525.87,11,0,4.93,469.33,67.5,-11.83,0,13,1,1,0,0.0,1.0,-0.9408807689542253,0.33873792024529187,938.54,276.04117647058825,14.296999999999999,15.2322,0.43969356660344794,540.1,44.03,490.46333333333337,1137.61,True,False,False,False,False,False,False,False,False,False
2026-01-13 01:00:00,4.59,306.0,22.8,35.2,109.5,784.85,-14,1,3.27,476.33,94.91,79.25,1,13,1,1,0,0.25881904510252074,0.9659258262890683,-0.8090169943749476,0.5877852522924729,894.35,175.7072691552063,15.0093,8.0256,0.12243528819813272,469.33,67.5,493.9066666666667,1257.1366666666665,True,False,False,False,False,False,False,False,False,False
2026-01-13 06:00:00,7.33,193.5,31.8,71.8,269.26,614.66,-18,1,4.42,574.68,13.45,39.07,6,13,1,1,0,1.0,6.123233995736766e-17,-0.23344536385590528,-0.9723699203976767,883.92,112.88888888888889,32.3986,22.832399999999996,0.30462032763145985,476.33,94.91,495.2533333333334,1091.5866666666666,True,False,False,False,False,False,False,False,False,False
2026-01-13 07:00:00,7.12,207.3,21.2,51.6,209.95,402.54,25,0,3.33,628.37,44.68,88.04,7,13,1,1,0,0.9659258262890683,-0.25881904510252063,-0.45864955448431494,-0.8886172326549489,612.49,80.37926509186352,23.709600000000002,10.939200000000001,0.3427811066303123,574.68,13.45,506.78,905.6033333333331,True,False,False,False,False,False,False,False,False,False
2026-01-13 14:00:00,0.79,204.1,20.5,54.4,54.48,403.25,3,0,0.42,468.78,47.25,-15.47,14,13,1,1,0,-0.4999999999999997,-0.8660254037844388,-0.4083304603813848,-0.9128341772330428,457.73,354.82945736434107,0.3318,11.152000000000001,0.11902213095056036,628.37,44.68,559.7933333333334,796.92,True,False,False,False,False,False,False,False,False,False
2026-01-13 17:00:00,6.98,296.2,30.2,68.2,194.83,1141.47,7,1,3.59,605.3,114.79,-25.02,17,13,1,1,0,-0.9659258262890683,-0.25881904510252063,-0.8972583696743285,0.44150585279174503,1336.3,178.64973262032083,25.0582,20.5964,0.14579809922921502,468.78,47.25,557.2766666666666,651.38,True,False,False,False,False,False,False,False,False,False
2026-01-13 21:00:00,9.66,179.6,24.2,61.0,111.98,141.56,-23,0,1.16,463.72,59.63,-33.62,21,13,1,1,0,-0.7071067811865477,0.7071067811865474,0.006981260297961684,-0.9999756307053947,253.54000000000002,24.954724409448822,11.205599999999999,14.762,0.44166600930819594,605.3,114.79,567.4833333333332,802.1733333333332,True,False,False,False,False,False,False,False,False,False
2026-01-14 14:00:00,2.51,289.3,30.9,48.6,104.71,1155.82,-4,0,3.45,470.02,19.77,-16.39,14,14,1,2,0,-0.4999999999999997,-0.8660254037844388,-0.9438009515832294,0.3305143927132232,1260.53,418.78073089700996,8.6595,15.0174,0.08306823320349377,463.72,59.63,512.6,682.5233333333332,True,False,False,False,False,False,False,False,False,False
2026-01-14 16:00:00,1.55,352.4,10.6,35.5,197.14,1074.52,22,0,3.07,492.75,23.95,86.96,16,14,1,2,0,-0.8660254037844384,-0.5000000000000004,-0.1322563902571233,0.9912155402515416,1271.6599999999999,620.3219512195121,4.7585,3.763,0.1550257144205212,470.02,19.77,513.0133333333333,950.1233333333333,True,False,False,False,False,False,False,False,False,False
2026-01-15 08:00:00,7.08,259.2,26.0,94.8,451.45,592.68,6,0,1.72,728.85,73.17,25.46,8,15,1,3,0,0.8660254037844387,-0.4999999999999998,-0.9822872507286887,-0.18738131458572463,1044.1299999999999,137.74802110817942,12.1776,24.647999999999996,0.43236953252947435,492.75,23.95,475.49666666666667,928.5766666666665,True,False,False,False,False,False,False,False,False,False
2026-01-15 23:00:00,3.76,57.9,34.7,46.7,395.28,598.63,14,1,2.93,632.57,50.77,3.42,23,15,1,3,0,-0.25881904510252157,0.9659258262890681,0.8471219213821372,0.5313985795180829,993.91,233.31220657276995,11.0168,16.204900000000002,0.3977020052117395,728.85,73.17,563.8733333333333,1192.1066666666666,True,False,False,False,False,False,False,False,False,False
2026-01-16 05:00:00,9.68,337.0,27.6,63.6,121.68,275.93,10,0,1.23,651.28,89.59,50.18,5,16,1,4,0,0.9659258262890683,0.25881904510252074,-0.3907311284892739,0.9205048534524403,397.61,39.057956777996075,11.9064,17.553600000000003,0.30602852040944645,632.57,50.77,618.0566666666667,1103.2333333333333,True,False,False,False,False,False,False,False,False,False
2026-01-16 20:00:00,3.16,85.8,22.5,62.8,70.96,1123.62,3,0,1.39,598.77,109.07,-28.14,20,16,1,4,0,-0.8660254037844386,0.5000000000000001,0.9973144772244581,0.07323819712763185,1194.58,326.38797814207646,4.3924,14.13,0.059401630698655596,651.28,89.59,670.9,811.8833333333332,True,False,False,False,False,False,False,False,False,False
2026-01-17 08:00:00,5.22,116.3,24.5,81.0,489.42,308.29,17,0,4.68,414.98,69.2,-21.38,8,17,1,5,1,0.8660254037844387,-0.4999999999999998,0.8964864303834406,-0.4430711908241795,797.71,139.4597902097902,24.429599999999997,19.845,0.6135312331549059,598.77,109.07,627.54,862.0333333333332,True,False,False,False,False,False,False,False,False,False
2026-01-17 11:00:00,7.92,128.4,27.6,43.3,420.68,940.64,22,0,3.99,511.21,116.29,67.24,11,17,1,5,1,0.258819045102521,-0.9659258262890682,0.7836934573258398,-0.6211477802783103,1361.32,161.6769596199525,31.600800000000003,11.9508,0.3090235947462757,414.98,69.2,555.01,796.6333333333332,True,False,False,False,False,False,False,False,False,False
2026-01-17 17:00:00,11.6,164.8,26.9,39.0,194.78,417.81,7,0,0.24,656.42,29.67,-31.05,17,17,1,5,1,-0.9659258262890683,-0.25881904510252063,0.2621891786408648,-0.9650164944723114,612.59,50.62727272727273,2.784,10.491,0.31796144240030033,511.21,116.29,508.32,1117.87,True,False,False,False,False,False,False,False,False,False
2026-01-18 05:00:00,3.17,306.9,10.3,35.6,324.31,1060.34,10,1,3.99,493.7,75.49,92.2,5,18,1,6,1,0.9659258262890683,0.25881904510252074,-0.7996846584870907,0.6004202253258838,1384.6499999999999,377.28882833787463,12.6483,3.6668000000000007,0.23421803343805297,656.42,29.67,527.5366666666666,923.8733333333333,True,False,False,False,False,False,False,False,False,False
2026-01-18 13:00:00,10.82,64.3,26.8,48.9,143.49,1032.32,5,1,0.82,652.48,39.47,-3.12,13,18,1,6,1,-0.2588190451025208,-0.9659258262890683,0.9010770213220916,0.43365908458754443,1175.81,103.87014134275617,8.872399999999999,13.1052,0.12203502266522653,493.7,75.49,553.7766666666666,1119.5199999999998,True,False,False,False,False,False,False,False,False,False
2026-01-19 03:00:00,10.38,241.9,21.0,86.0,127.76,936.0,29,0,3.13,640.51,64.37,92.9,3,19,1,0,0,0.7071067811865475,0.7071067811865476,-0.8821268660176679,-0.4710118812194099,1063.76,97.7720588235294,32.4894,18.06,0.12010227870948335,652.48,39.47,600.8666666666667,1057.6833333333332,True,False,False,False,False,False,False,False,False,False
2026-01-19 10:00:00,4.31,183.5,32.2,57.0,427.17,396.29,-30,0,4.78,615.02,57.39,-0.48,10,19,1,0,0,0.49999999999999994,-0.8660254037844387,-0.06104853953485694,-0.9981347984218669,823.46,171.19750519750522,20.6018,18.354,0.5187501517985087,640.51,64.37,595.5633333333334,1208.073333333333,True,False,False,False,False,False,False,False,False,False
2026-01-19 15:00:00,4.09,272.3,25.1,78.5,384.11,399.78,26,0,1.64,449.4,69.74,68.57,15,19,1,0,0,-0.7071067811865471,-0.7071067811865479,-0.999194395114446,0.04013179253255971,783.89,170.78213507625273,6.707599999999999,19.703500000000002,0.49000497518784525,615.02,57.39,636.0033333333333,1021.0099999999999,True,False,False,False,False,False,False,False,False,False
2026-01-19 16:00:00,9.73,194.3,18.1,63.9,148.95,401.59,22,0,0.13,535.54,72.25,-29.5,16,19,1,0,0,-0.8660254037844384,-0.5000000000000004,-0.24699901272274324,-0.9690157314068695,550.54,53.816226783968716,1.2649000000000001,11.565900000000001,0.27055254840701853,449.4,69.74,568.31,890.3699999999999,True,False,False,False,False,False,False,False,False,False
2026-01-19 20:00:00,4.28,147.8,18.2,73.0,249.78,939.14,-5,0,3.1,625.6,43.86,14.96,20,19,1,0,0,-0.8660254037844386,0.5000000000000001,0.5328762760707298,-0.8461931661275641,1188.92,248.72803347280336,13.268,13.286,0.21008982942502438,535.54,72.25,533.32,719.2966666666666,True,False,False,False,False,False,False,False,False,False
2026-01-19 21:00:00,8.12,335.9,25.6,51.0,389.79,768.77,10,0,0.19,448.1,109.03,16.72,21,19,1,0,0,-0.7071067811865477,0.7071067811865474,-0.40833046038138554,0.9128341772330425,1158.56,134.40371229698377,1.5428,13.056000000000001,0.336443516088938,625.6,43.86,536.8466666666667,841.1166666666667,True,False,False,False,False,False,False,False,False,False
2026-01-20 05:00:00,9.03,60.5,27.2,56.7,83.37,813.35,28,0,4.95,424.62,99.86,20.0,5,20,1,1,0,0.9659258262890683,0.25881904510252074,0.8703556959398997,0.4924235601034671,896.72,94.09443861490033,44.698499999999996,15.4224,0.09297216522437328,448.1,109.03,536.4133333333333,966.0066666666667,True,False,False,False,False,False,False,False,False,False
2026-01-21 06:00:00,4.67,19.0,29.2,47.6,459.0,501.56,2,1,1.02,678.61,63.3,87.85,6,21,1,2,0,1.0,6.123233995736766e-17,0.3255681544571567,0.9455185755993168,960.56,185.79497098646033,4.7634,13.8992,0.47784625635046224,424.62,99.86,499.44,1081.3999999999999,True,False,False,False,False,False,False,False,False,False
2026-01-21 10:00:00,5.19,184.3,22.9,47.8,56.29,830.81,19,1,0.4,746.55,15.44,-1.79,10,21,1,2,0,0.49999999999999994,-0.8660254037844387,-0.0749787268263278,-0.9971851335251157,887.0999999999999,155.9050966608084,2.076,10.9462,0.06345395107654155,678.61,63.3,517.11,1005.2800000000001,True,False,False,False,False,False,False,False,False,False
2026-01-21 15:00:00,7.76,114.8,11.3,30.4,178.38,216.36,4,1,0.95,448.76,94.28,82.23,15,21,1,2,0,-0.7071067811865471,-0.7071067811865479,0.9077774785329086,-0.4194520824461772,394.74,47.789346246973366,7.372,3.4352,0.4518923848609211,746.55,15.44,616.5933333333334,914.7933333333334,True,False,False,False,False,False,False,False,False,False
2026-01-21 21:00:00,5.02,289.0,29.2,76.9,184.03,885.53,-25,0,3.0,744.23,52.57,53.35,21,21,1,2,0,-0.7071067811865477,0.7071067811865474,-0.945518575599317,0.3255681544571563,1069.56,193.7608695652174,15.059999999999999,22.4548,0.17206140842963463,448.76,94.28,624.64,747.4666666666666,True,False,False,False,False,False,False,False,False,False
2026-01-21 22:00:00,2.1,283.7,28.7,77.4,255.16,873.14,1,1,1.19,471.9,118.74,-46.94,22,21,1,2,0,-0.5000000000000004,0.8660254037844384,-0.9715491199976461,0.23683814606561873,1128.3,433.96153846153845,2.499,22.213800000000003,0.22614552867145263,744.23,52.57,646.5133333333333,783.7999999999998,True,False,False,False,False,False,False,False,False,False
2026-01-22 03:00:00,4.61,231.4,32.0,31.0,80.76,356.73,-13,1,4.6,447.48,36.81,49.83,3,22,1,3,0,0.7071067811865475,0.7071067811865476,-0.7815204724188187,-0.6238795967093862,437.49,85.61448140900195,21.206,9.92,0.1845985051086882,471.9,118.74,554.9633333333334,864.1999999999999,True,False,False,False,False,False,False,False,False,False
2026-01-23 11:00:00,5.31,132.0,28.7,47.3,449.52,633.78,-17,1,0.41,584.78,44.25,47.5,11,23,1,4,0,0.258819045102521,-0.9659258262890682,0.7431448254773942,-0.6691306063588582,1083.3,186.45438898450948,2.1771,13.575099999999999,0.4149543062863473,447.48,36.81,554.5366666666667,878.4499999999998,True,False,False,False,False,False,False,False,False,False
2026-01-24 01:00:00,4.51,234.3,15.2,36.5,268.88,1088.05,-20,1,0.53,644.89,91.08,-24.3,1,24,1,5,1,0.25881904510252074,0.9659258262890683,-0.8120835268918065,-0.5835412113561171,1356.9299999999998,270.8443113772455,2.3903,5.547999999999999,0.19815318402570511,584.78,44.25,501.3866666666666,883.0300000000001,True,False,False,False,False,False,False,False,False,False
2026-01-24 04:00:00,8.77,331.1,25.1,51.8,124.43,213.12,29,0,0.04,643.28,31.34,76.01,4,24,1,5,1,0.8660254037844386,0.5000000000000001,-0.48328238325500233,0.8754645270000179,337.55,36.413160733549084,0.3508,13.001800000000001,0.3686268700933195,644.89,91.08,559.05,959.2399999999999,True,False,False,False,False,False,False,False,False,False
2026-01-25 00:00:00,6.06,43.4,25.3,59.5,71.54,1179.9,19,1,3.68,431.1,101.94,-49.79,0,25,1,6,1,0.0,1.0,0.687087510804423,0.7265746709709759,1251.44,190.76829268292684,22.3008,15.053500000000001,0.05716614460141917,643.28,31.34,624.3166666666667,925.9266666666666,True,False,False,False,False,False,False,False,False,False
2026-01-25 03:00:00,3.36,350.9,27.8,71.2,152.09,209.74,-28,1,3.48,424.54,114.09,-44.53,3,25,1,6,1,0.7071067811865475,0.7071067811865476,-0.15815806725448367,0.9874138067509114,361.83000000000004,93.73834196891193,11.6928,19.7936,0.4203355166791034,431.1,101.94,573.09,981.9733333333334,True,False,False,False,False,False,False,False,False,False
2026-01-25 06:00:00,10.36,353.3,17.1,49.3,314.4,143.33,13,0,4.98,529.01,10.84,52.58,6,25,1,6,1,1.0,6.123233995736766e-17,-0.11667073709933325,0.993170649538486,457.73,42.14825046040516,51.592800000000004,8.430299999999999,0.6868678041640267,424.54,114.09,499.64000000000004,650.2733333333334,True,False,False,False,False,False,False,False,False,False
2026-01-25 22:00:00,6.89,274.4,32.0,76.9,462.64,335.32,-6,0,3.14,707.52,82.17,16.21,22,25,1,6,1,-0.5000000000000004,0.8660254037844384,-0.9970527522269202,0.07671902812681812,797.96,107.97834912043302,21.6346,24.608,0.5797784350092736,529.01,10.84,461.55,690.3333333333334,True,False,False,False,False,False,False,False,False,False
2026-01-25 23:00:00,3.85,256.9,10.3,35.7,368.04,559.64,18,1,4.67,414.24,66.7,-6.1,23,25,1,6,1,-0.25881904510252157,0.9659258262890681,-0.9739759672790516,-0.22665130743685521,927.6800000000001,213.25977011494257,17.9795,3.6771000000000003,0.39673163159710245,707.52,82.17,553.69,539.1733333333333,True,False,False,False,False,False,False,False,False,False
2026-01-26 22:00:00,1.4,135.4,28.0,46.4,181.07,655.63,23,1,4.76,705.2,28.64,61.31,22,26,1,0,0,-0.5000000000000004,0.8660254037844384,0.7021530529951625,-0.7120260459909964,836.7,440.3684210526316,6.664,12.992,0.2164097047926377,414.24,66.7,550.2566666666667,727.7900000000001,True,False,False,False,False,False,False,False,False,False
2026-01-27 00:00:00,3.34,189.3,16.4,40.7,399.38,289.64,13,1,4.34,700.36,108.68,65.64,0,27,1,1,0,0.0,1.0,-0.16160382110336113,-0.9868557164068072,689.02,179.43229166666666,14.4956,6.6748,0.5796348436910395,705.2,28.64,608.9866666666667,854.1133333333333,True,False,False,False,False,False,False,False,False,False
2026-01-27 16:00:00,6.76,29.3,21.3,41.9,363.86,321.07,-12,1,3.89,745.19,35.43,8.71,16,27,1,1,0,-0.8660254037844384,-0.5000000000000004,0.48938245174884626,0.8720692724321206,684.9300000000001,94.34297520661158,26.2964,8.9247,0.5312367687208912,700.36,108.68,606.6,817.8000000000001,True,False,False,False,False,False,False,False,False,False
2026-01-27 18:00:00,8.45,342.3,33.6,79.1,61.53,962.07,-5,0,3.5,621.4,119.47,69.67,18,27,1,1,0,-1.0,-1.8369701987210297e-16,-0.30403306092549,0.9526614812535864,1023.6,114.36871508379889,29.574999999999996,26.577599999999997,0.06011137162954279,745.19,35.43,716.9166666666666,736.8833333333333,True,False,False,False,False,False,False,False,False,False
2026-01-27 20:00:00,4.07,168.0,24.0,52.0,433.33,1103.27,-27,0,0.31,657.08,54.95,90.41,20,27,1,1,0,-0.8660254037844386,0.5000000000000001,0.20791169081775931,-0.9781476007338057,1536.6,336.23632385120345,1.2617,12.48,0.2820057269295848,621.4,119.47,688.9833333333335,799.1833333333334,True,False,False,False,False,False,False,False,False,False
2026-01-28 01:00:00,2.29,183.1,31.9,76.6,164.94,1152.22,7,1,4.65,482.88,92.05,-1.78,1,28,1,2,0,0.25881904510252074,0.9659258262890683,-0.054078812984775355,-0.9985366703262117,1317.16,472.1003584229391,10.6485,24.435399999999994,0.12522396671626831,657.08,54.95,674.5566666666667,1081.71,True,False,False,False,False,False,False,False,False,False
2026-01-28 02:00:00,6.79,87.5,14.0,55.1,278.01,476.86,17,0,1.25,477.37,65.02,-11.46,2,28,1,2,0,0.49999999999999994,0.8660254037844387,0.9990482215818578,0.04361938736533601,754.87,103.54869684499315,8.4875,7.7139999999999995,0.3682885794905083,482.88,92.05,587.12,1292.4533333333331,True,False,False,False,False,False,False,False,False,False
2026-01-28 06:00:00,0.96,165.9,19.6,50.2,342.9,972.55,8,1,0.07,726.29,100.58,-8.63,6,28,1,2,0,1.0,6.123233995736766e-17,0.24361501178602243,-0.9698720152847468,1315.4499999999998,900.9931506849314,0.06720000000000001,9.8392,0.2606712531833213,477.37,65.02,539.11,1202.8766666666668,True,False,False,False,False,False,False,False,False,False
2026-01-28 10:00:00,4.55,234.3,11.7,84.8,440.88,475.32,5,0,2.77,645.21,108.66,-38.01,10,28,1,2,0,0.49999999999999994,-0.8660254037844387,-0.8120835268918065,-0.5835412113561171,916.2,181.42574257425744,12.6035,9.921599999999998,0.4812049770792403,726.29,100.58,562.18,1129.16,True,False,False,False,False,False,False,False,False,False
2026-01-28 23:00:00,2.71,348.6,20.5,81.2,300.56,332.73,-1,0,2.11,700.03,52.17,81.4,23,28,1,2,0,-0.25881904510252157,0.9659258262890681,-0.19765734037912558,0.980271174621722,633.29,197.2866043613707,5.7181,16.646,0.4746008937453616,645.21,108.66,616.29,995.5066666666665,True,False,False,False,False,False,False,False,False,False
2026-01-29 02:00:00,11.05,340.2,13.4,85.5,416.33,259.82,-13,0,1.74,452.14,80.7,81.84,2,29,1,3,0,0.49999999999999994,0.8660254037844387,-0.3387379202452914,0.9408807689542255,676.15,58.54112554112554,19.227,11.457,0.6157361532204393,700.03,52.17,690.5100000000001,954.9799999999999,True,False,False,False,False,False,False,False,False,False
2026-01-29 05:00:00,9.8,167.7,15.0,84.0,202.79,471.06,-10,1,0.67,450.29,117.98,64.81,5,29,1,3,0,0.9659258262890683,0.25881904510252074,0.21303038627497667,-0.9770455744352636,673.85,65.42233009708738,6.566000000000001,12.6,0.300942346219485,452.14,80.7,599.1266666666667,741.88,True,False,False,False,False,False,False,False,False,False
2026-01-29 06:00:00,1.29,86.5,10.2,57.3,98.67,796.42,-9,1,4.25,416.09,64.23,-37.77,6,29,1,3,0,1.0,6.123233995736766e-17,0.9981347984218669,0.06104853953485691,895.0899999999999,500.0502793296089,5.4825,5.844599999999999,0.11023472499972072,450.29,117.98,534.1533333333333,661.0966666666667,True,False,False,False,False,False,False,False,False,False
2026-01-29 18:00:00,3.95,75.4,23.4,34.9,459.6,1102.93,-1,0,2.16,540.19,15.73,61.2,18,29,1,3,0,-1.0,-1.8369701987210297e-16,0.9677091704819712,0.2520693582431136,1562.5300000000002,351.13033707865173,8.532000000000002,8.166599999999999,0.29413835254363113,416.09,64.23,439.50666666666666,748.3633333333333,True,False,False,False,False,False,False,False,False,False
2026-01-29 22:00:00,4.67,348.4,26.2,87.0,95.1,680.03,6,1,1.63,433.76,75.49,-31.56,22,29,1,3,0,-0.5000000000000004,0.8660254037844384,-0.20107792114596473,0.9795752495993441,775.13,149.9284332688588,7.612099999999999,22.794,0.12268909731270883,540.19,15.73,468.85666666666674,1043.8233333333335,True,False,False,False,False,False,False,False,False,False
2026-01-30 16:00:00,2.19,179.3,27.7,30.6,79.78,760.14,24,0,0.9,736.26,61.31,-13.53,16,30,1,4,0,-0.8660254037844384,-0.5000000000000004,0.012217000835246974,-0.999925369660452,839.92,312.2379182156134,1.971,8.4762,0.0949852366892085,433.76,75.49,463.34666666666675,1077.5833333333333,True,False,False,False,False,False,False,False,False,False
2026-01-30 21:00:00,6.06,317.7,15.5,49.1,314.94,680.86,-12,1,3.43,734.21,92.83,49.08,21,30,1,4,0,-0.7071067811865477,0.7071067811865474,-0.6730125135097736,0.7396310949786093,995.8,151.7987804878049,20.7858,7.610500000000001,0.3162683269732878,736.26,61.31,570.07,1059.1933333333334,True,False,False,False,False,False,False,False,False,False
2026-01-31 02:00:00,11.61,118.5,13.3,45.1,263.21,147.92,-11,1,1.74,443.13,67.65,-2.79,2,31,1,5,1,0.49999999999999994,0.8660254037844387,0.8788171126619654,-0.47715876025960846,411.13,33.94962840627581,20.2014,5.9983,0.6402111254347773,734.21,92.83,634.7433333333333,870.2833333333333,True,False,False,False,False,False,False,False,False,False
2026-01-31 04:00:00,9.03,184.4,19.9,42.9,428.97,1168.18,-10,0,1.37,406.2,90.49,60.76,4,31,1,5,1,0.8660254037844386,0.5000000000000001,-0.07671902812681863,-0.9970527522269202,1597.15,167.591815320042,12.3711,8.537099999999999,0.26858466643709106,443.13,67.65,637.8666666666667,748.9499999999999,True,False,False,False,False,False,False,False,False,False
2026-02-01 12:00:00,4.43,96.8,19.1,41.1,330.04,1016.13,-29,1,2.16,446.17,93.71,-49.31,12,1,2,6,1,1.2246467991473532e-16,-1.0,0.9929655081065369,-0.11840396830650082,1346.17,273.0567951318459,9.5688,7.850100000000001,0.2451696293930187,406.2,90.49,527.8466666666667,1001.36,True,False,False,False,False,False,False,False,False,False
2026-02-01 17:00:00,11.32,194.1,13.5,32.9,356.07,106.7,-7,0,4.69,461.61,75.79,-23.46,17,1,2,6,1,-0.9659258262890683,-0.25881904510252063,-0.24361501178602218,-0.9698720152847469,462.77,39.15143824027073,53.09080000000001,4.4415,0.7694318992155931,446.17,93.71,431.8333333333333,1118.15,True,False,False,False,False,False,False,False,False,False
2026-02-02 01:00:00,8.25,115.3,11.4,42.3,86.38,998.55,-13,0,3.53,648.13,52.12,28.38,1,2,2,0,0,0.25881904510252074,0.9659258262890683,0.9040825496607784,-0.4273578633871924,1084.9299999999998,123.99199999999998,29.1225,4.8222,0.07961803987354024,461.61,75.79,437.99333333333334,1135.3633333333335,True,False,False,False,False,False,False,False,False,False
2026-02-02 04:00:00,4.61,221.6,26.7,54.7,231.61,348.96,-11,0,4.81,620.28,97.24,-47.73,4,2,2,0,0,0.8660254037844386,0.5000000000000001,-0.6639262126522416,-0.7477980904985319,580.5699999999999,113.61448140900194,22.1741,14.6049,0.39893552887679357,648.13,52.12,518.6366666666667,964.6233333333333,True,False,False,False,False,False,False,False,False,False
2026-02-02 06:00:00,2.64,14.8,13.8,73.1,300.68,567.35,10,1,0.3,643.87,81.34,56.62,6,2,2,0,0,1.0,6.123233995736766e-17,0.25544575793579055,0.9668233886044594,868.03,276.44267515923565,0.792,10.0878,0.3463935578263424,620.28,97.24,576.6733333333334,709.4233333333332,True,False,False,False,False,False,False,False,False,False
2026-02-03 08:00:00,6.83,70.1,21.0,88.5,184.95,912.71,7,1,0.32,466.74,20.93,31.14,8,3,2,1,0,0.8660254037844387,-0.4999999999999998,0.9402881270104189,0.34037955021305033,1097.66,149.74897680763985,2.1856,18.585,0.1684947980248893,643.87,81.34,637.4266666666667,844.5099999999999,True,False,False,False,False,False,False,False,False,False
2026-02-03 13:00:00,9.35,257.3,31.0,53.6,355.28,972.19,7,0,4.66,615.22,35.41,10.65,13,3,2,1,0,-0.2588190451025208,-0.9659258262890683,-0.9755345439458567,-0.21984620435283725,1327.47,134.76852791878173,43.571,16.616,0.2676369334146911,466.74,20.93,576.9633333333333,848.7533333333334,True,False,False,False,False,False,False,False,False,False
2026-02-04 02:00:00,10.33,170.8,12.4,66.2,316.06,305.49,-15,1,4.02,653.8,56.37,-47.09,2,4,2,2,0,0.49999999999999994,0.8660254037844387,0.15988118769183476,-0.9871362650729879,621.55,57.391505078485686,41.526599999999995,8.208800000000002,0.5085029362078675,615.22,35.41,575.2766666666668,1097.72,True,False,False,False,False,False,False,False,False,False
2026-02-04 15:00:00,2.94,83.8,29.3,42.3,465.84,575.91,9,1,3.37,489.29,38.8,50.98,15,4,2,2,0,-0.7071067811865471,-0.7071067811865479,0.9941509639723154,0.10799935570602284,1041.75,302.8343023255814,9.9078,12.393899999999999,0.44717062634989196,653.8,56.37,578.5866666666667,1015.5600000000001,True,False,False,False,False,False,False,False,False,False
2026-02-05 15:00:00,11.11,218.5,34.3,68.6,398.89,198.17,-23,1,1.44,593.06,52.52,-12.51,15,5,2,3,0,-0.7071067811865471,-0.7071067811865479,-0.6225146366376194,-0.782608156852414,597.06,51.42635658914728,15.998399999999998,23.529799999999994,0.6680903091816568,489.29,38.8,586.1033333333334,996.9233333333333,True,False,False,False,False,False,False,False,False,False
2026-02-06 07:00:00,8.07,256.7,19.9,83.7,205.86,684.1,-5,0,1.85,472.11,57.51,30.08,7,6,2,4,0,0.9659258262890683,-0.25881904510252063,-0.9731788727770883,-0.23004973718810437,889.96,103.84597432905484,14.9295,16.656299999999998,0.2313137669108724,593.06,52.52,578.7166666666667,753.4533333333333,True,False,False,False,False,False,False,False,False,False
2026-02-06 09:00:00,3.68,19.1,15.9,62.8,471.72,801.13,-26,1,0.06,536.86,10.81,-19.56,9,6,2,4,0,0.7071067811865476,-0.7071067811865475,0.3272178989791039,0.9449489121575309,1272.85,304.50956937799043,0.2208,9.985199999999999,0.3706014062929647,472.11,57.51,518.1533333333333,842.9233333333333,True,False,False,False,False,False,False,False,False,False
2026-02-06 10:00:00,6.92,271.8,22.0,75.3,125.17,1069.46,-20,1,3.11,600.55,48.34,86.9,10,6,2,4,0,0.49999999999999994,-0.8660254037844387,-0.9995065603657315,0.03141075907812882,1194.63,161.00134770889488,21.5212,16.566,0.10477721135414311,536.86,10.81,534.0100000000001,919.9566666666666,True,False,False,False,False,False,False,False,False,False
2026-02-06 16:00:00,8.98,55.7,34.1,54.6,65.03,524.31,-16,0,0.89,619.19,41.43,-28.24,16,6,2,4,0,-0.8660254037844384,-0.5000000000000004,0.8260982944957639,0.5635260489375714,589.3399999999999,62.16666666666666,7.9922,18.6186,0.11034377439169242,600.55,48.34,536.5066666666668,1119.1466666666668,True,False,False,False,False,False,False,False,False,False
2026-02-07 04:00:00,7.56,331.2,25.2,76.7,233.7,138.4,-17,0,3.97,729.6,17.06,0.35,4,7,2,5,1,0.8660254037844386,0.5000000000000001,-0.4817536741017153,0.8763066800438636,372.1,46.166253101736984,30.0132,19.3284,0.6280569739317388,619.19,41.43,585.5333333333334,1018.9399999999999,True,False,False,False,False,False,False,False,False,False
2026-02-07 07:00:00,5.44,204.8,22.2,44.4,418.62,211.18,17,0,1.79,749.4,106.46,46.9,7,7,2,5,1,0.9659258262890683,-0.25881904510252063,-0.41945208244617715,-0.9077774785329087,629.8,106.02693602693601,9.7376,9.8568,0.6646872022864402,729.6,17.06,649.7800000000001,718.69,True,False,False,False,False,False,False,False,False,False
2026-02-07 13:00:00,6.31,147.7,26.5,82.3,226.41,389.93,17,1,0.9,542.68,99.46,68.25,13,7,2,5,1,-0.2588190451025208,-0.9659258262890683,0.5343523493898265,-0.8452618332218561,616.34,90.50513950073423,5.678999999999999,21.8095,0.3673459454197358,749.4,106.46,699.3966666666669,530.4133333333333,True,False,False,False,False,False,False,False,False,False
2026-02-07 22:00:00,1.02,269.6,23.3,47.1,261.75,182.85,17,0,4.58,407.35,92.63,-5.05,22,7,2,5,1,-0.5000000000000004,0.8660254037844384,-0.9999756307053947,-0.006981260297961302,444.6,292.5,4.6716,10.974300000000001,0.5887314439946019,542.68,99.46,673.8933333333334,539.4133333333333,True,False,False,False,False,False,False,False,False,False
2026-02-08 21:00:00,6.04,133.7,16.1,91.0,287.96,248.92,22,0,3.5,615.21,35.42,91.98,21,8,2,6,1,-0.7071067811865477,0.7071067811865474,0.7229671459095686,-0.690882411076858,536.88,82.09174311926606,21.14,14.651000000000002,0.5363582178512889,407.35,92.63,566.4766666666668,563.5799999999999,True,False,False,False,False,False,False,False,False,False
2026-02-08 23:00:00,3.74,261.2,23.2,42.4,247.69,793.46,-24,0,1.69,708.74,36.71,-29.9,23,8,2,6,1,-0.25881904510252157,0.9659258262890681,-0.9882283814465528,-0.15298583628403845,1041.15,245.55424528301887,6.3206,9.8368,0.23790039859770443,615.21,35.42,521.7466666666668,532.6066666666667,True,False,False,False,False,False,False,False,False,False
2026-02-09 01:00:00,11.13,146.3,25.7,34.6,142.16,1045.61,-22,0,4.34,517.9,62.66,68.35,1,9,2,0,0,0.25881904510252074,0.9659258262890683,0.5548444274479992,-0.8319541221304826,1187.77,102.1298366294067,48.3042,8.8922,0.11968647128652854,708.74,36.71,577.1,674.21,True,False,False,False,False,False,False,False,False,False
2026-02-09 02:00:00,1.15,174.6,12.9,55.3,216.98,1134.7,-28,0,2.65,539.19,29.54,82.81,2,9,2,0,0,0.49999999999999994,0.8660254037844387,0.09410831331851435,-0.99556196460308,1351.68,819.2,3.0475,7.1337,0.16052616003787878,517.9,62.66,613.9500000000002,921.9333333333334,True,False,False,False,False,False,False,False,False,False
2026-02-09 19:00:00,11.22,161.9,17.2,31.4,493.69,921.06,-14,0,2.05,671.2,25.08,47.21,19,9,2,0,0,-0.9659258262890684,0.2588190451025203,0.3106764296307318,-0.9505157316277837,1414.75,120.71245733788395,23.000999999999998,5.400799999999999,0.34895918006714965,539.19,29.54,588.6100000000001,1193.5333333333335,True,False,False,False,False,False,False,False,False,False
2026-02-10 01:00:00,10.62,147.8,10.6,73.7,351.84,552.14,-26,0,4.23,571.29,61.27,50.04,1,10,2,1,0,0.25881904510252074,0.9659258262890683,0.5328762760707298,-0.8461931661275641,903.98,81.29316546762591,44.9226,7.812200000000001,0.3892121507112989,671.2,25.08,576.0966666666667,1318.0666666666666,True,False,False,False,False,False,False,False,False,False
2026-02-10 04:00:00,7.67,246.9,18.0,68.3,438.08,862.73,27,1,4.18,533.23,114.41,49.66,4,10,2,1,0,0.8660254037844386,0.5000000000000001,-0.9198214973217377,-0.39233711660356146,1300.81,159.21787025703793,32.0606,12.293999999999999,0.33677477879167594,571.29,61.27,593.8933333333334,1223.47,True,False,False,False,False,False,False,False,False,False
2026-02-10 11:00:00,3.96,150.5,14.5,66.6,189.43,356.94,-5,0,1.1,657.96,34.17,97.48,11,10,2,1,0,0.258819045102521,-0.9659258262890682,0.49242356010346716,-0.8703556959398997,546.37,122.50448430493273,4.356,9.657,0.34670644435089776,533.23,114.41,591.9066666666668,1206.5133333333333,True,False,False,False,False,False,False,False,False,False
2026-02-11 16:00:00,9.14,249.9,17.2,66.0,352.09,673.4,9,1,2.62,733.66,40.98,66.83,16,11,2,2,0,-0.8660254037844384,-0.5000000000000004,-0.9390942520947092,-0.34365969458561574,1025.49,106.37863070539419,23.946800000000003,11.352,0.34333830656564174,657.96,34.17,587.4933333333335,917.0533333333333,True,False,False,False,False,False,False,False,False,False
2026-02-12 01:00:00,11.19,289.2,15.2,85.0,329.73,995.38,-15,1,2.89,638.75,90.15,58.48,1,12,2,3,0,0.25881904510252074,0.9659258262890683,-0.9443763702374812,0.3288666467385827,1325.1100000000001,113.35414884516682,32.3391,12.92,0.24883217242342145,733.66,40.98,641.6166666666668,957.5566666666667,True,False,False,False,False,False,False,False,False,False
2026-02-12 10:00:00,7.89,136.4,33.4,76.5,322.91,929.98,28,0,3.69,459.55,27.11,-0.39,10,12,2,3,0,0.49999999999999994,-0.8660254037844387,0.6896195437356697,-0.7241718614374676,1252.89,149.33134684147794,29.114099999999997,25.551,0.25773212333085904,638.75,90.15,676.7900000000001,965.6566666666668,True,False,False,False,False,False,False,False,False,False
2026-02-12 18:00:00,11.4,35.5,14.4,42.2,113.7,274.06,-13,0,2.9,659.51,72.65,5.46,18,12,2,3,0,-1.0,-1.8369701987210297e-16,0.5807029557109398,0.8141155183563192,387.76,32.58487394957983,33.06,6.0768,0.293222611924902,459.55,27.11,610.6533333333334,1201.1633333333334,True,False,False,False,False,False,False,False,False,False
2026-02-13 18:00:00,6.3,58.0,12.4,78.5,134.04,384.5,15,1,1.2,503.45,30.68,66.99,18,13,2,4,0,-1.0,-1.8369701987210297e-16,0.848048096156426,0.5299192642332049,518.54,76.25588235294117,7.56,9.734,0.25849500520692714,659.51,72.65,585.9366666666667,988.5866666666667,True,False,False,False,False,False,False,False,False,False
2026-02-14 04:00:00,8.75,171.8,18.3,47.2,134.23,1084.18,16,1,4.71,602.51,93.74,75.31,4,14,2,5,1,0.8660254037844386,0.5000000000000001,0.1426289337055113,-0.989776230907789,1218.41,131.72,41.2125,8.6376,0.1101681699920388,503.45,30.68,540.8366666666668,719.7299999999999,True,False,False,False,False,False,False,False,False,False
2026-02-14 05:00:00,7.19,358.0,26.7,74.7,397.99,373.39,-16,0,4.61,636.39,94.99,-30.72,5,14,2,5,1,0.9659258262890683,0.25881904510252074,-0.034899496702500823,0.9993908270190958,771.38,100.30949284785434,33.145900000000005,19.9449,0.5159454484171225,602.51,93.74,588.4900000000001,708.2366666666667,True,False,False,False,False,False,False,False,False,False
2026-02-14 10:00:00,4.94,103.5,33.0,52.4,299.2,131.11,3,1,4.18,607.42,80.93,66.6,10,14,2,5,1,0.49999999999999994,-0.8660254037844387,0.9723699203976767,-0.23344536385590534,430.31,79.10110294117646,20.6492,17.292,0.6953126815551579,636.39,94.99,580.7833333333334,836.11,True,False,False,False,False,False,False,False,False,False
2026-02-14 12:00:00,8.52,109.6,10.3,62.0,453.67,290.52,30,0,0.09,568.99,20.61,49.2,12,14,2,5,1,1.2246467991473532e-16,-1.0,0.9420574527872967,-0.335451569750255,744.19,82.50443458980045,0.7667999999999999,6.386,0.6096158239159354,607.42,80.93,615.44,806.6999999999999,True,False,False,False,False,False,False,False,False,False
2026-02-14 15:00:00,6.03,161.9,31.5,47.5,478.6,1020.71,-18,1,1.97,593.31,56.99,22.09,15,14,2,5,1,-0.7071067811865471,-0.7071067811865479,0.3106764296307318,-0.9505157316277837,1499.31,229.6033690658499,11.879100000000001,14.9625,0.319213504878911,568.99,20.61,604.2666666666668,648.6266666666667,True,False,False,False,False,False,False,False,False,False
2026-02-14 20:00:00,2.85,101.0,12.1,90.1,172.89,265.81,11,0,4.93,747.8,22.57,3.87,20,14,2,5,1,-0.8660254037844386,0.5000000000000001,0.981627183447664,-0.1908089953765448,438.7,130.955223880597,14.0505,10.902099999999997,0.3940961932983816,593.31,56.99,589.9066666666668,891.27,True,False,False,False,False,False,False,False,False,False
2026-02-14 22:00:00,6.91,59.1,29.0,93.1,325.54,561.86,21,0,2.63,429.71,15.87,-28.24,22,14,2,5,1,-0.5000000000000004,0.8660254037844384,0.8580649057236446,0.5135412520581701,887.4000000000001,119.75708502024293,18.1733,26.998999999999995,0.3668469686725265,747.8,22.57,636.7,894.0666666666666,True,False,False,False,False,False,False,False,False,False
2026-02-15 03:00:00,5.9,83.6,19.1,79.5,142.01,1128.78,1,1,0.57,600.39,24.6,87.75,3,15,2,6,1,0.7071067811865475,0.7071067811865476,0.9937679191605964,0.11146893220632569,1270.79,198.5609375,3.363,15.1845,0.11174938424129871,429.71,15.87,590.2733333333334,941.8033333333333,True,False,False,False,False,False,False,False,False,False
2026-02-15 07:00:00,1.98,313.2,12.7,52.0,90.49,772.44,17,0,3.63,660.8,14.81,80.46,7,15,2,6,1,0.9659258262890683,-0.25881904510252063,-0.7289686274214116,0.6845471059286886,862.9300000000001,347.95564516129036,7.187399999999999,6.604,0.10486366217422037,600.39,24.6,592.6333333333333,865.63,True,False,False,False,False,False,False,False,False,False
2026-02-15 12:00:00,2.41,265.2,22.7,64.9,176.74,296.1,12,0,0.97,448.18,53.53,-10.59,12,15,2,6,1,1.2246467991473532e-16,-1.0,-0.9964928592495043,-0.08367784333231579,472.84000000000003,162.48797250859107,2.3377,14.7323,0.3737839438287793,660.8,14.81,563.6333333333333,1007.04,True,False,False,False,False,False,False,False,False,False
2026-02-15 17:00:00,6.08,173.5,34.4,55.5,160.39,1087.01,29,1,0.78,650.54,38.74,55.65,17,15,2,6,1,-0.9659258262890683,-0.25881904510252063,0.11320321376790689,-0.9935718556765875,1247.4,189.5744680851064,4.7424,19.092,0.1285794452461119,448.18,53.53,569.7900000000001,868.8533333333331,True,False,False,False,False,False,False,False,False,False
2026-02-16 02:00:00,3.74,297.3,34.2,46.4,314.45,422.0,-8,0,1.11,715.28,85.18,49.54,2,16,2,0,0,0.49999999999999994,0.8660254037844387,-0.8886172326549486,0.45864955448431527,736.45,173.69103773584905,4.151400000000001,15.8688,0.42698078620408714,650.54,38.74,586.5066666666668,861.0566666666667,True,False,False,False,False,False,False,False,False,False
2026-02-16 08:00:00,5.88,346.2,25.4,90.2,256.13,1006.18,25,1,1.35,531.09,104.43,44.18,8,16,2,0,0,0.8660254037844387,-0.4999999999999998,-0.23853345757858122,0.971134279909636,1262.31,197.85423197492162,7.938000000000001,22.9108,0.20290578384073643,715.28,85.18,604.6666666666667,818.8966666666665,True,False,False,False,False,False,False,False,False,False
2026-02-16 20:00:00,10.71,120.1,20.5,94.1,368.82,629.44,-18,0,4.91,535.74,108.64,-28.25,20,16,2,0,0,-0.8660254037844386,0.5000000000000001,0.8651514205697046,-0.501510737159457,998.26,89.05084745762711,52.58610000000001,19.290499999999998,0.3694628653857712,531.09,104.43,632.3033333333334,1082.0533333333333,True,False,False,False,False,False,False,False,False,False
2026-02-17 12:00:00,1.13,77.5,11.6,62.1,475.33,1126.58,20,0,0.94,662.68,62.38,37.66,12,17,2,1,0,1.2246467991473532e-16,-1.0,0.9762960071199334,0.2164396139381029,1601.9099999999999,982.7668711656441,1.0621999999999998,7.2036,0.29672703210542417,535.74,108.64,594.0366666666667,999.0066666666665,True,False,False,False,False,False,False,False,False,False
2026-02-17 20:00:00,1.5,184.1,30.1,40.6,448.95,510.64,23,0,1.07,682.37,62.93,-22.85,20,17,2,1,0,-0.8660254037844386,0.5000000000000001,-0.07149744433268579,-0.997440782930944,959.5899999999999,479.79499999999996,1.605,12.220600000000001,0.4678560635271314,662.68,62.38,576.5033333333334,1287.493333333333,True,False,False,False,False,False,False,False,False,False
2026-02-18 16:00:00,3.81,327.0,31.3,33.6,173.24,1064.53,-11,1,3.94,414.68,49.78,76.53,16,18,2,2,0,-0.8660254037844384,-0.5000000000000004,-0.544639035015027,0.838670567945424,1237.77,287.1856148491879,15.0114,10.5168,0.13996138216308363,682.37,62.93,626.93,1186.5866666666664,True,False,False,False,False,False,False,False,False,False
2026-02-18 20:00:00,2.45,226.1,17.0,35.1,99.74,980.36,17,1,3.58,433.24,44.83,84.24,20,18,2,2,0,-0.8660254037844386,0.5000000000000001,-0.7205511116803304,-0.693401828275813,1080.1,366.13559322033893,8.771,5.9670000000000005,0.09234330154615314,414.68,49.78,586.5766666666667,1266.4233333333332,True,False,False,False,False,False,False,False,False,False
2026-02-18 23:00:00,6.23,228.2,14.0,40.1,315.4,339.23,-18,1,2.38,691.98,106.47,-26.25,23,18,2,2,0,-0.25881904510252157,0.9659258262890681,-0.7454759996828622,-0.6665324702494525,654.63,97.2704309063893,14.8274,5.614,0.48179887875593846,433.24,44.83,510.09666666666675,1092.4866666666665,True,False,False,False,False,False,False,False,False,False
2026-02-19 22:00:00,3.5,115.8,26.6,53.8,322.28,708.27,12,1,3.09,737.32,74.91,-28.52,22,19,2,3,0,-0.5000000000000004,0.8660254037844384,0.9003187714021935,-0.4352310993723274,1030.55,257.6375,10.815,14.310799999999999,0.3127262141574887,691.98,106.47,513.3000000000001,990.833333333333,True,False,False,False,False,False,False,False,False,False
2026-02-20 16:00:00,3.31,82.7,22.5,31.5,116.27,1074.93,-21,0,0.42,745.92,63.25,-11.84,16,20,2,4,0,-0.8660254037844384,-0.5000000000000004,0.9918944425900297,0.12706460860135038,1191.2,312.6509186351706,1.3901999999999999,7.0875,0.09760745466756211,737.32,74.91,620.8466666666667,921.7599999999999,True,False,False,False,False,False,False,False,False,False
2026-02-20 22:00:00,11.62,83.2,10.1,84.9,136.34,731.88,-1,0,3.27,444.61,117.99,65.8,22,20,2,4,0,-0.5000000000000004,0.8660254037844384,0.9929655081065369,0.11840396830650095,868.22,71.63531353135315,37.9974,8.5749,0.15703393149201816,745.92,63.25,725.0733333333334,958.7933333333332,True,False,False,False,False,False,False,False,False,False
2026-02-21 07:00:00,4.94,62.2,11.2,91.0,187.42,649.8,25,1,1.44,739.69,39.28,-41.49,7,21,2,5,1,0.9659258262890683,-0.25881904510252063,0.8845809752150839,0.46638664033989125,837.2199999999999,153.90073529411762,7.1136,10.192,0.2238599173455006,444.61,117.99,642.6166666666667,1029.9899999999998,True,False,False,False,False,False,False,False,False,False
2026-02-21 19:00:00,3.28,233.7,34.6,95.0,353.17,671.4,-8,1,3.65,581.81,66.3,28.7,19,21,2,5,1,-0.9659258262890684,0.2588190451025203,-0.8059282822485159,-0.5920131787992194,1024.57,271.05026455026456,11.972,32.87,0.34470070370984907,739.69,39.28,643.4066666666668,965.5466666666666,True,False,False,False,False,False,False,False,False,False
2026-02-22 02:00:00,7.36,341.1,34.0,49.7,417.87,823.75,11,0,2.04,408.37,64.96,94.0,2,22,2,6,1,0.49999999999999994,0.8660254037844387,-0.32391741819814956,0.9460853588275453,1241.62,157.96692111959285,15.0144,16.898000000000003,0.33655224625891983,581.81,66.3,588.7033333333334,910.0033333333331,True,False,False,False,False,False,False,False,False,False
2026-02-22 11:00:00,11.46,16.9,20.4,73.0,249.76,931.25,-28,1,2.38,527.55,28.98,-28.36,11,22,2,6,1,0.258819045102521,-0.9659258262890682,0.29070219359825245,0.9568135840576074,1181.01,98.74665551839465,27.2748,14.891999999999998,0.21148000440301098,408.37,64.96,576.6233333333333,1034.4699999999998,True,False,False,False,False,False,False,False,False,False
2026-02-22 12:00:00,1.34,203.9,14.5,48.8,267.9,391.88,29,0,4.0,451.46,36.58,-25.11,12,22,2,6,1,1.2246467991473532e-16,-1.0,-0.4051415867798627,-0.9142539552342637,659.78,358.5760869565217,5.36,7.075999999999999,0.4060444390554427,527.55,28.98,505.91,1149.0666666666666,True,False,False,False,False,False,False,False,False,False
2026-02-23 03:00:00,11.48,344.2,18.2,45.2,441.2,1198.02,17,1,0.46,672.0,67.94,19.5,3,23,2,0,0,0.7071067811865475,0.7071067811865476,-0.2722802470405743,0.9622179935292854,1639.22,136.82971619365608,5.2808,8.2264,0.2691524017520528,451.46,36.58,462.46000000000004,1027.4699999999998,True,False,False,False,False,False,False,False,False,False
2026-02-23 04:00:00,9.7,191.3,34.1,68.2,156.96,103.86,20,1,0.38,724.27,102.36,79.68,4,23,2,0,0,0.8660254037844386,0.5000000000000001,-0.19594614424251772,-0.980614658546613,260.82,25.570588235294117,3.686,23.256200000000003,0.6017943409247758,672.0,67.94,550.3366666666667,1160.003333333333,True,False,False,False,False,False,False,False,False,False
2026-02-23 08:00:00,3.57,107.3,34.9,62.0,352.44,166.85,6,1,4.37,422.57,103.26,19.64,8,23,2,0,0,0.8660254037844387,-0.4999999999999998,0.9547607995027975,-0.29737487407778596,519.29,127.58968058968057,15.6009,21.637999999999998,0.6786959117256254,724.27,102.36,615.91,853.2733333333331,True,False,False,False,False,False,False,False,False,False
2026-02-23 13:00:00,4.64,169.5,10.4,38.8,435.91,361.38,-10,0,3.72,689.9,20.08,39.21,13,23,2,0,0,-0.2588190451025208,-0.9659258262890683,0.18223552549214772,-0.9832549075639545,797.29,155.1147859922179,17.2608,4.0352,0.5467395803283623,422.57,103.26,606.2800000000001,806.4433333333332,True,False,False,False,False,False,False,False,False,False
2026-02-24 03:00:00,8.86,300.6,33.3,89.1,309.54,1112.97,-26,0,3.94,444.03,64.13,62.76,3,24,2,1,0,0.7071067811865475,0.7071067811865476,-0.8607420270039434,0.5090414157503715,1422.51,151.97756410256412,34.9084,29.670299999999997,0.21760128224054665,689.9,20.08,612.2466666666667,525.7999999999998,True,False,False,False,False,False,False,False,False,False
2026-02-25 00:00:00,4.07,126.2,13.8,61.0,294.59,111.1,-30,0,2.74,602.0,108.84,82.41,0,25,2,2,0,0.0,1.0,0.8069603121438018,-0.5906056676199255,405.68999999999994,88.77242888402624,11.151800000000001,8.418000000000001,0.7261455791367794,444.03,64.13,518.8333333333334,913.0299999999997,True,False,False,False,False,False,False,False,False,False
2026-02-25 12:00:00,9.79,86.9,33.9,30.5,219.04,1031.75,-9,1,2.53,593.04,34.09,-1.52,12,25,2,2,0,1.2246467991473532e-16,-1.0,0.9985366703262117,0.054078812984775314,1250.79,121.55393586005832,24.768699999999995,10.339500000000001,0.17512132332365946,602.0,108.84,578.6433333333333,875.1633333333331,True,False,False,False,False,False,False,False,False,False
2026-02-25 17:00:00,7.14,294.0,20.6,31.9,58.05,1053.56,-25,0,2.68,429.84,71.19,-27.41,17,25,2,2,0,-0.9659258262890683,-0.25881904510252063,-0.9135454576426011,0.40673664307579976,1111.61,145.49869109947645,19.1352,6.5714,0.052221552522917214,593.04,34.09,546.3566666666667,1026.3299999999997,True,False,False,False,False,False,False,False,False,False
2026-02-26 05:00:00,9.64,211.2,29.7,88.2,106.75,208.75,-22,0,2.65,627.56,104.41,65.02,5,26,2,3,0,0.9659258262890683,0.25881904510252074,-0.51802700937313,-0.8553642601605068,315.5,31.114398422090726,25.546,26.1954,0.33835182250396195,429.84,71.19,541.6266666666667,922.6966666666664,True,False,False,False,False,False,False,False,False,False
2026-02-26 15:00:00,10.02,54.2,26.5,66.3,266.57,1023.59,-15,0,0.61,480.73,113.02,9.13,15,26,2,3,0,-0.7071067811865471,-0.7071067811865479,0.8110638189893267,0.5849576749872154,1290.16,122.63878326996199,6.1122,17.569499999999998,0.20661778384076393,627.56,104.41,550.1466666666666,892.6333333333331,True,False,False,False,False,False,False,False,False,False
2026-02-26 16:00:00,7.7,335.8,20.0,79.7,252.78,568.6,5,0,3.87,429.83,30.66,-45.06,16,26,2,3,0,-0.8660254037844384,-0.5000000000000004,-0.40992303384157247,0.9121201161722731,821.38,100.16829268292683,29.799000000000003,15.94,0.3077503713263045,480.73,113.02,512.7099999999999,905.7566666666665,True,False,False,False,False,False,False,False,False,False
2026-02-27 00:00:00,11.34,334.8,26.2,88.7,415.51,1198.73,27,1,2.98,504.28,15.36,32.31,0,27,2,4,0,0.0,1.0,-0.4257792915650722,0.9048270524660197,1614.24,136.33783783783784,33.7932,23.2394,0.2574028645058975,429.83,30.66,512.7066666666666,809.0133333333332,True,False,False,False,False,False,False,False,False,False
2026-02-27 03:00:00,8.67,43.1,27.0,61.0,304.17,745.43,10,0,1.55,438.83,78.77,-3.95,3,27,2,4,0,0.7071067811865475,0.7071067811865476,0.6832737736807992,0.7301622766207523,1049.6,114.46019629225735,13.4385,16.47,0.2897961128048781,504.28,15.36,471.6133333333333,1241.9266666666665,True,False,False,False,False,False,False,False,False,False
2026-02-28 05:00:00,4.67,275.4,29.2,66.2,162.83,286.63,4,1,4.43,413.88,94.5,83.14,5,28,2,5,1,0.9659258262890683,0.25881904510252074,-0.9955619646030801,0.0941083133185136,449.46000000000004,86.93617021276597,20.6881,19.3304,0.3622791794597962,438.83,78.77,457.6466666666667,1161.7399999999996,True,False,False,False,False,False,False,False,False,False
2026-02-28 14:00:00,4.08,32.7,31.2,44.4,262.76,311.83,17,1,2.8,565.77,29.73,-7.46,14,28,2,5,1,-0.4999999999999997,-0.8660254037844388,0.540240320477655,0.8415107819453062,574.5899999999999,125.45633187772924,11.424,13.8528,0.4572999878174003,413.88,94.5,452.33,1037.7666666666664,True,False,False,False,False,False,False,False,False,False
2026-02-28 19:00:00,6.0,213.3,23.6,54.9,408.64,1197.42,3,0,3.34,581.35,114.5,-26.6,19,28,2,5,1,-0.9659258262890684,0.2588190451025203,-0.5490228179981318,-0.8358073613682702,1606.06,247.08615384615385,20.04,12.9564,0.25443632242880093,565.77,29.73,472.82666666666665,691.2166666666662,True,False,False,False,False,False,False,False,False,False
2026-03-01 00:00:00,3.58,3.3,20.5,93.2,223.27,325.3,-21,0,3.78,597.93,111.74,79.17,0,1,3,6,1,0.0,1.0,0.05756402695956728,0.9983418166140283,548.57,134.45343137254903,13.532399999999999,19.106,0.40700366407204186,581.35,114.5,520.3333333333334,876.7033333333329,True,False,False,False,False,False,False,False,False,False
2026-03-02 09:00:00,2.66,58.4,20.2,59.9,448.11,553.16,-4,0,4.44,410.06,65.91,-29.05,9,2,3,0,0,0.7071067811865476,-0.7071067811865475,0.8517269341430477,0.5239859059700791,1001.27,316.85759493670884,11.810400000000001,12.0998,0.44754162213988236,597.93,111.74,581.6833333333333,909.7399999999997,True,False,False,False,False,False,False,False,False,False
2026-03-02 19:00:00,4.52,95.3,16.6,55.8,377.28,200.8,1,0,4.9,551.99,107.4,-21.27,19,2,3,0,0,-0.9659258262890684,0.2588190451025203,0.9957246981845821,-0.09237058744656154,578.0799999999999,115.15537848605577,22.148,9.2628,0.6526432327705508,410.06,65.91,529.78,1051.9666666666665,True,False,False,False,False,False,False,False,False,False
2026-03-03 00:00:00,7.69,159.5,28.0,85.8,57.44,887.44,21,1,1.42,457.29,108.17,77.46,0,3,3,1,0,0.0,1.0,0.35020738125946754,-0.9366721892483976,944.8800000000001,115.36996336996337,10.9198,24.024,0.060790788248243154,551.99,107.4,519.9933333333333,709.3066666666664,True,False,False,False,False,False,False,False,False,False
2026-03-03 22:00:00,10.28,173.9,33.7,63.7,201.52,685.33,-20,0,2.62,663.04,75.76,-31.27,22,3,3,1,0,-0.5000000000000004,0.8660254037844384,0.10626407133623336,-0.9943379441332046,886.85,82.26808905380335,26.9336,21.4669,0.2272312115915882,457.29,108.17,473.1133333333334,841.4099999999997,True,False,False,False,False,False,False,False,False,False
2026-03-04 00:00:00,7.87,136.2,22.4,63.4,154.84,526.07,-11,0,4.27,732.59,75.51,4.23,0,4,3,2,0,0.0,1.0,0.6921431738704068,-0.7217602280983622,680.9100000000001,81.35125448028674,33.604899999999994,14.2016,0.22740156555198188,663.04,75.76,557.44,803.2699999999996,True,False,False,False,False,False,False,False,False,False
2026-01-01 16:00:00,10.27,106.1,19.2,90.3,284.57,245.12,16,0,0.95,618.76,97.35,63.7,16,1,1,3,0,-0.8660254037844384,-0.5000000000000004,0.9607791541575942,-0.2773146533023776,529.69,49.181987000928515,9.756499999999999,17.3376,0.5372387622949272,574.7535294117647,62.639558823529406,573.8565073529412,933.8560171568628,False,True,False,False,False,False,False,False,False,False
2026-01-01 19:00:00,11.58,90.8,12.8,45.4,194.66,480.14,-25,1,1.65,460.71,43.0,92.24,19,1,1,3,0,-0.9659258262890684,0.2588190451025203,0.9999025240093042,-0.01396218033914523,674.8,55.86092715231788,19.107,5.8112,0.2884706579727327,618.76,97.35,618.76,529.69,False,True,False,False,False,False,False,False,False,False
2026-01-02 14:00:00,10.83,286.4,13.3,44.3,484.26,642.79,-5,0,3.24,632.34,54.53,65.83,14,2,1,4,0,-0.4999999999999997,-0.8660254037844388,-0.9593139745400576,0.2823414568428762,1127.05,99.4748455428067,35.089200000000005,5.8919,0.429670378421543,460.71,43.0,539.735,602.245,False,True,False,False,False,False,False,False,False,False
2026-01-02 17:00:00,8.9,231.6,34.3,77.1,295.52,551.54,-12,1,3.93,505.14,83.86,63.56,17,2,1,4,0,-0.9659258262890683,-0.25881904510252063,-0.7836934573258396,-0.6211477802783105,847.06,90.1127659574468,34.977000000000004,26.445299999999996,0.34887729322598166,632.34,54.53,570.6033333333334,777.18,False,True,False,False,False,False,False,False,False,False
2026-01-02 22:00:00,8.57,295.7,10.2,41.4,280.67,881.16,24,0,0.17,579.18,98.6,-19.68,22,2,1,4,0,-0.5000000000000004,0.8660254037844384,-0.9010770213220918,0.4336590845875438,1161.83,128.09592061742006,1.4569,4.222799999999999,0.24157578991762998,505.14,83.86,532.73,882.9699999999999,False,True,False,False,False,False,False,False,False,False
2026-01-03 05:00:00,9.32,95.8,31.7,35.2,199.7,808.84,-22,0,4.08,629.95,103.27,52.58,5,3,1,5,1,0.9659258262890683,0.25881904510252074,0.9948807088287882,-0.1010562971829462,1008.54,102.70264765784114,38.025600000000004,11.158400000000002,0.19800900311341146,579.18,98.6,572.2199999999999,1045.3133333333333,False,True,False,False,False,False,False,False,False,False
2026-01-03 08:00:00,8.27,320.8,30.5,69.0,295.74,454.57,-19,0,4.52,516.41,102.94,1.07,8,3,1,5,1,0.8660254037844387,-0.4999999999999998,-0.6320293026648511,0.7749444887041794,750.31,85.55416191562144,37.380399999999995,21.045,0.3941570817395477,629.95,103.27,571.4233333333333,1005.81,False,True,False,False,False,False,False,False,False,False
2026-01-03 14:00:00,3.39,242.7,26.7,39.7,122.03,106.15,21,0,4.27,591.23,14.54,49.85,14,3,1,5,1,-0.4999999999999997,-0.8660254037844388,-0.8886172326549489,-0.4586495544843148,228.18,58.65809768637532,14.475299999999999,10.5999,0.5347970900166535,516.41,102.94,575.18,973.56,False,True,False,False,False,False,False,False,False,False
2026-01-03 16:00:00,7.22,354.8,14.1,38.0,492.87,368.47,-12,0,3.94,505.95,25.95,-4.64,16,3,1,5,1,-0.8660254037844384,-0.5000000000000004,-0.09063258019778007,0.9958843986159703,861.34,111.57253886010363,28.4468,5.358,0.5722130633663826,591.23,14.54,579.1966666666667,662.3433333333334,False,True,False,False,False,False,False,False,False,False
2026-01-04 00:00:00,11.97,227.0,11.3,45.0,314.55,991.23,-23,0,1.44,624.36,44.69,-40.88,0,4,1,6,1,0.0,1.0,-0.7313537016191705,-0.6819983600624986,1305.78,104.71371291098636,17.2368,5.085000000000001,0.24089050222855307,505.95,25.95,537.8633333333333,613.2766666666666,False,True,False,False,False,False,False,False,False,False
2026-01-05 04:00:00,6.85,6.1,15.2,66.8,99.05,833.19,9,0,4.77,483.16,54.04,35.7,4,5,1,0,0,0.8660254037844386,0.5000000000000001,0.1062640713362332,0.9943379441332046,932.24,126.83537414965987,32.674499999999995,10.153599999999999,0.10624946365742727,624.36,44.69,573.8466666666667,798.4333333333334,False,True,False,False,False,False,False,False,False,False
2026-01-06 14:00:00,5.16,334.4,21.1,67.5,367.52,932.29,12,1,0.56,447.92,74.24,45.38,14,6,1,1,0,-0.4999999999999997,-0.8660254037844388,-0.4320857488019831,0.9018325264051135,1299.81,229.64840989399292,2.8896,14.2425,0.28274901716404705,483.16,54.04,537.8233333333334,1033.1200000000001,False,True,False,False,False,False,False,False,False,False
2026-01-08 01:00:00,11.52,311.0,23.6,74.8,419.5,933.42,29,0,3.17,417.79,92.23,96.62,1,8,1,3,0,0.25881904510252074,0.9659258262890683,-0.7547095802227722,0.656059028990507,1352.92,112.55574043261232,36.5184,17.6528,0.31007007066197556,447.92,74.24,518.48,1179.2766666666666,False,True,False,False,False,False,False,False,False,False
2026-01-08 09:00:00,7.45,186.5,21.3,83.1,449.49,116.31,-28,0,2.7,450.82,110.45,-37.6,9,8,1,3,0,0.7071067811865476,-0.7071067811865475,-0.11320321376790664,-0.9935718556765875,565.8,71.1698113207547,20.115000000000002,17.7003,0.7944326617179216,417.79,92.23,449.6233333333334,1194.99,False,True,False,False,False,False,False,False,False,False
2026-01-08 10:00:00,9.28,2.7,23.5,86.0,480.95,990.01,-8,0,2.89,502.17,13.27,45.22,10,8,1,3,0,0.49999999999999994,-0.8660254037844387,0.047106450709642665,0.99888987496197,1470.96,150.40490797546013,26.8192,20.21,0.32696334366672103,450.82,110.45,438.8433333333333,1072.8433333333332,False,True,False,False,False,False,False,False,False,False
2026-01-08 17:00:00,2.62,211.8,32.5,52.8,322.84,792.64,-2,0,4.19,532.54,90.49,95.99,17,8,1,3,0,-0.9659258262890683,-0.25881904510252063,-0.5269557954966775,-0.849892692986864,1115.48,357.525641025641,10.977800000000002,17.16,0.2894180083910065,502.17,13.27,456.9266666666667,1129.8933333333334,False,True,False,False,False,False,False,False,False,False
2026-01-09 06:00:00,7.1,129.1,34.7,32.2,164.4,286.7,-23,1,2.59,460.36,46.08,33.2,6,9,1,4,0,1.0,6.123233995736766e-17,0.7760464070665462,-0.6306758074312859,451.1,59.35526315789474,18.389,11.1734,0.3644424739525604,532.54,90.49,495.1766666666667,1050.7466666666667,False,True,False,False,False,False,False,False,False,False
2026-01-10 02:00:00,3.33,46.6,24.3,80.7,121.48,849.29,18,1,2.99,507.11,118.97,-3.62,2,10,1,5,1,0.49999999999999994,0.8660254037844387,0.7265746709709759,0.687087510804423,970.77,253.46475195822453,9.956700000000001,19.610100000000003,0.12513777722838573,460.36,46.08,498.35666666666674,1012.5133333333333,False,True,False,False,False,False,False,False,False,False
2026-01-10 07:00:00,2.14,280.1,34.3,70.9,315.77,625.67,11,0,3.92,424.27,13.16,29.51,7,10,1,5,1,0.9659258262890683,-0.25881904510252063,-0.9845031799744366,0.1753667260919875,941.4399999999999,356.60606060606057,8.3888,24.3187,0.33541170972127804,507.11,118.97,500.00333333333333,845.7833333333333,False,True,False,False,False,False,False,False,False,False
2026-01-10 16:00:00,5.28,354.4,17.6,63.4,364.01,1061.46,30,0,2.51,710.11,92.02,85.48,16,10,1,5,1,-0.8660254037844384,-0.5000000000000004,-0.09758289975914985,0.9952273999818312,1425.47,246.62110726643598,13.252799999999999,11.158400000000002,0.2553613895767712,424.27,13.16,463.91333333333336,787.77,False,True,False,False,False,False,False,False,False,False
2026-01-11 19:00:00,5.09,316.6,26.1,90.4,487.79,1045.48,14,1,3.78,732.33,27.8,-22.16,19,11,1,6,1,-0.9659258262890684,0.2588190451025203,-0.6870875108044225,0.7265746709709764,1533.27,274.2880143112701,19.240199999999998,23.5944,0.3181370534869919,710.11,92.02,547.1633333333333,1112.5600000000002,False,True,False,False,False,False,False,False,False,False
2026-01-11 20:00:00,5.21,347.6,18.5,49.7,170.0,1117.07,-13,1,2.87,611.16,92.57,73.59,20,11,1,6,1,-0.8660254037844386,0.5000000000000001,-0.21473532716706328,0.9766722783341679,1287.07,225.4063047285464,14.9527,9.1945,0.13208294809140142,732.33,27.8,622.2366666666667,1300.0600000000002,False,True,False,False,False,False,False,False,False,False
2026-01-11 21:00:00,11.75,123.0,27.7,86.2,372.24,1008.88,17,1,0.24,716.1,36.93,-22.97,21,11,1,6,1,-0.7071067811865477,0.7071067811865474,0.8386705679454239,-0.5446390350150271,1381.12,112.74448979591835,2.82,23.8774,0.26952038924930494,611.16,92.57,684.5333333333334,1415.2699999999998,False,True,False,False,False,False,False,False,False,False
2026-01-12 22:00:00,10.93,284.9,30.4,37.6,307.44,204.49,-12,1,4.81,577.41,21.42,78.01,22,12,1,0,0,-0.5000000000000004,0.8660254037844384,-0.9663760793213294,0.25713279315469584,511.93,44.78827646544182,52.573299999999996,11.430399999999999,0.6005508565624206,716.1,36.93,686.5300000000001,1400.4866666666665,False,True,False,False,False,False,False,False,False,False
2026-01-13 23:00:00,7.52,246.4,12.0,63.5,124.95,105.11,27,0,4.71,650.26,19.82,41.05,23,13,1,1,0,-0.25881904510252157,0.9659258262890681,-0.9163627295622395,-0.40034903255689525,230.06,28.685785536159603,35.4192,7.62,0.5431191862992263,577.41,21.42,634.89,1060.04,False,True,False,False,False,False,False,False,False,False
2026-01-14 07:00:00,0.57,220.7,13.2,58.3,193.1,951.05,-15,0,3.95,551.69,95.1,-28.42,7,14,1,2,0,0.9659258262890683,-0.25881904510252063,-0.6520984038303919,-0.7581343361976525,1144.1499999999999,1069.2990654205607,2.2515,7.6956,0.1687715771533453,650.26,19.82,647.9233333333333,707.7033333333333,False,True,False,False,False,False,False,False,False,False
2026-01-14 10:00:00,8.95,186.6,20.4,49.6,253.85,571.63,-17,1,4.4,504.42,52.82,75.58,10,14,1,2,0,0.49999999999999994,-0.8660254037844387,-0.11493715049286643,-0.9933727656003964,825.48,87.35238095238095,39.38,10.1184,0.3075180501041818,551.69,95.1,593.12,628.7133333333333,False,True,False,False,False,False,False,False,False,False
2026-01-14 12:00:00,7.23,225.7,25.2,62.4,370.86,593.85,-29,0,1.43,483.83,20.06,40.89,12,14,1,2,0,1.2246467991473532e-16,-1.0,-0.7156927337037355,-0.6984152854310062,964.71,124.80077619663648,10.3389,15.7248,0.3844264079360637,504.42,52.82,568.7900000000001,733.2299999999999,False,True,False,False,False,False,False,False,False,False
2026-01-15 00:00:00,10.41,150.5,19.2,47.7,290.39,540.24,-24,0,3.5,608.87,30.76,84.62,0,15,1,3,0,0.0,1.0,0.49242356010346716,-0.8703556959398997,830.63,76.13473877176902,36.435,9.1584,0.3496021092423823,483.83,20.06,513.3133333333334,978.1133333333333,False,True,False,False,False,False,False,False,False,False
2026-01-15 12:00:00,3.34,284.0,15.6,53.7,478.9,932.71,-29,1,3.56,590.21,56.59,83.35,12,15,1,3,0,1.2246467991473532e-16,-1.0,-0.9702957262759966,0.24192189559966745,1411.6100000000001,367.60677083333337,11.8904,8.3772,0.33925801035696823,608.87,30.76,532.3733333333333,873.6066666666667,False,True,False,False,False,False,False,False,False,False
2026-01-15 13:00:00,4.02,84.1,22.5,84.2,74.36,698.28,-11,1,1.91,604.69,27.72,62.9,13,15,1,3,0,-0.2588190451025208,-0.9659258262890683,0.9947028171171742,0.10279253678724691,772.64,170.93805309734515,7.678199999999999,18.945,0.09624145785876993,590.21,56.59,560.9699999999999,1068.9833333333333,False,True,False,False,False,False,False,False,False,False
2026-01-16 17:00:00,3.8,120.0,26.6,85.4,481.21,972.29,-4,1,1.49,608.73,11.01,-38.71,17,16,1,4,0,-0.9659258262890683,-0.25881904510252063,0.8660254037844387,-0.4999999999999998,1453.5,338.0232558139535,5.662,22.716400000000004,0.33106983144134844,604.69,27.72,601.2566666666667,1004.96,False,True,False,False,False,False,False,False,False,False
2026-01-17 12:00:00,11.25,161.0,26.8,52.0,234.43,739.01,-29,1,0.47,448.92,90.34,-30.18,12,17,1,5,1,1.2246467991473532e-16,-1.0,0.3255681544571566,-0.9455185755993168,973.44,82.84595744680851,5.2875,13.936000000000002,0.24082634779750164,608.73,11.01,601.21,1212.5833333333333,False,True,False,False,False,False,False,False,False,False
2026-01-18 21:00:00,1.75,196.1,19.9,60.0,206.72,1002.07,-14,1,0.62,552.98,57.5,-37.02,21,18,1,6,1,-0.7071067811865477,0.7071067811865474,-0.27731465330237753,-0.9607791541575942,1208.79,537.24,1.085,11.94,0.17101398919580738,448.92,90.34,554.1133333333333,1066.5266666666666,False,True,False,False,False,False,False,False,False,False
2026-01-19 09:00:00,8.35,283.2,26.3,92.5,344.12,1115.46,2,1,1.22,543.56,37.14,48.94,9,19,1,0,0,0.7071067811865476,-0.7071067811865475,-0.9735789028731603,0.22835087011065544,1459.58,164.92429378531074,10.187,24.3275,0.2357664533632963,552.98,57.5,536.8766666666667,1211.91,False,True,False,False,False,False,False,False,False,False
2026-01-19 13:00:00,6.37,102.5,28.8,91.8,286.11,609.86,6,1,1.7,535.74,91.1,58.18,13,19,1,0,0,-0.2588190451025208,-0.9659258262890683,0.9762960071199334,-0.2164396139381028,895.97,130.41775836972343,10.829,26.4384,0.3193298882775093,543.56,37.14,515.1533333333333,1213.9366666666667,False,True,False,False,False,False,False,False,False,False
2026-01-20 00:00:00,11.38,167.9,21.3,56.3,307.34,761.5,16,1,2.75,655.76,73.13,65.3,0,20,1,1,0,0.0,1.0,0.20961856290382166,-0.9777832367586062,1068.84,89.96969696969695,31.295,11.991900000000001,0.2875453762957973,535.74,91.1,544.0933333333332,1188.1133333333335,False,True,False,False,False,False,False,False,False,False
2026-01-20 02:00:00,10.37,39.0,21.0,92.5,263.84,837.2,-19,0,1.44,576.6,75.43,12.04,2,20,1,1,0,0.49999999999999994,0.8660254037844387,0.6293203910498374,0.7771459614569709,1101.04,101.29162833486662,14.932799999999999,19.425,0.2396279880839933,655.76,73.13,578.3533333333334,1141.4633333333334,False,True,False,False,False,False,False,False,False,False
2026-01-20 11:00:00,8.75,194.5,13.7,62.3,422.13,636.18,-21,0,1.28,489.02,94.84,35.65,11,20,1,1,0,0.258819045102521,-0.9659258262890682,-0.25038000405444155,-0.9681476403781077,1058.31,114.41189189189188,11.200000000000001,8.535099999999998,0.39887178614961594,576.6,75.43,589.3666666666667,1021.9499999999999,False,True,False,False,False,False,False,False,False,False
2026-01-20 18:00:00,2.68,49.0,21.9,72.9,250.75,530.86,26,0,1.68,688.36,60.2,-19.26,18,20,1,1,0,-1.0,-1.8369701987210297e-16,0.754709580222772,0.6560590289905073,781.61,245.78930817610063,4.5024,15.9651,0.3208121697521782,489.02,94.84,573.7933333333333,1076.0633333333333,False,True,False,False,False,False,False,False,False,False
2026-01-21 09:00:00,1.79,301.1,23.2,34.9,131.68,1186.78,9,1,1.06,468.65,66.9,18.63,9,21,1,2,0,0.7071067811865476,-0.7071067811865475,-0.8562670846003279,0.5165333288666425,1318.46,575.7467248908297,1.8974000000000002,8.0968,0.09987409553570074,688.36,60.2,584.66,980.32,False,True,False,False,False,False,False,False,False,False
2026-01-23 07:00:00,11.09,54.5,34.6,38.3,159.05,461.19,4,0,3.63,684.25,19.33,-43.91,7,23,1,4,0,0.9659258262890683,-0.25881904510252063,0.8141155183563192,0.5807029557109398,620.24,53.51509922346851,40.256699999999995,13.251800000000001,0.2564329936798659,468.65,66.9,548.6766666666666,1052.7933333333333,False,True,False,False,False,False,False,False,False,False
2026-01-23 17:00:00,2.43,140.5,23.6,77.9,335.3,398.4,3,0,1.46,491.81,80.84,-3.97,17,23,1,4,0,-0.9659258262890683,-0.25881904510252063,0.6360782202777638,-0.7716245833877201,733.7,250.40955631399316,3.5478,18.384400000000003,0.4569987733406024,684.25,19.33,613.7533333333332,906.7700000000001,False,True,False,False,False,False,False,False,False,False
2026-01-23 19:00:00,1.28,328.1,13.5,38.0,433.56,1174.91,-15,1,2.06,613.57,118.42,62.4,19,23,1,4,0,-0.9659258262890684,0.2588190451025203,-0.5284383347223466,0.8489716876291419,1608.47,903.6348314606741,2.6368,5.13,0.26954807985228196,491.81,80.84,548.2366666666666,890.8000000000001,False,True,False,False,False,False,False,False,False,False
2026-01-24 18:00:00,10.41,144.1,16.2,80.1,119.33,977.24,-28,1,1.94,733.24,49.96,44.26,18,24,1,5,1,-1.0,-1.8369701987210297e-16,0.5863723567357895,-0.8100416404457959,1096.57,100.51054078826763,20.1954,12.976199999999999,0.10882114228913796,613.57,118.42,596.5433333333334,987.4699999999999,False,True,False,False,False,False,False,False,False,False
2026-01-25 20:00:00,1.28,297.7,21.4,57.2,481.57,636.59,-22,0,2.18,590.18,13.31,-5.76,20,25,1,6,1,-0.8660254037844386,0.5000000000000001,-0.8853936257544159,0.46484204572461957,1118.16,628.1797752808989,2.7904000000000004,12.2408,0.430680761250626,733.24,49.96,612.8733333333333,1146.2466666666667,False,True,False,False,False,False,False,False,False,False
2026-01-26 17:00:00,1.31,159.4,13.1,62.2,426.76,748.46,-2,1,1.44,615.3,111.16,64.36,17,26,1,0,0,-0.9659258262890683,-0.25881904510252063,0.3518416484047018,-0.9360595357389733,1175.22,649.292817679558,1.8864,8.148200000000001,0.36313200932591344,590.18,13.31,645.6633333333333,1274.3999999999999,False,True,False,False,False,False,False,False,False,False
2026-01-27 05:00:00,6.39,97.0,20.8,53.9,424.94,445.27,-4,0,1.44,527.03,83.49,87.61,5,27,1,1,0,0.9659258262890683,0.25881904510252074,0.9925461516413221,-0.12186934340514737,870.21,126.30043541364297,9.2016,11.211200000000002,0.4883189115271026,615.3,111.16,646.2399999999999,1129.9833333333333,False,True,False,False,False,False,False,False,False,False
2026-01-27 09:00:00,9.93,207.8,33.5,54.0,365.14,306.99,-8,0,2.84,459.23,94.83,-25.76,9,27,1,1,0,0.7071067811865476,-0.7071067811865475,-0.46638664033989147,-0.8845809752150838,672.13,64.44199424736338,28.201199999999996,18.09,0.5432580006843915,527.03,83.49,577.5033333333332,1054.53,False,True,False,False,False,False,False,False,False,False
2026-01-27 12:00:00,3.77,222.5,18.9,43.6,272.32,574.87,0,0,0.84,674.78,65.35,51.16,12,27,1,1,0,1.2246467991473532e-16,-1.0,-0.6755902076156601,-0.7372773368101241,847.19,198.40515222482438,3.1668,8.2404,0.32143911047108675,459.23,94.83,533.8533333333334,905.8533333333334,False,True,False,False,False,False,False,False,False,False
2026-01-27 19:00:00,2.43,147.1,18.4,43.5,466.14,223.87,-3,0,2.8,528.86,92.83,3.56,19,27,1,1,0,-0.9659258262890684,0.2588190451025203,0.543174449950671,-0.8396198645344131,690.01,235.49829351535834,6.804,8.004,0.6755554267329459,674.78,65.35,553.68,796.5100000000001,False,True,False,False,False,False,False,False,False,False
2026-01-28 03:00:00,1.51,268.1,21.4,43.7,484.88,216.13,-21,1,1.58,613.11,14.97,41.06,3,28,1,2,0,0.7071067811865475,0.7071067811865476,-0.9994502159417572,-0.03315517838852618,701.01,348.7611940298508,2.3858,9.351799999999999,0.691687707735981,528.86,92.83,554.29,736.4433333333333,False,True,False,False,False,False,False,False,False,False
2026-01-29 08:00:00,4.11,164.0,17.9,48.5,88.61,769.56,19,1,0.79,404.14,70.43,-0.5,8,29,1,3,0,0.8660254037844387,-0.4999999999999998,0.2756373558169992,-0.9612616959383189,858.17,186.15401301518435,3.2469000000000006,8.6815,0.10325459990444784,613.11,14.97,605.5833333333334,746.07,False,True,False,False,False,False,False,False,False,False
2026-01-29 13:00:00,9.87,298.9,10.2,67.8,215.88,1024.98,-15,0,4.63,451.18,67.95,65.01,13,29,1,3,0,-0.2588190451025208,-0.9659258262890683,-0.8754645270000181,0.48328238325500195,1240.8600000000001,119.65863066538093,45.6981,6.9155999999999995,0.17397611334074753,404.14,70.43,515.37,749.7299999999999,False,True,False,False,False,False,False,False,False,False
2026-01-29 17:00:00,3.23,328.4,32.3,86.8,176.4,413.28,26,0,0.28,425.71,77.49,-24.18,17,29,1,3,0,-0.9659258262890683,-0.25881904510252063,-0.5239859059700797,0.8517269341430473,589.68,158.0911528150134,0.9044000000000001,28.0364,0.2991452991452992,451.18,67.95,489.4766666666667,933.3466666666667,False,True,False,False,False,False,False,False,False,False
2026-01-30 02:00:00,9.71,10.0,23.7,67.6,224.28,650.83,-12,0,3.18,588.31,37.35,96.28,2,30,1,4,0,0.49999999999999994,0.8660254037844387,0.17364817766693033,0.984807753012208,875.11,85.71106758080313,30.877800000000004,16.0212,0.25628778096467875,425.71,77.49,427.01,896.2366666666667,False,True,False,False,False,False,False,False,False,False
2026-01-30 06:00:00,4.44,200.6,15.3,89.3,74.97,931.28,25,0,2.69,638.24,15.36,-38.91,6,30,1,4,0,1.0,6.123233995736766e-17,-0.35184164840470156,-0.9360595357389734,1006.25,203.69433198380565,11.9436,13.6629,0.07450434782608696,588.31,37.35,488.3999999999999,901.8833333333333,False,True,False,False,False,False,False,False,False,False
2026-01-30 08:00:00,0.79,100.7,17.9,60.0,418.65,1154.37,-14,0,1.34,683.71,86.9,47.03,8,30,1,4,0,0.8660254037844387,-0.4999999999999998,0.9826127965436152,-0.1856666153855773,1573.02,1219.3953488372092,1.0586000000000002,10.74,0.2661441049700576,638.24,15.36,550.7533333333332,823.68,False,True,False,False,False,False,False,False,False,False
2026-01-30 09:00:00,8.44,203.4,20.0,65.7,85.95,386.89,-3,1,1.09,626.9,38.7,-24.32,9,30,1,4,0,0.7071067811865476,-0.7071067811865475,-0.3971478906347808,-0.917754625683981,472.84,52.8903803131991,9.1996,13.14,0.18177396159377382,683.71,86.9,636.7533333333332,1151.46,False,True,False,False,False,False,False,False,False,False
2026-01-30 10:00:00,4.14,31.7,13.8,91.7,434.97,851.02,-13,0,4.12,706.97,90.21,44.61,10,30,1,4,0,0.49999999999999994,-0.8660254037844387,0.5254716510722678,0.8508111094240512,1285.99,277.15301724137936,17.0568,12.6546,0.33823746685433015,626.9,38.7,649.6166666666667,1017.37,False,True,False,False,False,False,False,False,False,False
2026-01-30 12:00:00,7.51,270.1,30.0,45.3,425.5,829.8,-16,0,3.55,606.47,60.53,-40.27,12,30,1,4,0,1.2246467991473532e-16,-1.0,-0.9999984769132877,0.0017453283658989047,1255.3,156.71660424469414,26.6605,13.59,0.33896279773759264,706.97,90.21,672.5266666666668,1110.6166666666666,False,True,False,False,False,False,False,False,False,False
2026-01-31 08:00:00,6.65,308.4,23.4,79.0,141.11,335.36,-5,0,3.87,749.55,51.11,-41.81,8,31,1,5,1,0.8660254037844387,-0.4999999999999998,-0.7836934573258398,0.6211477802783102,476.47,66.63916083916084,25.735500000000002,18.486,0.296157155749575,606.47,60.53,646.78,1004.71,False,True,False,False,False,False,False,False,False,False
2026-01-31 11:00:00,11.04,152.9,16.1,34.6,84.53,211.24,24,1,1.74,562.6,60.8,-6.91,11,31,1,5,1,0.258819045102521,-0.9659258262890682,0.45554490723351554,-0.8902128046111265,295.77,25.62998266897747,19.2096,5.570600000000001,0.2857963958481253,749.55,51.11,687.6633333333333,1005.92,False,True,False,False,False,False,False,False,False,False
2026-02-01 01:00:00,11.07,212.7,14.2,83.9,442.83,810.51,-4,0,4.46,693.37,59.45,31.27,1,1,2,6,1,0.25881904510252074,0.9659258262890683,-0.5402403204776549,-0.8415107819453063,1253.34,108.32670700086429,49.3722,11.913800000000002,0.35331992914931304,562.6,60.8,639.54,675.8466666666667,False,True,False,False,False,False,False,False,False,False
2026-02-01 07:00:00,4.54,202.4,13.0,49.3,136.42,1150.38,28,1,4.76,491.39,59.82,-49.8,7,1,2,6,1,0.9659258262890683,-0.25881904510252063,-0.3810703763502741,-0.9245460336123131,1286.8000000000002,255.31746031746036,21.6104,6.409,0.1060149207336027,693.37,59.45,668.5066666666667,675.1933333333333,False,True,False,False,False,False,False,False,False,False
2026-02-01 16:00:00,9.63,214.3,19.5,60.9,202.77,233.25,21,0,2.36,624.61,114.96,31.59,16,1,2,6,1,-0.8660254037844384,-0.5000000000000004,-0.5635260489375714,-0.8260982944957639,436.02,43.042448173741356,22.7268,11.875499999999999,0.46504747488647313,491.39,59.82,582.4533333333334,945.3033333333333,False,True,False,False,False,False,False,False,False,False
2026-02-02 14:00:00,11.62,193.7,16.9,90.2,117.28,339.43,-28,0,2.99,589.85,78.9,72.46,14,2,2,0,0,-0.4999999999999997,-0.8660254037844388,-0.23683814606561834,-0.9715491199976463,456.71000000000004,37.68234323432344,34.7438,15.243799999999998,0.25679315101486716,624.61,114.96,603.1233333333333,992.0533333333333,False,True,False,False,False,False,False,False,False,False
2026-02-02 21:00:00,8.63,348.8,32.6,43.5,350.76,463.34,-11,1,1.62,529.9,44.31,3.39,21,2,2,0,0,-0.7071067811865477,0.7071067811865474,-0.19423435121997162,0.9809551553491916,814.0999999999999,89.16757940854325,13.980600000000003,14.181000000000001,0.4308561601768825,589.85,78.9,568.6166666666667,726.5100000000001,False,True,False,False,False,False,False,False,False,False
2026-02-03 20:00:00,1.87,133.9,15.2,62.2,467.02,821.15,-10,1,3.08,585.42,41.5,-5.39,20,3,2,1,0,-0.8660254037844386,0.5000000000000001,0.7205511116803303,-0.6934018282758131,1288.17,543.5316455696203,5.759600000000001,9.4544,0.3625453162237903,529.9,44.31,581.4533333333334,568.9433333333333,False,True,False,False,False,False,False,False,False,False
2026-02-03 23:00:00,7.37,281.0,12.6,44.0,303.84,1024.08,4,0,3.48,748.07,29.92,-18.79,23,3,2,1,0,-0.25881904510252157,0.9659258262890681,-0.9816271834476639,0.1908089953765451,1327.9199999999998,168.73189326556542,25.6476,5.544,0.2288089643954455,585.42,41.5,568.39,852.9933333333333,False,True,False,False,False,False,False,False,False,False
2026-02-04 10:00:00,2.4,18.8,31.0,65.4,280.71,453.49,-3,0,1.16,444.66,64.94,-23.75,10,4,2,2,0,0.49999999999999994,-0.8660254037844387,0.3222656952305111,0.9466492601156964,734.2,253.17241379310346,2.784,20.274,0.3823345137564696,748.07,29.92,621.13,1143.3966666666665,False,True,False,False,False,False,False,False,False,False
2026-02-05 10:00:00,2.41,27.1,29.9,57.2,409.45,264.38,-7,1,2.48,627.98,29.49,61.14,10,5,2,3,0,0.49999999999999994,-0.8660254037844387,0.4555449072335156,0.8902128046111265,673.8299999999999,231.5567010309278,5.9768,17.1028,0.6076458453912709,444.66,64.94,592.7166666666667,1116.7633333333333,False,True,False,False,False,False,False,False,False,False
2026-02-05 20:00:00,7.67,178.1,21.3,51.7,215.77,382.42,-10,1,4.32,733.41,49.36,-6.93,20,5,2,3,0,-0.8660254037844386,0.5000000000000001,0.03315517838852656,-0.9994502159417571,598.19,73.21787025703794,33.1344,11.0121,0.36070479279158796,627.98,29.49,606.9033333333333,911.9833333333332,False,True,False,False,False,False,False,False,False,False
2026-02-06 18:00:00,5.96,250.9,22.0,70.4,72.11,897.27,-11,0,2.09,620.17,74.94,93.53,18,6,2,4,0,-1.0,-1.8369701987210297e-16,-0.9449489121575309,-0.3272178989791038,969.38,150.05882352941177,12.456399999999999,15.488000000000001,0.07438775299676081,733.41,49.36,602.0166666666668,668.74,False,True,False,False,False,False,False,False,False,False
2026-02-07 00:00:00,6.08,28.3,28.3,34.0,215.72,220.7,-15,1,4.58,588.86,41.98,14.66,0,7,2,5,1,0.0,1.0,0.4740882090471163,0.880477353509162,436.41999999999996,66.32522796352583,27.8464,9.622,0.49429448696210077,620.17,74.94,660.52,747.1333333333333,False,True,False,False,False,False,False,False,False,False
2026-02-07 02:00:00,11.68,28.0,30.8,54.7,185.1,753.92,3,0,1.35,573.95,110.22,14.62,2,7,2,5,1,0.49999999999999994,0.8660254037844387,0.4694715627858908,0.882947592858927,939.02,77.0952380952381,15.768,16.847600000000003,0.19712040212136056,588.86,41.98,647.48,667.9966666666667,False,True,False,False,False,False,False,False,False,False
2026-02-07 15:00:00,1.21,17.7,28.2,56.4,302.0,941.57,-7,0,1.65,538.45,26.64,-16.55,15,7,2,5,1,-0.7071067811865471,-0.7071067811865479,0.30403306092549026,0.9526614812535863,1243.5700000000002,727.2339181286551,1.9965,15.9048,0.2428492163690021,573.95,110.22,594.3266666666667,781.6066666666666,False,True,False,False,False,False,False,False,False,False
2026-02-07 19:00:00,1.11,108.6,21.1,38.3,407.55,802.57,29,0,1.91,419.3,66.25,87.01,19,7,2,5,1,-0.9659258262890684,0.2588190451025203,0.9477684100095857,-0.3189593092980699,1210.1200000000001,751.6273291925467,2.1201000000000003,8.0813,0.3367847816745447,538.45,26.64,567.0866666666667,873.0033333333334,False,True,False,False,False,False,False,False,False,False
2026-02-08 14:00:00,11.66,313.0,22.5,75.5,338.73,397.01,3,1,0.81,729.63,100.09,-46.19,14,8,2,6,1,-0.4999999999999997,-0.8660254037844388,-0.7313537016191703,0.6819983600624986,735.74,60.504934210526315,9.444600000000001,16.9875,0.46039361731046297,419.3,66.25,510.56666666666666,1130.9033333333334,False,True,False,False,False,False,False,False,False,False
2026-02-09 04:00:00,11.0,294.6,17.1,55.1,58.17,440.75,-14,0,1.33,734.6,67.84,7.49,4,9,2,0,0,0.8660254037844386,0.5000000000000001,-0.9092361090470683,0.41628079226040177,498.92,43.38434782608696,14.63,9.422100000000002,0.1165918383708811,729.63,100.09,562.46,1063.1433333333334,False,True,False,False,False,False,False,False,False,False
2026-02-10 07:00:00,2.82,311.4,30.6,40.5,324.28,297.83,-2,1,2.67,420.39,38.45,75.39,7,10,2,1,0,0.9659258262890683,-0.25881904510252063,-0.75011106963046,0.6613118653236513,622.1099999999999,187.3825301204819,7.529399999999999,12.392999999999999,0.5212582983716706,734.6,67.84,627.8433333333334,814.9266666666667,False,True,False,False,False,False,False,False,False,False
2026-02-10 21:00:00,11.82,272.4,19.1,78.4,290.28,481.24,3,0,1.73,447.16,64.24,23.57,21,10,2,1,0,-0.7071067811865477,0.7071067811865474,-0.9991228300988584,0.041875653729199505,771.52,62.62337662337662,20.4486,14.974400000000003,0.3762442969722107,420.39,38.45,628.2066666666666,618.9233333333333,False,True,False,False,False,False,False,False,False,False
2026-02-11 14:00:00,2.04,311.2,11.7,50.3,408.01,537.2,-25,0,4.37,427.21,87.96,86.43,14,11,2,2,0,-0.4999999999999997,-0.8660254037844388,-0.7524149088957247,0.6586894601186801,945.21,372.12992125984255,8.9148,5.885099999999999,0.43166068915902284,447.16,64.24,534.05,630.85,False,True,False,False,False,False,False,False,False,False
2026-02-13 14:00:00,8.14,165.5,15.1,39.0,408.19,339.58,26,0,2.3,408.42,33.85,-26.04,14,13,2,4,0,-0.4999999999999997,-0.8660254037844388,0.25038000405444133,-0.9681476403781077,747.77,86.5474537037037,18.722,5.888999999999999,0.5458764058467176,427.21,87.96,431.5866666666666,779.6133333333333,False,True,False,False,False,False,False,False,False,False
2026-02-13 16:00:00,8.56,336.0,29.9,60.5,99.76,791.34,-6,1,1.3,508.74,79.39,22.23,16,13,2,4,0,-0.8660254037844384,-0.5000000000000004,-0.40673664307580015,0.913545457642601,891.1,98.35540838852097,11.128000000000002,18.089499999999997,0.1119515205925261,408.42,33.85,427.59666666666664,821.5,False,True,False,False,False,False,False,False,False,False
2026-02-13 17:00:00,5.22,124.1,24.8,80.9,332.48,289.92,30,1,2.91,745.48,77.59,-4.31,17,13,2,4,0,-0.9659258262890683,-0.25881904510252063,0.8280603346224945,-0.5606389945632415,622.4000000000001,108.81118881118883,15.1902,20.063200000000002,0.5341902313624678,508.74,79.39,448.1233333333333,861.36,False,True,False,False,False,False,False,False,False,False
2026-02-14 08:00:00,5.75,357.4,32.8,32.3,212.49,293.18,-29,1,3.17,492.67,14.29,97.28,8,14,2,5,1,0.8660254037844387,-0.4999999999999998,-0.045362988129253864,0.9989705697907147,505.67,80.9072,18.2275,10.594399999999998,0.4202147645697787,745.48,77.59,554.2133333333333,753.7566666666667,False,True,False,False,False,False,False,False,False,False
2026-02-15 06:00:00,2.72,40.6,18.6,79.8,117.45,889.47,3,1,4.59,693.82,81.66,42.95,6,15,2,6,1,1.0,6.123233995736766e-17,0.6507742172658509,0.7592713073348808,1006.9200000000001,312.7080745341615,12.4848,14.8428,0.11664283160529137,492.67,14.29,582.2966666666666,673.0566666666667,False,True,False,False,False,False,False,False,False,False
2026-02-15 09:00:00,9.47,59.3,24.7,57.4,101.19,513.76,20,0,2.01,473.3,82.61,15.1,9,15,2,6,1,0.7071067811865476,-0.7071067811865475,0.8598522715968734,0.5105429179116058,614.95,61.680040120361085,19.0347,14.1778,0.16454996341165948,693.82,81.66,643.99,711.6633333333334,False,True,False,False,False,False,False,False,False,False
2026-02-15 10:00:00,5.92,154.7,23.0,81.6,112.45,614.62,7,1,0.01,595.05,117.64,96.16,10,15,2,6,1,0.49999999999999994,-0.8660254037844387,0.42735786338719256,-0.9040825496607783,727.07,113.25077881619939,0.0592,18.768,0.15466186199403084,473.3,82.61,553.2633333333333,709.18,False,True,False,False,False,False,False,False,False,False
2026-02-15 13:00:00,4.33,163.2,20.6,94.7,321.91,1116.87,19,0,4.34,485.69,77.75,-37.28,13,15,2,6,1,-0.2588190451025208,-0.9659258262890683,0.2890317969444717,-0.9573194975320672,1438.78,297.8840579710145,18.7922,19.508200000000002,0.2237381670582021,595.05,117.64,587.39,782.98,False,True,False,False,False,False,False,False,False,False
2026-02-16 01:00:00,8.79,198.2,22.8,31.3,368.2,495.15,2,1,0.82,650.73,41.8,-29.06,1,16,2,0,0,0.25881904510252074,0.9659258262890683,-0.3123349185122322,-0.9499720515246526,863.3499999999999,92.93326157158235,7.207799999999999,7.1364,0.4264782533155731,485.69,77.75,518.0133333333333,926.9333333333334,False,True,False,False,False,False,False,False,False,False
2026-02-16 05:00:00,0.75,114.1,14.7,47.2,378.82,1150.96,3,0,3.62,721.75,35.78,-35.43,5,16,2,0,0,0.9659258262890683,0.25881904510252074,0.9128341772330428,-0.4083304603813849,1529.78,1223.824,2.715,6.938400000000001,0.24763037822431982,650.73,41.8,577.1566666666666,1009.7333333333335,False,True,False,False,False,False,False,False,False,False
2026-02-16 22:00:00,4.36,278.6,21.9,37.4,98.67,416.09,-27,0,2.61,745.95,69.16,-32.52,22,16,2,0,0,-0.5000000000000004,0.8660254037844384,-0.9887563810470058,0.14953534344370978,514.76,105.91769547325102,11.3796,8.1906,0.19168156033879866,721.75,35.78,619.39,1277.3033333333333,False,True,False,False,False,False,False,False,False,False
2026-02-17 08:00:00,3.75,173.6,13.3,71.4,321.31,261.53,-14,1,2.08,714.32,65.68,43.95,8,17,2,1,0,0.8660254037844387,-0.4999999999999998,0.11146893220632574,-0.9937679191605964,582.8399999999999,137.13882352941175,7.800000000000001,9.496200000000002,0.5512833710795416,745.95,69.16,706.1433333333334,969.2966666666666,False,True,False,False,False,False,False,False,False,False
2026-02-17 18:00:00,3.48,335.4,28.6,56.6,425.3,487.72,11,0,1.29,719.76,42.91,99.84,18,17,2,1,0,-1.0,-1.8369701987210297e-16,-0.4162807922604013,0.9092361090470684,913.02,229.40201005025125,4.4892,16.187600000000003,0.4658167400495061,714.32,65.68,727.34,875.7933333333334,False,True,False,False,False,False,False,False,False,False
2026-02-17 19:00:00,4.14,32.0,25.5,88.2,113.13,290.89,-7,1,1.77,561.25,43.59,37.24,19,17,2,1,0,-0.9659258262890684,0.2588190451025203,0.5299192642332049,0.848048096156426,404.02,87.07327586206897,7.3278,22.491,0.2800108905499728,719.76,42.91,726.6766666666667,670.2066666666666,False,True,False,False,False,False,False,False,False,False
2026-02-18 00:00:00,4.35,132.0,33.5,87.9,190.7,1110.74,17,0,1.27,427.48,27.94,-44.41,0,18,2,2,0,0.0,1.0,0.7431448254773942,-0.6691306063588582,1301.44,268.3381443298969,5.5245,29.4465,0.14652999754118515,561.25,43.59,665.11,633.2933333333333,False,True,False,False,False,False,False,False,False,False
2026-02-18 09:00:00,6.68,69.7,28.8,56.4,478.22,406.34,-10,1,1.47,683.72,72.2,-23.71,9,18,2,2,0,0.7071067811865476,-0.7071067811865475,0.9378889346118976,0.34693565157325584,884.56,123.19777158774373,9.8196,16.243199999999998,0.54063036990142,427.48,27.94,569.4966666666666,872.8266666666667,False,True,False,False,False,False,False,False,False,False
2026-02-18 21:00:00,11.74,99.1,23.3,66.4,464.94,786.97,-16,0,4.52,517.32,43.58,-22.2,21,18,2,2,0,-0.7071067811865477,0.7071067811865474,0.9874138067509115,-0.15815806725448336,1251.91,102.28022875816994,53.0648,15.471200000000001,0.3713845244466455,683.72,72.2,557.4833333333333,863.34,False,True,False,False,False,False,False,False,False,False
2026-02-19 02:00:00,6.75,344.8,15.8,90.7,391.31,672.1,21,0,4.31,588.97,109.04,17.49,2,19,2,3,0,0.49999999999999994,0.8660254037844387,-0.26218917864086444,0.9650164944723115,1063.41,146.67724137931035,29.092499999999998,14.330600000000002,0.3679766035677678,517.32,43.58,542.84,1145.97,False,True,False,False,False,False,False,False,False,False
2026-02-19 11:00:00,4.49,29.8,20.9,63.6,158.83,1070.19,17,0,3.08,724.11,50.41,71.7,11,19,2,3,0,0.258819045102521,-0.9659258262890682,0.49697396102755537,0.8677654533689284,1229.02,246.29659318637272,13.8292,13.2924,0.12923304746871492,588.97,109.04,596.6700000000001,1066.6266666666668,False,True,False,False,False,False,False,False,False,False
2026-02-19 15:00:00,9.63,156.5,19.7,35.8,252.56,578.51,-22,1,2.59,645.32,50.94,-15.99,15,19,2,3,0,-0.7071067811865471,-0.7071067811865479,0.39874906892524614,-0.917060074385124,831.0699999999999,82.04047384007896,24.9417,7.052599999999999,0.30389738529847066,724.11,50.41,610.1333333333333,1181.4466666666667,False,True,False,False,False,False,False,False,False,False
2026-02-19 21:00:00,6.3,74.1,14.3,66.8,389.97,984.13,17,0,2.61,624.31,107.34,7.52,21,19,2,3,0,-0.7071067811865477,0.7071067811865474,0.9617413095492113,0.27395921869243256,1374.1,202.0735294117647,16.442999999999998,9.5524,0.28380030565461034,645.32,50.94,652.8000000000001,1041.1666666666667,False,True,False,False,False,False,False,False,False,False
2026-02-20 11:00:00,4.78,322.6,27.6,36.5,164.25,217.62,0,0,0.86,426.96,34.46,82.84,11,20,2,4,0,0.258819045102521,-0.9659258262890682,-0.6073758397232863,0.7944146205354183,381.87,72.32386363636364,4.1108,10.074000000000002,0.4301201979731322,624.31,107.34,664.58,1144.7299999999998,False,True,False,False,False,False,False,False,False,False
2026-02-20 20:00:00,4.5,94.5,21.4,89.6,427.81,1050.25,16,1,3.65,597.92,100.57,97.33,20,20,2,4,0,-0.8660254037844386,0.5000000000000001,0.996917333733128,-0.07845909572784487,1478.06,295.61199999999997,16.425,19.1744,0.28944021217000665,426.96,34.46,565.53,862.3466666666667,False,True,False,False,False,False,False,False,False,False
2026-02-21 12:00:00,2.71,336.4,24.3,48.1,366.84,1057.98,4,0,1.04,524.22,69.4,19.89,12,21,2,5,1,1.2246467991473532e-16,-1.0,-0.4003490325568953,0.9163627295622394,1424.82,443.86915887850466,2.8184,11.688300000000002,0.25746410072851306,597.92,100.57,549.73,1078.01,False,True,False,False,False,False,False,False,False,False
2026-02-22 03:00:00,9.01,171.1,16.2,37.1,278.5,889.49,-8,0,3.46,520.92,82.52,18.47,3,22,2,6,1,0.7071067811865475,0.7071067811865476,0.15471038629946832,-0.9879598657693891,1167.99,122.81703470031546,31.174599999999998,6.0102,0.23844382229299907,524.22,69.4,516.3666666666667,1094.9166666666667,False,True,False,False,False,False,False,False,False,False
2026-02-22 06:00:00,0.85,179.3,26.0,86.8,450.48,286.87,-6,0,1.16,534.3,46.21,-12.06,6,22,2,6,1,1.0,6.123233995736766e-17,0.012217000835246974,-0.999925369660452,737.35,546.1851851851852,0.9859999999999999,22.567999999999998,0.6109445989014715,520.92,82.52,547.6866666666666,1356.9566666666667,False,True,False,False,False,False,False,False,False,False
2026-02-22 20:00:00,2.96,160.8,27.4,55.2,61.24,777.43,-12,1,0.92,423.24,56.46,19.91,20,22,2,6,1,-0.8660254037844386,0.5000000000000001,0.32886664673858296,-0.9443763702374811,838.67,242.39017341040463,2.7232000000000003,15.1248,0.07302037750247416,534.3,46.21,526.48,1110.0533333333335,False,True,False,False,False,False,False,False,False,False
2026-02-23 00:00:00,4.72,194.7,26.1,78.2,240.66,1170.59,9,1,2.15,748.09,27.95,73.45,0,23,2,0,0,0.0,1.0,-0.25375794458480555,-0.9672677527758768,1411.25,270.3544061302682,10.148,20.410200000000003,0.17052967227635074,423.24,56.46,492.82,914.6700000000001,False,True,False,False,False,False,False,False,False,False
2026-02-23 20:00:00,4.29,269.5,12.1,61.5,324.44,168.69,9,0,2.39,595.97,56.88,-28.23,20,23,2,0,0,-0.8660254037844386,0.5000000000000001,-0.9999619230641713,-0.008726535498373576,493.13,102.94989561586638,10.2531,7.4415,0.65791981830349,748.09,27.95,568.5433333333334,995.7566666666668,False,True,False,False,False,False,False,False,False,False
2026-02-24 15:00:00,4.34,208.7,34.4,85.7,296.16,1134.26,27,0,4.82,658.92,109.55,-10.0,15,24,2,1,0,-0.7071067811865471,-0.7071067811865479,-0.4802234974431887,-0.8771461637055888,1430.42,295.54132231404964,20.9188,29.4808,0.20704408495406945,595.97,56.88,589.1,914.35,False,True,False,False,False,False,False,False,False,False
2026-02-24 17:00:00,10.72,328.2,23.9,91.5,229.37,1054.38,-19,1,1.82,447.98,59.86,-48.52,17,24,2,1,0,-0.9659258262890683,-0.25881904510252063,-0.5269557954966778,0.8498926929868638,1283.75,114.41622103386808,19.5104,21.868499999999997,0.17867185978578384,658.92,109.55,667.66,1111.6000000000001,False,True,False,False,False,False,False,False,False,False
2026-02-24 21:00:00,1.09,67.2,17.7,51.6,448.02,118.89,9,0,1.46,431.44,30.56,66.48,21,24,2,1,0,-0.7071067811865477,0.7071067811865474,0.9218631515885005,0.38751558645210293,566.91,356.5471698113207,1.5914000000000001,9.133199999999999,0.790284172090808,447.98,59.86,567.6233333333333,1069.1000000000001,False,True,False,False,False,False,False,False,False,False
2026-02-25 03:00:00,4.21,0.1,24.9,71.9,122.18,1162.19,12,1,3.42,593.69,28.43,0.58,3,25,2,2,0,0.7071067811865475,0.7071067811865476,0.0017453283658983088,0.9999984769132877,1284.3700000000001,272.6900212314225,14.3982,17.9031,0.09512835086462623,431.44,30.56,512.7800000000001,1093.6933333333334,False,True,False,False,False,False,False,False,False,False
2026-02-25 16:00:00,10.09,198.2,21.3,41.5,358.63,740.33,13,1,2.44,484.96,36.2,-43.06,16,25,2,2,0,-0.8660254037844384,-0.5000000000000004,-0.3123349185122322,-0.9499720515246526,1098.96,103.77337110481587,24.6196,8.839500000000001,0.3263358084006697,593.69,28.43,491.0366666666667,1045.01,False,True,False,False,False,False,False,False,False,False
2026-02-25 19:00:00,5.77,285.4,20.7,30.5,81.27,842.89,0,0,1.71,710.91,102.09,73.8,19,25,2,2,0,-0.9659258262890684,0.2588190451025203,-0.9640954042341103,0.2655561174868079,924.16,147.3939393939394,9.8667,6.3135,0.08793931786703602,484.96,36.2,503.3633333333334,983.4133333333334,False,True,False,False,False,False,False,False,False,False
2026-02-25 23:00:00,1.44,354.4,29.5,88.0,427.25,320.94,11,0,2.59,556.85,18.17,67.97,23,25,2,2,0,-0.25881904510252157,0.9659258262890681,-0.09758289975914985,0.9952273999818312,748.19,385.6649484536083,3.7295999999999996,25.96,0.571044788088587,710.91,102.09,596.52,1102.4966666666667,False,True,False,False,False,False,False,False,False,False
2026-02-26 01:00:00,3.87,54.8,25.9,73.7,360.49,380.23,17,0,3.79,438.24,58.1,23.03,1,26,2,3,0,0.25881904510252074,0.9659258262890683,0.8171448983351285,0.5764323161697933,740.72,169.50114416475972,14.667300000000001,19.0883,0.4866751269035533,556.85,18.17,584.2399999999999,923.77,False,True,False,False,False,False,False,False,False,False
2026-02-26 19:00:00,1.07,7.3,19.3,30.1,475.27,716.57,2,1,1.41,528.98,103.96,43.75,19,26,2,3,0,-0.9659258262890684,0.2588190451025203,0.1270646086013505,0.9918944425900297,1191.8400000000001,759.1337579617835,1.5087,5.8093,0.3987699691233722,438.24,58.1,568.6666666666666,804.3566666666667,False,True,False,False,False,False,False,False,False,False
2026-02-26 21:00:00,2.06,175.3,12.4,94.0,478.93,670.15,-8,1,3.87,660.51,98.12,-12.76,21,26,2,3,0,-0.7071067811865477,0.7071067811865474,0.08193850863004083,-0.9966373868180366,1149.08,448.85937499999994,7.972200000000001,11.656,0.4167943050092248,528.98,103.96,508.02333333333337,893.5833333333335,False,True,False,False,False,False,False,False,False,False
2026-02-27 14:00:00,8.51,12.3,33.0,74.3,51.77,770.98,9,0,4.74,552.67,93.55,83.06,14,27,2,4,0,-0.4999999999999997,-0.8660254037844388,0.21303038627497659,0.9770455744352636,822.75,91.31520532741399,40.3374,24.519000000000002,0.06292312367061684,660.51,98.12,542.5766666666667,1027.2133333333334,False,True,False,False,False,False,False,False,False,False
2026-02-28 01:00:00,11.8,229.5,14.3,58.7,462.84,818.92,14,0,1.93,634.74,76.02,-47.21,1,28,2,5,1,0.25881904510252074,0.9659258262890683,-0.7604059656000312,-0.6494480483301834,1281.76,104.20813008130081,22.774,8.394100000000002,0.3610972412932218,552.67,93.55,580.7199999999999,1054.5566666666666,False,True,False,False,False,False,False,False,False,False
2026-02-28 22:00:00,8.12,85.2,23.0,45.7,146.78,462.7,19,1,3.82,434.82,27.77,66.1,22,28,2,5,1,-0.5000000000000004,0.8660254037844384,0.9964928592495044,0.08367784333231544,609.48,70.70533642691416,31.018399999999996,10.511000000000001,0.2408282470302553,634.74,76.02,615.9733333333334,1084.53,False,True,False,False,False,False,False,False,False,False
2026-02-28 23:00:00,8.73,320.3,26.4,40.9,345.3,607.83,30,1,2.87,630.67,65.19,37.15,23,28,2,5,1,-0.25881904510252157,0.9659258262890681,-0.6387678175155975,0.7693995550468952,953.1300000000001,103.26435536294692,25.055100000000003,10.7976,0.3622800667275188,434.82,27.77,540.7433333333333,904.6633333333333,False,True,False,False,False,False,False,False,False,False
2026-03-01 10:00:00,1.39,259.3,20.5,47.1,456.6,345.31,-25,0,1.74,429.22,101.23,28.46,10,1,3,6,1,0.49999999999999994,-0.8660254037844387,-0.9826127965436152,-0.1856666153855773,801.9100000000001,424.2910052910054,2.4185999999999996,9.6555,0.5693905799902732,630.67,65.19,566.7433333333332,948.1233333333333,False,True,False,False,False,False,False,False,False,False
2026-03-01 17:00:00,3.3,23.7,12.4,69.8,66.87,696.69,-29,0,1.84,628.94,66.51,97.0,17,1,3,6,1,-0.9659258262890683,-0.25881904510252063,0.4019477766559601,0.9156625933395611,763.5600000000001,200.9368421052632,6.072,8.6552,0.08757661480433758,429.22,101.23,498.2366666666666,788.1733333333335,False,True,False,False,False,False,False,False,False,False
2026-03-01 23:00:00,9.24,316.6,31.2,76.7,72.47,707.01,9,1,4.39,507.53,47.15,94.11,23,1,3,6,1,-0.25881904510252157,0.9659258262890681,-0.6870875108044225,0.7265746709709764,779.48,80.02874743326488,40.5636,23.9304,0.0929722379021912,628.94,66.51,562.9433333333333,839.5333333333334,False,True,False,False,False,False,False,False,False,False
2026-03-02 05:00:00,1.55,340.2,27.2,74.3,238.27,322.73,-13,0,0.2,681.59,38.53,70.42,5,2,3,0,0,0.9659258262890683,0.25881904510252074,-0.3387379202452914,0.9408807689542255,561.0,273.6585365853659,0.31000000000000005,20.2096,0.42472370766488415,507.53,47.15,521.8966666666666,781.6500000000001,False,True,False,False,False,False,False,False,False,False
2026-03-02 10:00:00,2.62,175.1,17.2,32.6,193.84,819.18,3,0,3.83,459.77,58.22,-18.41,10,2,3,0,0,0.49999999999999994,-0.8660254037844387,0.0854169231373676,-0.9963452961909064,1013.02,324.6858974358974,10.034600000000001,5.607200000000001,0.1913486406981106,681.59,38.53,606.02,701.3466666666667,False,True,False,False,False,False,False,False,False,False
2026-03-02 17:00:00,9.92,47.7,20.6,60.5,419.51,410.01,-17,1,2.54,716.54,54.54,-27.53,17,2,3,0,0,-0.9659258262890683,-0.25881904510252063,0.7396310949786097,0.6730125135097733,829.52,79.6084452975048,25.1968,12.463000000000001,0.5057262031054104,459.77,58.22,549.63,784.5,False,True,False,False,False,False,False,False,False,False
2026-03-03 17:00:00,9.49,18.7,24.0,38.2,209.9,156.4,-10,0,4.81,713.78,94.65,-15.1,17,3,3,1,0,-0.9659258262890683,-0.25881904510252063,0.32061299058567627,0.9472102777460288,366.3,36.666666666666664,45.646899999999995,9.168000000000001,0.573027573027573,716.54,54.54,619.3000000000001,801.18,False,True,False,False,False,False,False,False,False,False
2026-03-03 19:00:00,10.1,165.0,14.4,52.4,424.88,307.46,11,1,3.92,409.81,58.45,30.63,19,3,3,1,0,-0.9659258262890684,0.2588190451025203,0.258819045102521,-0.9659258262890682,732.3399999999999,69.08867924528302,39.592,7.545599999999999,0.5801676816779092,713.78,94.65,630.0299999999999,736.2800000000001,False,True,False,False,False,False,False,False,False,False
2026-03-03 21:00:00,9.1,87.0,30.3,59.7,59.52,862.09,-8,0,3.57,678.86,24.88,-11.5,21,3,3,1,0,-0.7071067811865477,0.7071067811865474,0.9986295347545738,0.052335956242943966,921.61,96.00104166666667,32.486999999999995,18.089100000000002,0.06458263256692093,409.81,58.45,613.3766666666667,642.72,False,True,False,False,False,False,False,False,False,False
2026-03-04 02:00:00,11.52,34.9,11.5,42.0,66.6,341.3,-5,0,3.1,732.19,102.21,26.1,2,4,3,2,0,0.49999999999999994,0.8660254037844387,0.5721458734455162,0.8201518758737721,407.9,33.935108153078204,35.711999999999996,4.83,0.1632753125766119,678.86,24.88,600.8166666666667,673.4166666666666,False,True,False,False,False,False,False,False,False,False
2026-03-04 10:00:00,11.02,280.8,14.4,55.2,276.14,222.76,-16,1,3.5,722.12,70.74,-23.71,10,4,3,2,0,0.49999999999999994,-0.8660254037844387,-0.9822872507286886,0.18738131458572513,498.9,43.307291666666664,38.57,7.948800000000001,0.5534976949288435,732.19,102.21,606.9533333333334,687.2833333333333,False,True,False,False,False,False,False,False,False,False
2026-01-01 06:00:00,9.16,83.8,24.0,57.8,333.68,407.55,-28,1,2.63,584.49,93.92,-24.7,6,1,1,3,0,1.0,6.123233995736766e-17,0.9941509639723154,0.10799935570602284,741.23,76.73188405797102,24.090799999999998,13.871999999999998,0.4501706622775657,588.97575,64.4629375,588.50509375,955.5909479166669,False,False,True,False,False,False,False,False,False,False
2026-01-01 13:00:00,3.77,146.0,29.2,68.3,393.19,1119.89,-20,0,0.45,468.86,87.3,30.07,13,1,1,3,0,-0.2588190451025208,-0.9659258262890683,0.5591929034707469,-0.8290375725550416,1513.0800000000002,354.35128805620616,1.6965000000000001,19.9436,0.2598606815237793,584.49,93.92,584.49,741.23,False,False,True,False,False,False,False,False,False,False
2026-01-02 03:00:00,7.23,348.6,14.3,48.8,199.05,229.21,-28,0,2.3,695.98,67.86,-49.04,3,2,1,4,0,0.7071067811865475,0.7071067811865476,-0.19765734037912558,0.980271174621722,428.26,55.40232858990944,16.629,6.978400000000001,0.4647877457619204,468.86,87.3,526.675,1127.1550000000002,False,False,True,False,False,False,False,False,False,False
2026-01-02 07:00:00,9.93,108.6,25.3,84.9,402.83,543.03,24,0,2.13,474.44,116.44,-43.01,7,2,1,4,0,0.9659258262890683,-0.25881904510252063,0.9477684100095857,-0.3189593092980699,945.8599999999999,90.68648130393096,21.1509,21.4797,0.4258875520690166,695.98,67.86,583.11,894.19,False,False,True,False,False,False,False,False,False,False
2026-01-02 09:00:00,6.23,109.3,27.9,74.9,191.78,864.95,18,0,1.17,588.24,32.02,61.74,9,2,1,4,0,0.7071067811865476,-0.7071067811865475,0.9438009515832295,-0.3305143927132229,1056.73,157.01783060921247,7.2891,20.897100000000002,0.181484390525489,474.44,116.44,546.4266666666666,962.4,False,False,True,False,False,False,False,False,False,False
2026-01-03 02:00:00,0.74,243.8,18.5,55.1,409.81,594.29,-5,1,4.07,661.63,26.43,-21.45,2,3,1,5,1,0.49999999999999994,0.8660254037844387,-0.8972583696743284,-0.4415058527917453,1004.0999999999999,809.7580645161289,3.0118,10.1935,0.40813663977691467,588.24,32.02,586.22,810.2833333333333,False,False,True,False,False,False,False,False,False,False
2026-01-04 14:00:00,7.96,227.9,18.0,46.6,222.89,109.18,-19,0,2.14,571.83,48.57,70.48,14,4,1,6,1,-0.4999999999999997,-0.8660254037844388,-0.7419758409756165,-0.670426618958799,332.07,39.25177304964539,17.0344,8.388,0.6712139006835908,661.63,26.43,574.77,1002.2299999999999,False,False,True,False,False,False,False,False,False,False
2026-01-04 17:00:00,5.99,259.0,10.6,56.7,89.88,343.34,-11,0,1.48,407.86,39.2,85.86,17,4,1,6,1,-0.9659258262890683,-0.25881904510252063,-0.981627183447664,-0.1908089953765446,433.21999999999997,66.75192604006163,8.8652,6.0102,0.20746964590739117,571.83,48.57,607.2333333333333,797.6333333333333,False,False,True,False,False,False,False,False,False,False
2026-01-04 18:00:00,7.42,10.1,20.8,91.6,465.0,1185.48,-25,1,3.7,746.53,115.28,95.97,18,4,1,6,1,-1.0,-1.8369701987210297e-16,0.1753667260919871,0.9845031799744366,1650.48,208.3939393939394,27.454,19.0528,0.2817362221899084,407.86,39.2,547.1066666666667,589.7966666666666,False,False,True,False,False,False,False,False,False,False
2026-01-05 10:00:00,6.71,95.5,28.1,88.2,285.07,1000.03,19,0,3.3,692.86,13.41,-5.65,10,5,1,0,0,0.49999999999999994,-0.8660254037844387,0.9953961983671789,-0.09584575252022395,1285.1,178.2385575589459,22.142999999999997,24.784200000000002,0.22182709516769125,746.53,115.28,575.4066666666666,805.2566666666667,False,False,True,False,False,False,False,False,False,False
2026-01-05 13:00:00,10.94,329.7,22.3,76.6,354.74,301.18,18,0,2.41,687.44,74.6,-19.47,13,5,1,0,0,-0.2588190451025208,-0.9659258262890683,-0.5045276238150195,0.8633955506067715,655.9200000000001,57.33566433566435,26.3654,17.081799999999998,0.5408281497743627,692.86,13.41,615.75,1122.9333333333332,False,False,True,False,False,False,False,False,False,False
2026-01-05 15:00:00,3.91,286.2,34.5,56.2,490.22,1059.23,30,1,2.5,506.51,88.78,50.4,15,5,1,0,0,-0.7071067811865471,-0.7071067811865479,-0.9602936856769431,0.2789911060392292,1549.45,351.3492063492063,9.775,19.389,0.3163832327600116,687.44,74.6,708.9433333333333,1197.1666666666667,False,False,True,False,False,False,False,False,False,False
2026-01-05 17:00:00,2.24,351.9,22.2,62.9,211.58,624.47,15,1,4.56,423.02,103.34,39.94,17,5,1,0,0,-0.9659258262890683,-0.25881904510252063,-0.140901231937583,0.9900236577165575,836.0500000000001,305.12773722627736,10.2144,13.963799999999999,0.2530709885772382,506.51,88.78,628.9366666666666,1163.49,False,False,True,False,False,False,False,False,False,False
2026-01-06 02:00:00,5.98,123.2,30.8,57.0,458.62,898.57,30,0,3.04,415.58,61.33,34.66,2,6,1,1,0,0.49999999999999994,0.8660254037844387,0.8367643134589617,-0.5475632234925502,1357.19,209.4429012345679,18.1792,17.556,0.3379187880842034,423.02,103.34,538.9899999999999,1013.8066666666667,False,False,True,False,False,False,False,False,False,False
2026-01-06 12:00:00,8.8,43.3,11.0,68.1,265.04,726.68,-8,0,2.31,448.31,25.87,-46.65,12,6,1,1,0,1.2246467991473532e-16,-1.0,0.6858183529273761,0.7277727576572105,991.72,106.63655913978494,20.328000000000003,7.490999999999999,0.2672528536280402,415.58,61.33,448.36999999999995,1247.5633333333333,False,False,True,False,False,False,False,False,False,False
2026-01-07 06:00:00,4.88,286.7,18.8,91.3,124.89,686.52,15,0,2.31,497.32,114.32,66.48,6,7,1,2,0,1.0,6.123233995736766e-17,-0.957822494845315,0.28736051984971145,811.41,150.81970260223048,11.2728,17.1644,0.15391725514844531,448.31,25.87,428.96999999999997,1061.6533333333334,False,False,True,False,False,False,False,False,False,False
2026-01-07 13:00:00,1.06,52.0,19.9,85.5,304.54,753.02,0,1,2.38,676.07,27.82,8.82,13,7,1,2,0,-0.2588190451025208,-0.9659258262890683,0.788010753606722,0.6156614753256583,1057.56,677.9230769230769,2.5228,17.014499999999998,0.2879647490449715,497.32,114.32,453.7366666666667,1053.44,False,False,True,False,False,False,False,False,False,False
2026-01-08 02:00:00,6.72,146.4,14.2,61.3,245.98,719.82,-13,0,0.83,502.55,66.96,97.58,2,8,1,3,0,0.49999999999999994,0.8660254037844387,0.5533915492433441,-0.8329212407100994,965.8000000000001,133.7673130193906,5.5775999999999994,8.7046,0.2546904120936011,676.07,27.82,540.5666666666667,953.5633333333334,False,False,True,False,False,False,False,False,False,False
2026-01-08 16:00:00,2.38,292.7,14.7,72.2,320.7,791.62,-18,0,3.84,507.33,88.19,8.02,16,8,1,3,0,-0.8660254037844384,-0.5000000000000004,-0.9225380894562464,0.38590604232431863,1112.32,386.22222222222223,9.139199999999999,10.613399999999999,0.2883163118527043,502.55,66.96,558.6466666666666,944.9233333333333,False,False,True,False,False,False,False,False,False,False
2026-01-09 12:00:00,1.63,288.3,17.2,50.2,440.75,716.42,-30,1,2.01,737.04,43.45,14.46,12,9,1,4,0,1.2246467991473532e-16,-1.0,-0.9494254776419038,0.31399245596740527,1157.17,543.2723004694836,3.2762999999999995,8.634400000000001,0.38088612736244454,507.33,88.19,561.9833333333332,1045.2266666666667,False,False,True,False,False,False,False,False,False,False
2026-01-09 15:00:00,6.72,211.0,10.6,84.1,293.76,161.2,19,0,1.87,633.02,93.9,38.37,15,9,1,4,0,-0.7071067811865471,-0.7071067811865479,-0.5150380749100542,-0.8571673007021123,454.96,63.013850415512465,12.5664,8.9146,0.6456831369790751,737.04,43.45,582.3066666666667,1078.43,False,False,True,False,False,False,False,False,False,False
2026-01-09 17:00:00,1.02,69.2,23.4,62.1,295.41,649.13,9,0,1.51,619.18,93.9,-44.56,17,9,1,4,0,-0.9659258262890683,-0.25881904510252063,0.9348256763960145,0.35510696240813694,944.54,621.4078947368421,1.5402,14.531399999999998,0.31275541533444856,633.02,93.9,625.7966666666666,908.1500000000001,False,False,True,False,False,False,False,False,False,False
2026-01-09 18:00:00,11.38,167.0,17.0,30.6,73.04,470.66,-28,1,1.39,644.51,58.37,-16.31,18,9,1,4,0,-1.0,-1.8369701987210297e-16,0.2249510543438652,-0.9743700647852351,543.7,45.76599326599327,15.8182,5.202000000000001,0.1343387897737723,619.18,93.9,663.08,852.2233333333335,False,False,True,False,False,False,False,False,False,False
2026-01-10 10:00:00,1.38,146.3,20.6,77.6,407.17,1119.21,26,1,1.45,503.52,103.81,-16.22,10,10,1,5,1,0.49999999999999994,-0.8660254037844387,0.5548444274479992,-0.8319541221304826,1526.38,811.904255319149,2.001,15.9856,0.2667553296033753,644.51,58.37,632.2366666666666,647.7333333333335,False,False,True,False,False,False,False,False,False,False
2026-01-10 23:00:00,8.88,233.3,20.4,83.8,197.32,1177.36,-1,0,4.75,616.37,39.17,-14.74,23,10,1,5,1,-0.25881904510252157,0.9659258262890681,-0.8017756442437538,-0.5976251469755214,1374.6799999999998,146.55437100213217,42.18000000000001,17.0952,0.14353885995286178,503.52,103.81,589.07,1004.8733333333336,False,False,True,False,False,False,False,False,False,False
2026-01-11 00:00:00,4.13,88.4,21.7,40.2,401.43,425.63,-29,0,0.55,707.36,108.07,81.76,0,11,1,6,1,0.0,1.0,0.9996101150403544,0.02792163872356876,827.06,178.63066954643628,2.2715,8.7234,0.4853698643387421,616.37,39.17,588.1333333333333,1148.2533333333333,False,False,True,False,False,False,False,False,False,False
2026-01-11 01:00:00,5.02,258.3,19.2,68.6,428.2,1057.98,-2,1,2.31,557.48,17.86,29.71,1,11,1,6,1,0.25881904510252074,0.9659258262890683,-0.9792228106217657,-0.20278729535651238,1486.18,269.23550724637687,11.5962,13.171199999999999,0.28812122353954434,707.36,108.07,609.0833333333334,1242.706666666667,False,False,True,False,False,False,False,False,False,False
2026-01-11 15:00:00,3.27,101.3,13.2,50.4,204.99,632.78,-29,1,4.4,694.43,92.36,-38.05,15,11,1,6,1,-0.7071067811865471,-0.7071067811865479,0.980614658546613,-0.19594614424251758,837.77,222.22015915119363,14.388000000000002,6.6528,0.24468529548682813,557.48,17.86,627.07,1229.3066666666668,False,False,True,False,False,False,False,False,False,False
2026-01-11 17:00:00,10.05,84.4,11.9,55.4,391.8,241.83,24,1,4.29,596.65,101.69,9.88,17,11,1,6,1,-0.9659258262890683,-0.25881904510252063,0.9952273999818312,0.09758289975914945,633.63,60.05971563981042,43.11450000000001,6.5926,0.6183419345674921,694.43,92.36,653.09,1050.3366666666668,False,False,True,False,False,False,False,False,False,False
2026-01-11 23:00:00,9.69,2.6,16.4,90.5,354.69,399.69,26,0,0.92,683.74,110.32,-14.3,23,11,1,6,1,-0.25881904510252157,0.9659258262890681,0.04536298812925378,0.9989705697907147,754.38,74.03140333660451,8.9148,14.841999999999999,0.470174182772608,596.65,101.69,616.1866666666666,985.8600000000002,False,False,True,False,False,False,False,False,False,False
2026-01-12 10:00:00,5.28,277.1,15.6,69.6,59.11,662.11,7,1,2.7,454.11,111.96,-23.05,10,12,1,0,0,0.49999999999999994,-0.8660254037844387,-0.9923319378854887,0.12360147674049281,721.22,124.77854671280276,14.256000000000002,10.8576,0.08195834835417765,683.74,110.32,658.2733333333333,741.9266666666668,False,False,True,False,False,False,False,False,False,False
2026-01-12 13:00:00,6.48,341.0,19.2,63.8,286.36,1031.87,10,0,3.06,659.05,71.8,-26.55,13,12,1,0,0,-0.2588190451025208,-0.9659258262890683,-0.3255681544571567,0.9455185755993168,1318.23,188.85816618911173,19.8288,12.249599999999997,0.21723068053374603,454.11,111.96,578.1666666666666,703.0766666666668,False,False,True,False,False,False,False,False,False,False
2026-01-12 19:00:00,2.33,31.5,26.3,77.9,212.24,210.03,-16,1,2.08,557.8,16.45,-4.27,19,12,1,0,0,-0.9659258262890684,0.2588190451025203,0.5224985647159488,0.8526401643540922,422.27,149.21201413427562,4.8464,20.4877,0.5026168091505435,659.05,71.8,598.9666666666667,931.2766666666668,False,False,True,False,False,False,False,False,False,False
2026-01-13 03:00:00,6.06,342.8,22.4,66.0,245.95,1046.66,14,1,4.44,533.86,109.76,7.18,3,13,1,1,0,0.7071067811865475,0.7071067811865476,-0.29570805004404693,0.9552783621223436,1292.6100000000001,197.04420731707322,26.9064,14.783999999999999,0.19027394186955074,557.8,16.45,556.9866666666667,820.5733333333334,False,False,True,False,False,False,False,False,False,False
2026-01-13 05:00:00,4.61,54.0,10.3,76.8,72.51,1108.72,27,0,1.74,692.65,91.21,55.09,5,13,1,1,0,0.9659258262890683,0.25881904510252074,0.8090169943749475,0.5877852522924731,1181.23,231.16046966731898,8.0214,7.910400000000001,0.061385166309694136,533.86,109.76,583.5699999999999,1011.0366666666669,False,False,True,False,False,False,False,False,False,False
2026-01-13 10:00:00,6.86,345.7,21.0,71.4,396.27,685.37,10,0,2.24,623.35,30.39,38.04,10,13,1,1,0,0.49999999999999994,-0.8660254037844387,-0.24699901272274358,0.9690157314068694,1081.6399999999999,146.9619565217391,15.366400000000002,14.994000000000002,0.3663603417033394,692.65,91.21,594.77,965.3700000000002,False,False,True,False,False,False,False,False,False,False
2026-01-13 16:00:00,9.47,239.7,25.0,83.2,332.43,952.19,-22,1,0.24,695.03,96.9,49.22,16,13,1,1,0,-0.8660254037844384,-0.5000000000000004,-0.8633955506067716,-0.5045276238150194,1284.6200000000001,128.84854563691073,2.2728,20.8,0.25877691457395957,623.35,30.39,616.62,1185.16,False,False,True,False,False,False,False,False,False,False
2026-01-13 22:00:00,8.95,26.0,31.5,49.2,325.47,1175.4,13,1,2.81,736.3,105.25,48.14,22,13,1,1,0,-0.5000000000000004,0.8660254037844384,0.4383711467890774,0.898794046299167,1500.8700000000001,158.82222222222225,25.1495,15.498000000000001,0.21685422454976114,695.03,96.9,670.3433333333334,1182.496666666667,False,False,True,False,False,False,False,False,False,False
2026-01-14 04:00:00,7.39,233.4,23.6,89.4,66.76,819.74,3,0,1.97,490.9,23.61,64.23,4,14,1,2,0,0.8660254037844386,0.5000000000000001,-0.8028174751911143,-0.5962248749656162,886.5,112.3574144486692,14.5583,21.0984,0.07530738860688099,736.3,105.25,684.8933333333334,1289.0433333333335,False,False,True,False,False,False,False,False,False,False
2026-01-14 23:00:00,0.76,32.2,11.4,72.8,367.67,177.9,-26,0,0.89,653.98,18.89,72.29,23,14,1,2,0,-0.25881904510252157,0.9659258262890681,0.53287627607073,0.846193166127564,545.57,432.99206349206355,0.6764,8.299199999999999,0.6739190204739997,490.9,23.61,640.7433333333333,1223.996666666667,False,False,True,False,False,False,False,False,False,False
2026-01-15 10:00:00,3.59,224.3,12.1,52.6,386.78,652.64,-3,1,4.5,544.72,107.03,-29.57,10,15,1,3,0,0.49999999999999994,-0.8660254037844387,-0.698415285431006,-0.7156927337037358,1039.42,254.13691931540345,16.155,6.3646,0.37211136980238974,653.98,18.89,627.06,977.646666666667,False,False,True,False,False,False,False,False,False,False
2026-01-15 16:00:00,5.4,256.9,29.7,37.0,198.78,362.09,-7,0,1.03,450.77,25.51,42.47,16,15,1,3,0,-0.8660254037844384,-0.5000000000000004,-0.9739759672790516,-0.22665130743685521,560.87,95.06271186440678,5.562,10.988999999999999,0.35441367874908625,544.72,107.03,563.1999999999999,823.8300000000003,False,False,True,False,False,False,False,False,False,False
2026-01-16 13:00:00,8.31,176.5,22.7,44.8,436.23,580.79,-8,0,1.09,616.27,95.02,87.38,13,16,1,4,0,-0.2588190451025208,-0.9659258262890683,0.06104853953485675,-0.998134798421867,1017.02,115.43927355278092,9.057900000000002,10.169599999999999,0.4289296179032861,450.77,25.51,549.8233333333333,715.2866666666669,False,False,True,False,False,False,False,False,False,False
2026-01-16 19:00:00,1.07,206.2,28.0,55.5,153.97,811.49,18,1,0.16,553.24,71.61,-23.2,19,16,1,4,0,-0.9659258262890684,0.2588190451025203,-0.4415058527917451,-0.8972583696743285,965.46,614.9426751592357,0.17120000000000002,15.54,0.15947838336129927,616.27,95.02,537.2533333333333,872.4366666666668,False,False,True,False,False,False,False,False,False,False
2026-01-16 22:00:00,3.45,175.1,33.0,46.5,432.63,464.53,11,1,2.78,624.64,39.85,91.13,22,16,1,4,0,-0.5000000000000004,0.8660254037844384,0.0854169231373676,-0.9963452961909064,897.16,227.1291139240506,9.591,15.345,0.4822216772927906,553.24,71.61,540.0933333333334,847.7833333333334,False,False,True,False,False,False,False,False,False,False
2026-01-17 22:00:00,7.11,150.8,14.8,58.1,399.55,400.33,-12,1,4.15,692.46,63.79,0.78,22,17,1,5,1,-0.5000000000000004,0.8660254037844384,0.48785965913873264,-0.8729220772698097,799.88,105.10906701708278,29.506500000000003,8.5988,0.49951242686402963,624.64,39.85,598.0500000000001,959.8800000000001,False,False,True,False,False,False,False,False,False,False
2026-01-18 00:00:00,6.3,121.9,28.1,61.7,234.11,250.77,-21,0,2.1,519.71,27.78,34.95,0,18,1,6,1,0.0,1.0,0.8489716876291415,-0.528438334722347,484.88,71.30588235294118,13.23,17.3377,0.4828204916680416,692.46,63.79,623.4466666666667,887.5000000000001,False,False,True,False,False,False,False,False,False,False
2026-01-19 01:00:00,10.57,356.1,28.6,94.1,443.43,982.27,20,0,4.91,741.83,64.05,64.0,1,19,1,0,0,0.25881904510252074,0.9659258262890683,-0.06801529066524772,0.9976842788356053,1425.7,128.78952122854562,51.898700000000005,26.912599999999998,0.31102616258679944,519.71,27.78,612.27,727.3066666666668,False,False,True,False,False,False,False,False,False,False
2026-01-19 14:00:00,1.88,135.3,22.2,45.9,299.79,774.73,-29,0,2.92,594.41,85.89,3.94,14,19,1,0,0,-0.4999999999999997,-0.8660254037844388,0.7033947028105039,-0.7107994738729925,1074.52,451.47899159663865,5.489599999999999,10.189799999999998,0.2789989949000484,741.83,64.05,651.3333333333334,903.4866666666668,False,False,True,False,False,False,False,False,False,False
2026-01-19 17:00:00,10.41,27.9,34.6,47.5,215.74,224.91,28,0,2.22,556.44,21.63,4.3,17,19,1,0,0,-0.9659258262890683,-0.25881904510252063,0.46792981426057334,0.8837656300886935,440.65,40.389550870760765,23.110200000000003,16.435,0.4895949166004766,594.41,85.89,618.65,995.0333333333334,False,False,True,False,False,False,False,False,False,False
2026-01-19 19:00:00,11.45,36.8,11.1,65.9,481.75,482.44,-26,1,3.1,523.01,19.52,13.58,19,19,1,0,0,-0.9659258262890684,0.2588190451025203,0.5990235985155858,0.8007313709487335,964.19,80.68535564853558,35.495,7.3149,0.4996421867059397,556.44,21.63,630.8933333333333,980.2900000000001,False,False,True,False,False,False,False,False,False,False
2026-01-20 01:00:00,4.1,130.2,18.3,42.9,452.44,1156.94,-18,0,1.48,511.12,31.37,32.77,1,20,1,1,0,0.25881904510252074,0.9659258262890683,0.7637960286346424,-0.6454576877239504,1609.38,349.8652173913044,6.068,7.850700000000001,0.28112689358635,523.01,19.52,557.9533333333334,826.4533333333335,False,False,True,False,False,False,False,False,False,False
2026-01-20 03:00:00,2.01,315.3,16.6,63.2,475.3,292.69,-26,0,4.92,447.51,93.09,45.03,3,20,1,1,0,0.7071067811865475,0.7071067811865476,-0.7033947028105036,0.7107994738729927,767.99,305.9721115537849,9.889199999999999,10.491200000000001,0.618888266774307,511.12,31.37,530.19,1004.7400000000002,False,False,True,False,False,False,False,False,False,False
2026-01-20 12:00:00,5.97,18.1,11.8,38.8,429.99,251.83,-18,0,4.87,682.19,108.94,21.99,12,20,1,1,0,1.2246467991473532e-16,-1.0,0.31067642963073183,0.9505157316277837,681.82,105.38176197836168,29.0739,4.578399999999999,0.630650318265818,447.51,93.09,493.88000000000005,1113.8533333333335,False,False,True,False,False,False,False,False,False,False
2026-01-21 05:00:00,8.52,51.2,18.6,48.6,94.64,498.52,15,0,1.41,546.12,74.35,-12.02,5,21,1,2,0,0.9659258262890683,0.25881904510252074,0.7793379649314741,0.6266038113644605,593.16,65.76053215077606,12.0132,9.039600000000002,0.15955222874098052,682.19,108.94,546.94,1019.7300000000001,False,False,True,False,False,False,False,False,False,False
2026-01-21 07:00:00,10.61,225.3,24.0,85.6,146.76,1067.36,14,0,4.73,589.93,67.11,79.65,7,21,1,2,0,0.9659258262890683,-0.25881904510252063,-0.7107994738729925,-0.703394702810504,1214.12,109.28172817281728,50.185300000000005,20.543999999999997,0.12087767271768854,546.12,74.35,558.6066666666667,680.9900000000001,False,False,True,False,False,False,False,False,False,False
2026-01-21 19:00:00,3.93,349.2,22.1,73.9,379.24,554.76,-4,1,1.32,736.45,12.66,-44.11,19,21,1,2,0,-0.9659258262890684,0.2588190451025203,-0.18738131458572468,0.9822872507286887,934.0,210.83521444695262,5.187600000000001,16.331900000000005,0.4060385438972163,589.93,67.11,606.0799999999999,829.7000000000002,False,False,True,False,False,False,False,False,False,False
2026-01-22 02:00:00,4.75,251.1,11.8,88.8,376.44,752.6,-10,0,2.01,582.65,39.79,76.87,2,22,1,3,0,0.49999999999999994,0.8660254037844387,-0.9460853588275453,-0.3239174181981495,1129.04,215.05523809523808,9.5475,10.478399999999999,0.33341599943314676,736.45,12.66,624.1666666666666,913.7600000000001,False,False,True,False,False,False,False,False,False,False
2026-01-22 06:00:00,5.57,249.1,33.4,84.4,447.23,442.31,11,0,0.33,606.56,65.0,-7.16,6,22,1,3,0,1.0,6.123233995736766e-17,-0.9342044743210293,-0.35673799931962574,889.54,146.54695222405272,1.8381000000000003,28.1896,0.5027654742900826,582.65,39.79,636.3433333333334,1092.3866666666668,False,False,True,False,False,False,False,False,False,False
2026-01-22 10:00:00,2.09,75.4,18.6,74.1,377.33,422.12,1,0,1.2,705.84,48.51,17.66,10,22,1,3,0,0.49999999999999994,-0.8660254037844387,0.9677091704819712,0.2520693582431136,799.45,308.6679536679537,2.5079999999999996,13.7826,0.47198699105635117,606.56,65.0,641.8866666666667,984.1933333333335,False,False,True,False,False,False,False,False,False,False
2026-01-22 14:00:00,8.13,331.2,26.1,69.0,124.59,243.5,8,1,1.53,524.47,82.6,-34.92,14,22,1,3,0,-0.4999999999999997,-0.8660254037844388,-0.4817536741017153,0.8763066800438636,368.09000000000003,42.652375434530704,12.438900000000002,18.009,0.33847700290689775,705.84,48.51,631.6833333333334,939.3433333333336,False,False,True,False,False,False,False,False,False,False
2026-01-23 05:00:00,11.95,132.0,33.1,89.2,137.94,850.73,-23,0,4.8,708.13,70.8,92.65,5,23,1,4,0,0.9659258262890683,0.25881904510252074,0.7431448254773942,-0.6691306063588582,988.6700000000001,79.41124497991969,57.35999999999999,29.525200000000005,0.13952077032781413,524.47,82.6,612.29,685.6933333333335,False,False,True,False,False,False,False,False,False,False
2026-01-23 23:00:00,1.87,303.5,25.8,53.9,144.47,1165.48,-3,1,0.19,448.56,37.0,96.27,23,23,1,4,0,-0.25881904510252157,0.9659258262890681,-0.8338858220671683,0.551936985312058,1309.95,552.7215189873417,0.3553,13.906199999999998,0.11028665216229627,708.13,70.8,646.1466666666666,718.7366666666668,False,False,True,False,False,False,False,False,False,False
2026-01-24 10:00:00,2.68,60.0,14.3,61.8,444.72,136.49,30,1,1.24,676.28,82.93,-30.89,10,24,1,5,1,0.49999999999999994,-0.8660254037844387,0.8660254037844386,0.5000000000000001,581.21,182.77044025157232,3.3232000000000004,8.8374,0.7651623337520002,448.56,37.0,560.3866666666667,888.9033333333336,False,False,True,False,False,False,False,False,False,False
2026-01-24 15:00:00,5.61,62.6,27.2,71.2,322.79,956.41,-13,1,3.85,542.39,62.02,-34.08,15,24,1,5,1,-0.7071067811865471,-0.7071067811865479,0.8878153851364013,0.4601997847838517,1279.2,209.36170212765958,21.5985,19.366400000000002,0.2523373983739837,676.28,82.93,610.99,959.9433333333336,False,False,True,False,False,False,False,False,False,False
2026-01-24 17:00:00,6.35,6.5,20.6,49.8,343.1,688.58,-29,0,4.86,642.91,91.59,18.8,17,24,1,5,1,-0.9659258262890683,-0.25881904510252063,0.11320321376790672,0.9935718556765875,1031.68,150.6102189781022,30.861,10.2588,0.3325643610421836,542.39,62.02,555.7433333333333,1056.7866666666669,False,False,True,False,False,False,False,False,False,False
2026-01-25 01:00:00,11.85,306.6,12.2,63.0,233.54,552.15,-25,0,0.19,571.7,76.85,36.91,1,25,1,6,1,0.25881904510252074,0.9659258262890683,-0.8028174751911145,0.5962248749656158,785.6899999999999,63.61862348178138,2.2515,7.685999999999999,0.29724191475009226,642.91,91.59,620.5266666666666,964.0300000000003,False,False,True,False,False,False,False,False,False,False
2026-01-25 16:00:00,0.51,92.0,18.5,48.9,185.43,914.89,19,0,4.1,584.74,16.64,57.2,16,25,1,6,1,-0.8660254037844384,-0.5000000000000004,0.9993908270190958,-0.034899496702500955,1100.32,1089.4257425742574,2.0909999999999997,9.0465,0.1685237021957249,571.7,76.85,585.6666666666666,1032.1900000000003,False,False,True,False,False,False,False,False,False,False
2026-01-25 17:00:00,4.04,131.2,30.1,65.2,387.01,761.62,10,1,1.88,646.6,20.33,5.11,17,25,1,6,1,-0.9659258262890683,-0.25881904510252063,0.7524149088957246,-0.6586894601186802,1148.63,253.00220264317184,7.595199999999999,19.625200000000003,0.3369318231284225,584.74,16.64,599.7833333333334,972.5633333333335,False,False,True,False,False,False,False,False,False,False
2026-01-26 03:00:00,10.91,155.6,33.1,83.3,53.97,421.69,9,1,1.08,714.11,87.27,-41.58,3,26,1,0,0,0.7071067811865475,0.7071067811865476,0.413104429824542,-0.910683660806177,475.65999999999997,41.68799298860648,11.782800000000002,27.5723,0.11346339822562335,646.6,20.33,601.0133333333333,1011.546666666667,False,False,True,False,False,False,False,False,False,False
2026-01-27 03:00:00,10.32,188.7,11.4,52.7,390.88,847.64,5,1,3.51,694.21,41.44,20.34,3,27,1,1,0,0.7071067811865475,0.7071067811865476,-0.15126082024721896,-0.9884938868086836,1238.52,114.46580406654343,36.2232,6.0078000000000005,0.31560249329845297,714.11,87.27,648.4833333333333,908.2033333333335,False,False,True,False,False,False,False,False,False,False
2026-01-27 06:00:00,9.35,99.9,15.7,66.1,367.53,852.63,14,0,0.76,685.49,114.95,11.26,6,27,1,1,0,1.0,6.123233995736766e-17,0.9851093261547739,-0.1719291002794096,1220.1599999999999,123.8741116751269,7.106,10.377699999999997,0.3012145948072384,694.21,41.44,684.9733333333334,954.2700000000003,False,False,True,False,False,False,False,False,False,False
2026-01-28 05:00:00,5.26,68.4,27.3,93.4,450.47,650.54,-22,0,4.05,487.37,96.76,-35.96,5,28,1,2,0,0.9659258262890683,0.25881904510252074,0.9297764858882515,0.36812455268467786,1101.01,191.14756944444446,21.302999999999997,25.4982,0.4091425146002307,685.49,114.95,697.9366666666668,978.1133333333336,False,False,True,False,False,False,False,False,False,False
2026-01-28 14:00:00,11.4,98.5,30.8,78.9,314.34,271.51,-19,0,0.8,459.15,42.74,56.9,14,28,1,2,0,-0.4999999999999997,-0.8660254037844388,0.9890158633619168,-0.14780941112961066,585.8499999999999,49.231092436974784,9.120000000000001,24.301200000000005,0.53655372535632,487.37,96.76,622.3566666666667,1186.5633333333335,False,False,True,False,False,False,False,False,False,False
2026-01-28 22:00:00,7.72,331.5,22.4,35.1,176.27,690.83,8,0,0.74,417.18,39.52,33.35,22,28,1,2,0,-0.5000000000000004,0.8660254037844384,-0.47715876025960874,0.8788171126619652,867.1,105.4866180048662,5.7128,7.8624,0.20328681812939683,459.15,42.74,544.0033333333333,969.0066666666668,False,False,True,False,False,False,False,False,False,False
2026-01-29 03:00:00,10.71,242.5,14.9,74.6,322.75,610.21,12,0,2.22,491.88,46.64,-35.73,3,29,1,3,0,0.7071067811865475,0.7071067811865476,-0.8870108331782215,-0.46174861323503436,932.96,83.22569134701159,23.776200000000003,11.1154,0.34594194820785457,417.18,39.52,454.56666666666666,851.3200000000003,False,False,True,False,False,False,False,False,False,False
2026-01-29 16:00:00,2.76,336.8,33.5,33.3,313.35,507.0,-30,0,1.97,746.02,30.27,-47.08,16,29,1,3,0,-0.8660254037844384,-0.5000000000000004,-0.39394190959095104,0.9191353392552345,820.35,251.64110429447854,5.4372,11.1555,0.38197110989211924,491.88,46.64,456.07,795.3033333333336,False,False,True,False,False,False,False,False,False,False
2026-01-30 03:00:00,2.57,88.8,32.2,54.4,320.09,638.52,15,0,1.15,707.37,100.34,38.41,3,30,1,4,0,0.7071067811865475,0.7071067811865476,0.9997806834748455,0.02094241988335705,958.6099999999999,312.25081433224756,2.9555,17.5168,0.3339105579954309,746.02,30.27,551.6933333333333,873.4700000000003,False,False,True,False,False,False,False,False,False,False
2026-01-30 11:00:00,1.14,148.9,22.6,94.9,91.35,1134.79,2,1,2.91,533.37,88.82,39.43,11,30,1,4,0,0.258819045102521,-0.9659258262890682,0.5165333288666419,-0.8562670846003282,1226.1399999999999,747.6463414634146,3.3173999999999997,21.447400000000002,0.07450209600861239,707.37,100.34,648.4233333333333,903.9733333333337,False,False,True,False,False,False,False,False,False,False
2026-01-30 20:00:00,0.57,246.3,24.4,74.7,281.47,918.11,14,0,4.42,709.78,76.92,93.46,20,30,1,4,0,-0.8660254037844386,0.5000000000000001,-0.915662593339561,-0.4019477766559603,1199.58,1121.1028037383178,2.5193999999999996,18.2268,0.23464045749345608,533.37,88.82,662.2533333333334,1001.7000000000003,False,False,True,False,False,False,False,False,False,False
2026-01-31 12:00:00,4.27,138.8,27.0,68.9,97.87,223.43,-24,0,2.92,453.26,72.28,-26.77,12,31,1,5,1,1.2246467991473532e-16,-1.0,0.6586894601186803,-0.7524149088957245,321.3,67.35849056603774,12.468399999999999,18.603,0.30460628695922815,709.78,76.92,650.1733333333333,1128.1100000000004,False,False,True,False,False,False,False,False,False,False
2026-01-31 23:00:00,3.11,276.1,31.6,84.9,239.13,752.97,20,1,2.73,746.34,23.4,36.65,23,31,1,5,1,-0.25881904510252157,0.9659258262890681,-0.9943379441332045,0.1062640713362335,992.1,274.81994459833794,8.4903,26.828400000000002,0.24103416994254612,453.26,72.28,565.4700000000001,915.6733333333336,False,False,True,False,False,False,False,False,False,False
2026-02-01 00:00:00,9.05,96.6,29.3,58.1,309.68,394.08,24,1,1.22,485.15,86.44,-5.37,0,1,2,6,1,0.0,1.0,0.9933727656003964,-0.11493715049286649,703.76,73.69214659685863,11.041,17.023300000000003,0.44003637603728546,746.34,23.4,636.46,837.6600000000003,False,False,True,False,False,False,False,False,False,False
2026-02-01 03:00:00,4.43,338.9,29.2,42.3,217.18,153.96,-20,1,0.2,552.25,68.69,-3.23,3,1,2,6,1,0.7071067811865475,0.7071067811865476,-0.3599968081200516,0.9329535348254889,371.14,75.28194726166329,0.886,12.351599999999998,0.5851700167052865,485.15,86.44,561.5833333333334,672.386666666667,False,False,True,False,False,False,False,False,False,False
2026-02-01 04:00:00,11.56,317.4,24.9,75.6,144.0,1075.18,-15,0,3.01,503.24,46.97,-3.59,4,1,2,6,1,0.8660254037844386,0.5000000000000001,-0.6768759696826608,0.7360970871197342,1219.18,101.09286898839137,34.7956,18.824399999999997,0.11811217375613116,552.25,68.69,594.58,689.0000000000003,False,False,True,False,False,False,False,False,False,False
2026-02-02 07:00:00,9.12,125.0,11.0,52.2,433.83,417.78,10,1,3.32,467.59,12.85,48.15,7,2,2,0,0,0.9659258262890683,-0.25881904510252063,0.8191520442889917,-0.5735764363510462,851.6099999999999,88.52494802494802,30.278399999999994,5.742000000000001,0.5094233275795259,503.24,46.97,513.5466666666666,764.6933333333336,False,False,True,False,False,False,False,False,False,False
2026-02-02 17:00:00,5.41,275.9,32.4,53.4,137.58,765.94,0,1,3.66,506.54,25.41,86.0,17,2,2,0,0,-0.9659258262890683,-0.25881904510252063,-0.9947028171171742,0.10279253678724644,903.5200000000001,152.87986463620982,19.800600000000003,17.301599999999997,0.15227111740747298,467.59,12.85,507.6933333333334,813.976666666667,False,False,True,False,False,False,False,False,False,False
2026-02-02 19:00:00,10.83,296.6,25.9,74.8,475.95,848.23,-30,0,3.47,569.25,57.5,2.9,19,2,2,0,0,-0.9659258262890684,0.2588190451025203,-0.8941542368393681,0.4477590878387699,1324.18,116.873786407767,37.5801,19.373199999999997,0.35942998685979244,506.54,25.41,492.4566666666667,991.4366666666671,False,False,True,False,False,False,False,False,False,False
2026-02-03 00:00:00,1.92,186.2,33.0,93.6,471.89,333.89,-20,0,1.57,667.17,85.27,-5.77,0,3,2,1,0,0.0,1.0,-0.10799935570602266,-0.9941509639723154,805.78,332.9669421487603,3.0144,30.887999999999998,0.5856313137580977,569.25,57.5,514.46,1026.436666666667,False,False,True,False,False,False,False,False,False,False
2026-02-03 01:00:00,2.87,42.1,28.9,87.2,381.5,511.77,4,1,3.17,659.02,70.9,79.88,1,3,2,1,0,0.25881904510252074,0.9659258262890683,0.6704266189587992,0.7419758409756164,893.27,265.0652818991098,9.097900000000001,25.2008,0.4270825170441188,667.17,85.27,580.9866666666667,1011.1600000000002,False,False,True,False,False,False,False,False,False,False
2026-02-03 18:00:00,1.29,347.8,12.9,72.1,441.68,181.59,14,1,4.42,603.11,55.82,-31.7,18,3,2,1,0,-1.0,-1.8369701987210297e-16,-0.21132479645538896,0.9774158942860958,623.27,348.19553072625695,5.7018,9.300899999999999,0.708649541932068,659.02,70.9,631.8133333333334,1007.7433333333335,False,False,True,False,False,False,False,False,False,False
2026-02-04 03:00:00,4.41,3.6,33.1,90.4,191.65,820.4,25,1,4.9,698.48,98.72,25.83,3,4,2,2,0,0.7071067811865475,0.7071067811865476,0.06279051952931337,0.9980267284282716,1012.05,206.1201629327902,21.609,29.922400000000003,0.18936811422360555,603.11,55.82,643.1,774.1066666666669,False,False,True,False,False,False,False,False,False,False
2026-02-05 03:00:00,1.11,300.7,15.7,36.1,261.12,101.32,-9,0,4.31,717.83,58.23,-19.25,3,5,2,3,0,0.7071067811865475,0.7071067811865476,-0.8598522715968737,0.5105429179116052,362.44,225.11801242236024,4.7841,5.6677,0.7204502814258912,698.48,98.72,653.5366666666667,842.8633333333337,False,False,True,False,False,False,False,False,False,False
2026-02-05 04:00:00,8.85,131.5,23.1,94.3,424.01,777.71,-5,0,4.23,684.76,90.18,-49.76,4,5,2,3,0,0.8660254037844386,0.5000000000000001,0.7489557207890021,-0.6626200482157376,1201.72,128.52620320855615,37.435500000000005,21.7833,0.35283593515960454,717.83,58.23,673.14,665.9200000000003,False,False,True,False,False,False,False,False,False,False
2026-02-05 18:00:00,2.71,348.2,11.0,52.6,465.94,1140.43,-28,0,3.92,460.68,41.07,87.76,18,5,2,3,0,-1.0,-1.8369701987210297e-16,-0.2044960518417902,0.978867388761685,1606.3700000000001,500.4267912772586,10.623199999999999,5.7860000000000005,0.29005770775101625,684.76,90.18,700.3566666666667,858.736666666667,False,False,True,False,False,False,False,False,False,False
2026-02-05 23:00:00,6.58,181.0,10.8,32.2,223.89,847.86,16,0,1.47,660.15,40.32,-44.58,23,5,2,3,0,-0.25881904510252157,0.9659258262890681,-0.017452406437283637,-0.9998476951563913,1071.75,151.3771186440678,9.6726,3.4776000000000007,0.20890132960111965,460.68,41.07,621.09,1056.8433333333337,False,False,True,False,False,False,False,False,False,False
2026-02-06 05:00:00,1.48,3.1,27.3,71.4,411.03,828.67,-21,1,4.45,594.48,51.79,-1.67,5,6,2,4,0,0.9659258262890683,0.25881904510252074,0.05407881298477529,0.9985366703262117,1239.6999999999998,626.111111111111,6.586,19.492200000000004,0.33155602161813347,660.15,40.32,601.8633333333333,1293.2800000000004,False,False,True,False,False,False,False,False,False,False
2026-02-06 15:00:00,4.27,207.7,14.2,64.7,415.9,1092.41,17,0,3.75,613.53,68.76,-29.67,15,6,2,4,0,-0.7071067811865471,-0.7071067811865479,-0.46484204572461923,-0.885393625754416,1508.31,316.20754716981133,16.0125,9.1874,0.27573907220664184,594.48,51.79,571.7700000000001,1305.9400000000003,False,False,True,False,False,False,False,False,False,False
2026-02-07 12:00:00,2.74,240.9,27.1,91.3,373.3,338.14,14,0,1.97,623.89,96.73,-13.86,12,7,2,5,1,1.2246467991473532e-16,-1.0,-0.8737722230354654,-0.48633538042349017,711.44,219.58024691358025,5.3978,24.7423,0.5247104464185314,613.53,68.76,622.72,1273.2533333333336,False,False,True,False,False,False,False,False,False,False
2026-02-07 20:00:00,10.09,138.2,24.6,78.0,68.01,526.43,-2,1,0.13,467.38,52.33,60.9,20,7,2,5,1,-0.8660254037844386,0.5000000000000001,0.6665324702494528,-0.7454759996828618,594.4399999999999,56.13220018885741,1.3117,19.188000000000002,0.11441020119776599,623.89,96.73,610.6333333333333,1153.1500000000003,False,False,True,False,False,False,False,False,False,False
2026-02-07 21:00:00,1.86,307.6,34.4,55.8,199.54,568.34,27,0,3.82,559.81,33.2,4.74,21,7,2,5,1,-0.7071067811865477,0.7071067811865474,-0.7922896433551903,0.6101451639012682,767.88,325.3728813559322,7.1052,19.195199999999996,0.25985831119445746,467.38,52.33,568.2666666666668,938.0633333333336,False,False,True,False,False,False,False,False,False,False
2026-02-08 04:00:00,5.66,192.1,30.4,31.2,172.65,405.11,18,1,2.62,441.67,92.41,-39.71,4,8,2,6,1,0.8660254037844386,0.5000000000000001,-0.20961856290382186,-0.9777832367586061,577.76,93.79220779220779,14.8292,9.4848,0.2988265023539186,559.81,33.2,550.36,691.2533333333337,False,False,True,False,False,False,False,False,False,False
2026-02-08 08:00:00,4.13,188.4,30.0,72.5,380.36,1002.74,-17,0,1.77,671.42,45.22,83.6,8,8,2,6,1,0.8660254037844387,-0.4999999999999998,-0.1460830285624117,-0.9892723329629883,1383.1,298.72570194384446,7.3101,21.75,0.27500542260140265,441.67,92.41,489.62000000000006,646.6933333333336,False,False,True,False,False,False,False,False,False,False
2026-02-08 19:00:00,7.75,262.3,17.0,85.9,444.47,814.17,6,1,2.05,712.86,54.13,83.12,19,8,2,6,1,-0.9659258262890684,0.2588190451025203,-0.9909831997148363,-0.13398618541829188,1258.6399999999999,152.5624242424242,15.8875,14.603000000000002,0.3531351299815675,671.42,45.22,557.6333333333333,909.5800000000003,False,False,True,False,False,False,False,False,False,False
2026-02-09 08:00:00,4.45,200.1,31.7,33.1,251.57,732.62,15,0,1.47,503.52,11.98,26.13,8,9,2,0,0,0.8660254037844387,-0.4999999999999998,-0.3436596945856159,-0.9390942520947092,984.19,198.82626262626263,6.5415,10.4927,0.2556112132819882,712.86,54.13,608.6500000000001,1073.166666666667,False,False,True,False,False,False,False,False,False,False
2026-02-09 10:00:00,6.93,148.3,29.5,40.3,399.04,639.13,27,0,1.87,412.47,26.22,-44.92,10,9,2,0,0,0.49999999999999994,-0.8660254037844387,0.5254716510722677,-0.8508111094240512,1038.17,139.72678331090177,12.9591,11.888499999999999,0.3843686486798886,503.52,11.98,629.2666666666668,1208.6433333333334,False,False,True,False,False,False,False,False,False,False
2026-02-09 13:00:00,0.68,188.9,19.3,73.2,355.5,691.72,-17,1,4.78,549.11,110.26,-0.16,13,9,2,0,0,-0.2588190451025208,-0.9659258262890683,-0.15471038629946807,-0.9879598657693891,1047.22,887.4745762711864,3.2504000000000004,14.127600000000003,0.33947021638242203,412.47,26.22,542.9500000000002,1093.666666666667,False,False,True,False,False,False,False,False,False,False
2026-02-09 15:00:00,4.84,121.7,11.6,42.9,123.0,336.86,20,0,2.03,721.05,115.58,93.66,15,9,2,0,0,-0.7071067811865471,-0.7071067811865479,0.8508111094240511,-0.5254716510722679,459.86,86.11610486891387,9.825199999999999,4.9764,0.2674727090853738,549.11,110.26,488.3666666666668,1023.1933333333336,False,False,True,False,False,False,False,False,False,False
2026-02-10 22:00:00,2.9,119.5,11.3,33.1,77.76,1019.52,28,0,4.1,737.8,49.27,75.39,22,10,2,1,0,-0.5000000000000004,0.8660254037844384,0.8703556959398997,-0.492423560103467,1097.28,322.7294117647059,11.889999999999999,3.7403000000000004,0.07086614173228348,721.05,115.58,560.8766666666667,848.416666666667,False,False,True,False,False,False,False,False,False,False
2026-02-10 23:00:00,2.0,268.0,27.1,44.3,143.94,934.29,0,0,1.92,610.42,98.86,72.04,23,10,2,1,0,-0.25881904510252157,0.9659258262890681,-0.9993908270190958,-0.03489949670250076,1078.23,431.29200000000003,3.84,12.0053,0.1334965638129156,737.8,49.27,669.32,868.1200000000003,False,False,True,False,False,False,False,False,False,False
2026-02-12 05:00:00,1.23,128.0,17.2,78.3,197.19,1019.54,21,0,1.77,428.33,80.55,-40.06,5,12,2,3,0,0.9659258262890683,0.25881904510252074,0.788010753606722,-0.6156614753256583,1216.73,703.3121387283237,2.1771,13.4676,0.162065536314548,610.42,98.86,689.7566666666667,878.4566666666669,False,False,True,False,False,False,False,False,False,False
2026-02-12 21:00:00,9.2,296.5,23.9,44.7,69.79,705.47,18,0,3.37,483.05,68.28,1.8,21,12,2,3,0,-0.7071067811865477,0.7071067811865474,-0.8949343616020249,0.4461978131098091,775.26,79.9237113402062,31.003999999999998,10.6833,0.09002141217140057,428.33,80.55,592.1833333333334,1130.746666666667,False,False,True,False,False,False,False,False,False,False
2026-02-13 09:00:00,1.16,32.3,23.8,92.8,240.61,1118.81,6,1,0.35,539.44,44.6,40.79,9,13,2,4,0,0.7071067811865476,-0.7071067811865475,0.5343523493898262,0.8452618332218562,1359.42,818.9277108433736,0.40599999999999997,22.086399999999998,0.1769946006385076,483.05,68.28,507.2666666666667,1023.4066666666671,False,False,True,False,False,False,False,False,False,False
2026-02-13 19:00:00,0.58,202.7,23.7,69.3,279.6,614.87,20,1,2.23,713.8,113.8,88.89,19,13,2,4,0,-0.9659258262890684,0.2588190451025203,-0.3859060423243183,-0.9225380894562465,894.47,828.2129629629629,1.2933999999999999,16.4241,0.3125873422250048,539.44,44.6,483.60666666666674,1117.136666666667,False,False,True,False,False,False,False,False,False,False
2026-02-15 00:00:00,11.68,285.4,30.4,87.5,377.03,937.84,-18,1,2.64,730.8,35.5,80.63,0,15,2,6,1,0.0,1.0,-0.9640954042341103,0.2655561174868079,1314.87,107.95320197044335,30.8352,26.6,0.2867431761314807,713.8,113.8,578.7633333333334,1009.7166666666672,False,False,True,False,False,False,False,False,False,False
2026-02-15 02:00:00,3.85,351.0,26.4,71.2,353.39,790.39,-3,0,2.62,718.91,88.63,-41.64,2,15,2,6,1,0.49999999999999994,0.8660254037844387,-0.15643446504023112,0.9876883405951377,1143.78,262.9379310344828,10.087000000000002,18.7968,0.3089667593418315,730.8,35.5,661.3466666666667,1189.586666666667,False,False,True,False,False,False,False,False,False,False
2026-02-15 05:00:00,4.01,118.2,27.4,41.7,169.02,495.08,-13,0,3.47,437.27,104.06,43.14,5,15,2,6,1,0.9659258262890683,0.25881904510252074,0.8813034520649923,-0.47255076486905395,664.1,147.25055432372505,13.9147,11.425799999999999,0.25450986297244393,718.91,88.63,721.1700000000001,1117.706666666667,False,False,True,False,False,False,False,False,False,False
2026-02-15 08:00:00,3.93,229.0,11.7,41.4,303.52,296.39,3,0,0.37,420.61,58.47,35.9,8,15,2,6,1,0.8660254037844387,-0.4999999999999998,-0.754709580222772,-0.6560590289905073,599.91,135.41986455981942,1.4541,4.843799999999999,0.5059425580503742,437.27,104.06,628.9933333333335,1040.916666666667,False,False,True,False,False,False,False,False,False,False
2026-02-15 15:00:00,4.44,19.7,10.7,70.0,392.61,629.49,0,0,0.01,477.0,101.42,55.95,15,15,2,6,1,-0.7071067811865471,-0.7071067811865479,0.3370952584230821,0.941470544812038,1022.1,206.90283400809716,0.0444,7.49,0.38412092750220134,420.61,58.47,525.5966666666668,802.5966666666669,False,False,True,False,False,False,False,False,False,False
2026-02-15 21:00:00,8.66,314.9,31.2,79.9,139.88,978.91,27,0,1.98,668.51,116.67,56.54,21,15,2,6,1,-0.7071067811865477,0.7071067811865474,-0.7083398377245289,0.7058715706786809,1118.79,122.1386462882096,17.1468,24.928800000000003,0.12502793196220918,477.0,101.42,444.96000000000004,762.036666666667,False,False,True,False,False,False,False,False,False,False
2026-02-16 00:00:00,1.61,306.2,11.9,62.6,248.16,600.4,30,0,4.77,545.86,89.18,82.78,0,16,2,0,0,0.0,1.0,-0.8069603121438021,0.5906056676199251,848.56,402.1611374407582,7.6796999999999995,7.449400000000001,0.2924483831432073,668.51,116.67,522.0400000000001,913.6000000000004,False,False,True,False,False,False,False,False,False,False
2026-02-16 11:00:00,0.81,189.7,30.7,90.5,146.32,578.48,0,0,1.12,727.09,36.27,40.6,11,16,2,0,0,0.258819045102521,-0.9659258262890682,-0.16848937956500215,-0.9857034690888536,724.8,553.2824427480915,0.9072000000000001,27.7835,0.20187637969094924,545.86,89.18,563.7900000000001,996.4833333333337,False,False,True,False,False,False,False,False,False,False
2026-02-16 18:00:00,5.99,266.2,14.5,78.0,479.42,360.79,-24,1,3.2,681.72,91.29,-39.55,18,16,2,0,0,-1.0,-1.8369701987210297e-16,-0.99780146829205,-0.06627390040000064,840.21,129.462249614792,19.168000000000003,11.31,0.5705954463765011,727.09,36.27,647.1533333333335,897.3833333333336,False,False,True,False,False,False,False,False,False,False
2026-02-16 19:00:00,4.98,153.5,18.4,70.6,114.03,456.03,14,0,4.76,743.35,37.68,36.96,19,16,2,0,0,-0.9659258262890684,0.2588190451025203,0.446197813109809,-0.894934361602025,570.06,104.02554744525546,23.704800000000002,12.990399999999998,0.2000315756236186,681.72,91.29,651.5566666666667,804.5233333333335,False,False,True,False,False,False,False,False,False,False
2026-02-16 23:00:00,7.57,18.7,16.8,83.8,278.99,751.74,19,0,3.04,744.34,39.12,66.27,23,16,2,0,0,-0.25881904510252157,0.9659258262890681,0.32061299058567627,0.9472102777460288,1030.73,127.72366790582404,23.012800000000002,14.078399999999998,0.2706722420032404,743.35,37.68,717.3866666666668,711.6900000000002,False,False,True,False,False,False,False,False,False,False
2026-02-17 15:00:00,2.28,76.9,32.6,64.9,101.59,125.85,4,0,2.34,698.31,39.62,59.0,15,17,2,1,0,-0.7071067811865471,-0.7071067811865479,0.9739759672790517,0.22665130743685488,227.44,81.81294964028777,5.3351999999999995,21.157400000000003,0.44666725290186426,744.34,39.12,723.1366666666668,813.666666666667,False,False,True,False,False,False,False,False,False,False
2026-02-17 16:00:00,5.55,243.4,31.6,80.1,426.62,513.05,4,0,2.07,448.14,72.64,-17.97,16,17,2,1,0,-0.8660254037844384,-0.5000000000000004,-0.8941542368393683,-0.44775908783876944,939.67,155.31735537190082,11.488499999999998,25.3116,0.45401045047729527,698.31,39.62,728.6666666666669,609.4100000000003,False,False,True,False,False,False,False,False,False,False
2026-02-18 01:00:00,7.06,222.9,22.2,45.9,130.2,540.65,8,0,3.9,603.91,60.27,69.77,1,18,2,2,0,0.25881904510252074,0.9659258262890683,-0.6807208689589177,-0.7325428987873788,670.8499999999999,88.73677248677248,27.534,10.189799999999998,0.19408213460535143,448.14,72.64,630.2633333333334,732.6133333333337,False,False,True,False,False,False,False,False,False,False
2026-02-18 11:00:00,3.46,161.6,10.8,53.9,115.2,1072.48,18,0,1.14,675.81,79.96,94.73,11,18,2,2,0,0.258819045102521,-0.9659258262890682,0.31564903694710256,-0.9488760116444965,1187.68,299.9191919191919,3.9443999999999995,5.8212,0.09699582379092012,603.91,60.27,583.4533333333334,612.6533333333335,False,False,True,False,False,False,False,False,False,False
2026-02-18 22:00:00,10.31,327.5,11.3,51.6,388.02,614.87,-3,0,0.84,440.05,21.39,-44.12,22,18,2,2,0,-0.5000000000000004,0.8660254037844384,-0.5372996083468242,0.8433914458128855,1002.89,92.77428307123034,8.6604,5.8308,0.3869018536429718,675.81,79.96,575.9533333333334,932.7333333333336,False,False,True,False,False,False,False,False,False,False
2026-02-20 23:00:00,5.6,288.7,16.0,30.0,311.5,994.43,5,0,2.88,562.52,113.9,-8.91,23,20,2,4,0,-0.25881904510252157,0.9659258262890681,-0.9472102777460288,0.3206129905856762,1305.9299999999998,214.0868852459016,16.128,4.8,0.23852733301172346,440.05,21.39,573.2566666666668,953.806666666667,False,False,True,False,False,False,False,False,False,False
2026-02-21 02:00:00,8.41,149.8,21.2,51.3,103.83,708.02,-2,1,1.71,740.78,114.01,40.78,2,21,2,5,1,0.49999999999999994,0.8660254037844387,0.5030199466302349,-0.8642748019537049,811.85,91.11672278338945,14.3811,10.875599999999999,0.1278930836977274,562.52,113.9,559.46,1165.5000000000002,False,False,True,False,False,False,False,False,False,False
2026-02-21 10:00:00,6.15,221.5,29.0,31.9,391.04,161.56,28,0,2.38,560.71,43.7,-32.15,10,21,2,5,1,0.49999999999999994,-0.8660254037844387,-0.6626200482157375,-0.7489557207890021,552.6,83.09774436090225,14.637,9.251,0.707636626854868,740.78,114.01,581.1166666666668,1040.2233333333336,False,False,True,False,False,False,False,False,False,False
2026-02-21 23:00:00,1.52,33.7,24.7,36.7,332.32,999.23,15,1,4.63,458.43,92.46,2.81,23,21,2,5,1,-0.25881904510252157,0.9659258262890681,0.5548444274479993,0.8319541221304825,1331.55,659.1831683168317,7.0376,9.0649,0.24957380496413953,560.71,43.7,621.3366666666667,890.126666666667,False,False,True,False,False,False,False,False,False,False
2026-02-22 00:00:00,8.28,153.8,11.6,44.8,490.74,687.09,18,0,2.28,406.86,57.36,4.8,0,22,2,6,1,0.0,1.0,0.44150585279174487,-0.8972583696743286,1177.83,134.1492027334852,18.878399999999996,5.1968,0.41664756374009837,458.43,92.46,586.6400000000001,898.666666666667,False,False,True,False,False,False,False,False,False,False
2026-02-22 18:00:00,3.83,271.0,26.8,63.3,128.43,588.82,1,1,2.3,641.51,73.28,82.4,18,22,2,6,1,-1.0,-1.8369701987210297e-16,-0.9998476951563913,0.01745240643728313,717.25,165.64665127020785,8.809,16.9644,0.1790589055420007,406.86,57.36,475.3333333333335,1020.6600000000003,False,False,True,False,False,False,False,False,False,False
2026-02-22 19:00:00,3.25,170.6,12.9,73.7,329.85,1034.36,-24,1,1.15,492.39,42.47,72.98,19,22,2,6,1,-0.9659258262890684,0.2588190451025203,0.16332596224162238,-0.9865721616069694,1364.21,363.78933333333333,3.7375,9.5073,0.24178828772696287,641.51,73.28,502.2666666666668,1075.5433333333337,False,False,True,False,False,False,False,False,False,False
2026-02-22 22:00:00,8.6,295.0,33.6,40.8,493.68,562.84,-26,1,1.0,708.35,75.37,-13.66,22,22,2,6,1,-0.5000000000000004,0.8660254037844384,-0.9063077870366499,0.4226182617406996,1056.52,116.10109890109891,8.6,13.708799999999998,0.467269904971037,492.39,42.47,513.5866666666667,1086.4300000000003,False,False,True,False,False,False,False,False,False,False
2026-02-23 01:00:00,5.0,243.8,19.5,79.2,188.22,1082.45,-10,0,4.98,554.83,53.84,69.75,1,23,2,0,0,0.25881904510252074,0.9659258262890683,-0.8972583696743284,-0.4415058527917453,1270.67,231.0309090909091,24.900000000000002,15.444,0.14812657889145095,708.35,75.37,614.0833333333335,1045.9933333333336,False,False,True,False,False,False,False,False,False,False
2026-02-23 10:00:00,9.44,303.3,20.9,76.5,110.03,568.71,-20,0,4.03,556.38,118.18,82.6,10,23,2,0,0,0.49999999999999994,-0.8660254037844387,-0.8358073613682703,0.5490228179981318,678.74,68.28370221327968,38.0432,15.988499999999998,0.1621092023455226,554.83,53.84,585.1900000000002,1230.466666666667,False,False,True,False,False,False,False,False,False,False
2026-02-24 13:00:00,3.66,30.0,33.5,83.2,404.13,221.3,-26,0,0.52,642.06,74.79,85.97,13,24,2,1,0,-0.2588190451025208,-0.9659258262890683,0.49999999999999994,0.8660254037844387,625.4300000000001,150.34375,1.9032000000000002,27.872000000000003,0.646163439553587,556.38,118.18,606.5200000000002,1001.976666666667,False,False,True,False,False,False,False,False,False,False
2026-02-24 20:00:00,6.47,14.0,20.6,54.3,188.76,1171.75,-9,0,1.82,472.33,85.8,68.38,20,24,2,1,0,-0.8660254037844386,0.5000000000000001,0.24192189559966773,0.9702957262759965,1360.51,195.1951219512195,11.7754,11.185799999999999,0.13874208936354748,642.06,74.79,584.4233333333335,858.2800000000003,False,False,True,False,False,False,False,False,False,False
2026-02-25 02:00:00,6.3,192.1,10.0,32.1,447.52,1178.59,7,0,2.57,414.04,95.29,-3.17,2,25,2,2,0,0.49999999999999994,0.8660254037844387,-0.20961856290382186,-0.9777832367586061,1626.11,239.13382352941176,16.191,3.21,0.2752089342049431,472.33,85.8,556.9233333333335,888.226666666667,False,False,True,False,False,False,False,False,False,False
2026-02-25 04:00:00,3.47,86.8,32.9,79.6,202.81,277.03,14,0,0.38,446.48,27.18,-25.16,4,25,2,2,0,0.8660254037844386,0.5000000000000001,0.998440764181981,0.05582150499316394,479.84,120.86649874055415,1.3186,26.188399999999998,0.4226617205735245,414.04,95.29,509.47666666666674,1204.016666666667,False,False,True,False,False,False,False,False,False,False
2026-02-25 21:00:00,0.9,177.6,10.6,39.9,390.41,103.86,-23,0,2.76,658.69,13.28,49.69,21,25,2,2,0,-0.7071067811865477,0.7071067811865474,0.04187565372919981,-0.9991228300988584,494.27000000000004,353.05000000000007,2.484,4.2294,0.7898719323446699,446.48,27.18,444.2833333333335,1155.486666666667,False,False,True,False,False,False,False,False,False,False
2026-02-26 02:00:00,6.77,240.0,32.7,30.3,487.13,435.43,13,0,2.59,545.95,37.42,70.68,2,26,2,3,0,0.49999999999999994,0.8660254037844387,-0.8660254037844384,-0.5000000000000004,922.56,126.89958734525447,17.534299999999998,9.908100000000001,0.5280198577870274,658.69,13.28,506.4033333333335,866.7400000000002,False,False,True,False,False,False,False,False,False,False
2026-02-26 17:00:00,1.37,137.9,22.8,70.3,240.75,809.19,3,0,0.34,509.82,68.5,56.32,17,26,2,3,0,-0.9659258262890683,-0.25881904510252063,0.6704266189587992,-0.7419758409756163,1049.94,561.4652406417113,0.46580000000000005,16.028399999999998,0.22929881707526142,545.95,37.42,550.3733333333336,632.2233333333337,False,False,True,False,False,False,False,False,False,False
2026-02-27 23:00:00,1.98,65.7,11.7,47.8,118.21,787.94,-4,0,1.74,517.72,74.65,-18.97,23,27,2,4,0,-0.25881904510252157,0.9659258262890681,0.9114032766354453,0.41151435860510865,906.1500000000001,365.3830645161291,3.4452,5.592599999999999,0.13045301550515917,509.82,68.5,571.4866666666669,822.2566666666671,False,False,True,False,False,False,False,False,False,False
2026-02-28 07:00:00,8.57,174.3,15.5,62.3,371.8,872.05,-26,1,3.59,663.72,22.64,99.75,7,28,2,5,1,0.9659258262890683,-0.25881904510252063,0.09931974974363872,-0.9950555699612263,1243.85,137.1389195148842,30.7663,9.6565,0.2989106403505246,517.72,74.65,524.4966666666668,959.5500000000005,False,False,True,False,False,False,False,False,False,False
2026-02-28 16:00:00,1.26,248.1,20.1,54.2,201.27,286.82,17,0,4.05,725.96,10.7,19.44,16,28,2,5,1,-0.8660254037844384,-0.5000000000000004,-0.9278362538989199,-0.3729877825758093,488.09000000000003,277.3238636363636,5.103,10.894200000000001,0.41236247413386873,663.72,22.64,563.7533333333334,1066.6466666666672,False,False,True,False,False,False,False,False,False,False
2026-02-28 21:00:00,8.35,15.7,18.7,76.9,108.83,159.97,-16,1,4.94,580.95,21.35,-33.57,21,28,2,5,1,-0.7071067811865477,0.7071067811865474,0.27060044597586363,0.9626917464264788,268.8,30.372881355932204,41.249,14.3803,0.4048735119047619,725.96,10.7,635.8000000000002,879.3633333333337,False,False,True,False,False,False,False,False,False,False
2026-03-01 02:00:00,1.94,345.2,31.5,93.8,477.48,320.96,1,1,1.42,471.64,100.81,-7.75,2,1,3,6,1,0.49999999999999994,0.8660254037844387,-0.2554457579357907,0.9668233886044594,798.44,327.2295081967213,2.7548,29.546999999999997,0.5980161314563398,580.95,21.35,656.8766666666669,666.9133333333338,False,False,True,False,False,False,False,False,False,False
2026-03-01 03:00:00,8.04,220.8,13.9,52.0,412.54,951.69,22,1,3.27,671.68,44.35,36.16,3,1,3,6,1,0.7071067811865475,0.7071067811865476,-0.6534206039901054,-0.7569950556517564,1364.23,159.74590163934428,26.290799999999997,7.228000000000001,0.30239768953915397,471.64,100.81,592.8500000000003,518.4433333333337,False,False,True,False,False,False,False,False,False,False
2026-03-01 13:00:00,3.31,68.9,12.7,62.0,486.42,580.09,-8,0,3.03,508.2,23.69,45.65,13,1,3,6,1,-0.2588190451025208,-0.9659258262890683,0.932953534825489,0.35999680812005125,1066.51,279.9238845144357,10.0293,7.874,0.45608573759270893,671.68,44.35,574.7566666666668,810.4900000000004,False,False,True,False,False,False,False,False,False,False
2026-03-01 15:00:00,10.15,326.9,33.8,41.2,403.6,674.28,-6,0,4.24,599.2,39.88,14.77,15,1,3,6,1,-0.7071067811865471,-0.7071067811865479,-0.5461019610144296,0.8377187166204384,1077.88,101.2093896713615,43.036,13.9256,0.37443871302927967,508.2,23.69,550.5066666666668,1076.3933333333337,False,False,True,False,False,False,False,False,False,False
2026-03-02 12:00:00,7.26,312.1,30.0,37.7,326.17,1131.6,-30,0,3.1,667.38,29.23,-27.87,12,2,3,0,0,1.2246467991473532e-16,-1.0,-0.7419758409756162,0.6704266189587993,1457.77,187.8569587628866,22.506,11.31,0.22374585840015915,599.2,39.88,593.0266666666669,1169.5400000000002,False,False,True,False,False,False,False,False,False,False
2026-03-02 14:00:00,0.7,240.9,25.2,66.9,266.76,1073.98,-1,1,4.45,615.63,52.58,13.68,14,2,3,0,0,-0.4999999999999997,-0.8660254037844388,-0.8737722230354654,-0.48633538042349017,1340.74,1117.2833333333333,3.1149999999999998,16.858800000000002,0.19896475080925458,667.38,29.23,591.5933333333336,1200.7200000000005,False,False,True,False,False,False,False,False,False,False
2026-03-02 22:00:00,0.81,271.4,21.0,81.0,208.59,1138.77,19,0,1.71,517.93,110.62,80.45,22,2,3,0,0,-0.5000000000000004,0.8660254037844384,-0.9997014897811831,0.024432178152652338,1347.36,1028.5190839694656,1.3851,17.01,0.15481385821161384,615.63,52.58,627.4033333333335,1292.1300000000003,False,False,True,False,False,False,False,False,False,False
2026-03-03 11:00:00,7.73,209.1,32.0,84.2,184.46,254.29,-23,1,4.74,635.81,46.92,84.52,11,3,3,1,0,0.258819045102521,-0.9659258262890682,-0.48633538042349034,-0.8737722230354653,438.75,53.31105710814094,36.64020000000001,26.944000000000003,0.4204216524216524,517.93,110.62,600.3133333333335,1381.956666666667,False,False,True,False,False,False,False,False,False,False
2026-03-04 04:00:00,7.17,357.0,13.6,79.6,189.31,933.23,21,1,2.49,642.88,29.94,88.51,4,4,3,2,0,0.8660254037844386,0.5000000000000001,-0.05233595624294437,0.9986295347545738,1122.54,146.35462842242504,17.8533,10.8256,0.16864432447841504,635.81,46.92,589.7900000000001,1042.2833333333338,False,False,True,False,False,False,False,False,False,False
2026-03-04 06:00:00,8.69,75.8,23.3,70.7,290.35,427.03,1,0,2.92,533.16,18.87,82.97,6,4,3,2,0,1.0,6.123233995736766e-17,0.9694453498951389,0.24530738587880274,717.38,78.06093579978237,25.374799999999997,16.473100000000002,0.40473668069921104,642.88,29.94,598.8733333333334,969.5500000000003,False,False,True,False,False,False,False,False,False,False
2026-01-01 01:00:00,7.77,273.2,33.1,68.1,272.66,610.25,-26,1,4.55,606.41,25.0,88.03,1,1,1,3,0,0.25881904510252074,0.9659258262890683,-0.998440764181981,0.0558215049931637,882.9100000000001,106.76058041112456,35.3535,22.5411,0.30881969849701557,569.6471875,66.288046875,570.5054427083332,943.2095572916667,False,False,False,True,False,False,False,False,False,False
2026-01-01 10:00:00,7.62,271.7,30.3,63.7,152.11,387.24,16,0,1.94,521.33,79.11,-39.48,10,1,1,3,0,0.49999999999999994,-0.8660254037844387,-0.999559860119384,0.029666244085110503,539.35,66.42241379310344,14.7828,19.3011,0.282024659312135,606.41,25.0,606.41,882.9100000000001,False,False,False,True,False,False,False,False,False,False
2026-01-02 05:00:00,3.19,340.5,22.7,57.7,306.67,549.73,6,0,1.52,735.21,53.93,96.8,5,2,1,4,0,0.9659258262890683,0.25881904510252074,-0.3338068592337713,0.9426414910921783,856.4000000000001,232.0867208672087,4.8488,13.0979,0.3580920130780009,521.33,79.11,563.87,711.1300000000001,False,False,False,True,False,False,False,False,False,False
2026-01-02 15:00:00,9.81,50.9,17.6,55.3,167.18,729.36,16,1,1.16,583.14,117.97,45.67,15,2,1,4,0,-0.7071067811865471,-0.7071067811865479,0.7760464070665459,0.6306758074312863,896.54,86.95829291949563,11.3796,9.7328,0.18647243848573405,735.21,53.93,620.9833333333333,759.5533333333334,False,False,False,True,False,False,False,False,False,False
2026-01-02 23:00:00,6.9,127.5,21.1,78.3,198.77,329.72,-17,0,3.45,620.32,56.9,69.1,23,2,1,4,0,-0.25881904510252157,0.9659258262890681,0.7933533402912352,-0.6087614290087207,528.49,71.41756756756756,23.805000000000003,16.5213,0.3761092925126303,583.14,117.97,613.2266666666666,764.0966666666667,False,False,False,True,False,False,False,False,False,False
2026-01-03 04:00:00,1.15,226.3,25.3,55.4,397.89,785.77,-6,1,4.96,535.52,91.69,92.15,4,3,1,5,1,0.8660254037844386,0.5000000000000001,-0.7229671459095683,-0.6908824110768582,1183.6599999999999,717.369696969697,5.704,14.0162,0.3361522734569049,620.32,56.9,646.2233333333334,760.4766666666668,False,False,False,True,False,False,False,False,False,False
2026-01-03 07:00:00,4.31,164.0,20.9,68.4,173.56,421.87,17,0,0.31,466.54,75.39,79.58,7,3,1,5,1,0.9659258262890683,-0.25881904510252063,0.2756373558169992,-0.9612616959383189,595.4300000000001,123.79002079002082,1.3360999999999998,14.2956,0.29148682464773357,535.52,91.69,579.66,869.5633333333334,False,False,False,True,False,False,False,False,False,False
2026-01-03 12:00:00,5.24,58.9,17.1,63.6,170.02,995.46,3,0,1.34,613.79,73.35,-27.51,12,3,1,5,1,1.2246467991473532e-16,-1.0,0.8562670846003282,0.5165333288666419,1165.48,203.0452961672474,7.0216,10.875600000000002,0.14587980917733467,466.54,75.39,540.7933333333334,769.1933333333333,False,False,False,True,False,False,False,False,False,False
2026-01-03 18:00:00,4.85,87.7,31.3,69.6,364.56,686.67,-29,0,1.03,674.62,112.72,-31.22,18,3,1,5,1,-1.0,-1.8369701987210297e-16,0.999194395114446,0.04013179253255974,1051.23,196.49158878504676,4.9955,21.7848,0.3467937558859622,613.79,73.35,538.6166666666667,981.5233333333332,False,False,False,True,False,False,False,False,False,False
2026-01-06 05:00:00,9.51,149.8,10.8,38.0,189.27,215.87,-14,0,0.02,501.46,90.98,-39.49,5,6,1,1,0,0.9659258262890683,0.25881904510252074,0.5030199466302349,-0.8642748019537049,405.14,40.473526473526476,0.1902,4.104,0.467171841832453,674.62,112.72,584.9833333333332,937.3800000000001,False,False,False,True,False,False,False,False,False,False
2026-01-06 06:00:00,3.69,60.0,34.2,43.2,489.39,1162.03,23,0,3.08,586.14,70.26,42.2,6,6,1,1,0,1.0,6.123233995736766e-17,0.8660254037844386,0.5000000000000001,1651.42,394.1336515513127,11.3652,14.774400000000004,0.2963449637281854,501.46,90.98,596.6233333333333,873.9499999999999,False,False,False,True,False,False,False,False,False,False
2026-01-06 10:00:00,11.67,25.2,11.7,72.6,369.17,364.59,-23,1,2.85,574.97,96.0,91.96,10,6,1,1,0,0.49999999999999994,-0.8660254037844387,0.42577929156507266,0.9048270524660196,733.76,60.29252259654889,33.2595,8.4942,0.5031209114696904,586.14,70.26,587.4066666666666,1035.93,False,False,False,True,False,False,False,False,False,False
2026-01-06 19:00:00,6.03,263.5,27.6,34.7,62.88,968.9,-19,0,0.65,413.58,10.99,65.1,19,6,1,1,0,-0.9659258262890684,0.2588190451025203,-0.9935718556765875,-0.11320321376790694,1031.78,158.00612557427257,3.9195,9.577200000000001,0.06094322433076819,574.97,96.0,554.1899999999999,930.1066666666667,False,False,False,True,False,False,False,False,False,False
2026-01-07 04:00:00,5.56,293.8,33.6,76.8,90.05,948.83,-22,1,2.69,487.84,90.63,14.76,4,7,1,2,0,0.8660254037844386,0.5000000000000001,-0.9149596678498249,0.4035452963523898,1038.88,171.43234323432347,14.956399999999999,25.8048,0.08667988603111042,413.58,10.99,524.8966666666666,1138.9866666666667,False,False,False,True,False,False,False,False,False,False
2026-01-07 19:00:00,6.88,265.0,21.8,72.7,467.34,995.48,-2,0,4.41,535.17,103.35,74.67,19,7,1,2,0,-0.9659258262890684,0.2588190451025203,-0.9961946980917455,-0.08715574274765825,1462.82,198.2140921409214,30.3408,15.848600000000001,0.31947881489178437,487.84,90.63,492.12999999999994,934.8066666666667,False,False,False,True,False,False,False,False,False,False
2026-01-07 23:00:00,7.38,345.5,11.1,60.6,360.15,1078.24,-1,0,4.31,728.72,44.1,85.82,23,7,1,2,0,-0.25881904510252157,0.9659258262890681,-0.2503800040544419,0.9681476403781076,1438.3899999999999,182.53680203045684,31.807799999999997,6.7265999999999995,0.2503841100118883,535.17,103.35,478.8633333333333,1177.8266666666666,False,False,False,True,False,False,False,False,False,False
2026-01-08 22:00:00,6.38,149.6,13.0,90.1,498.88,1008.17,26,1,4.04,655.13,54.51,54.31,22,8,1,3,0,-0.5000000000000004,0.8660254037844384,0.5060337641211637,-0.8625136692072575,1507.05,219.04796511627907,25.775199999999998,11.713,0.33103082180418697,728.72,44.1,583.91,1313.3633333333335,False,False,False,True,False,False,False,False,False,False
2026-01-09 05:00:00,1.32,225.6,14.4,58.8,368.61,338.36,-17,0,4.37,453.44,76.61,28.83,5,9,1,4,0,0.9659258262890683,0.25881904510252074,-0.7144726796328031,-0.6996633405133657,706.97,388.44505494505495,5.768400000000001,8.4672,0.5213941185623152,655.13,54.51,639.6733333333333,1469.42,False,False,False,True,False,False,False,False,False,False
2026-01-09 13:00:00,1.01,162.4,20.6,36.5,451.96,537.75,-9,1,3.25,536.76,82.68,96.65,13,9,1,4,0,-0.2588190451025208,-0.9659258262890683,0.3023698907504446,-0.9531906677929469,989.71,655.4370860927153,3.2825,7.519000000000001,0.45665902132948033,453.44,76.61,612.43,1217.47,False,False,False,True,False,False,False,False,False,False
2026-01-09 14:00:00,2.63,258.7,26.2,47.7,448.87,842.14,3,1,2.63,540.21,40.69,-41.42,14,9,1,4,0,-0.4999999999999997,-0.8660254037844388,-0.980614658546613,-0.19594614424251802,1291.01,412.4632587859425,6.916899999999999,12.4974,0.3476890186753007,536.76,82.68,548.4433333333333,1067.91,False,False,False,True,False,False,False,False,False,False
2026-01-09 19:00:00,10.18,88.5,11.5,39.1,385.48,425.39,24,0,4.32,530.53,104.11,85.83,19,9,1,4,0,-0.9659258262890684,0.2588190451025203,0.9996573249755573,0.02617694830787314,810.87,75.92415730337079,43.9776,4.4965,0.4753906298173567,540.21,40.69,510.1366666666666,995.8966666666669,False,False,False,True,False,False,False,False,False,False
2026-01-09 21:00:00,1.39,120.7,32.4,67.6,341.47,1085.29,-17,1,1.01,468.96,51.42,15.46,21,9,1,4,0,-0.7071067811865477,0.7071067811865474,0.8598522715968735,-0.5105429179116057,1426.76,754.8994708994709,1.4039,21.902399999999997,0.239332473576495,530.53,104.11,535.8333333333334,1030.53,False,False,False,True,False,False,False,False,False,False
2026-01-10 14:00:00,5.22,186.2,22.1,35.4,472.09,1106.43,-9,0,2.74,409.12,71.02,-13.71,14,10,1,5,1,-0.4999999999999997,-0.8660254037844388,-0.10799935570602266,-0.9941509639723154,1578.52,275.965034965035,14.302800000000001,7.8234,0.29907128196031724,468.96,51.42,513.2333333333332,1176.2133333333334,False,False,False,True,False,False,False,False,False,False
2026-01-11 02:00:00,3.22,279.7,12.5,68.6,195.62,104.54,12,0,4.69,442.82,101.9,40.52,2,11,1,6,1,0.49999999999999994,0.8660254037844387,-0.9857034690888535,0.16848937956500254,300.16,80.68817204301075,15.101800000000003,8.575,0.6517190831556503,409.12,71.02,469.53666666666663,1272.05,False,False,False,True,False,False,False,False,False,False
2026-01-11 08:00:00,5.96,89.4,14.8,41.1,338.8,185.23,17,0,0.17,400.7,32.23,-7.65,8,11,1,6,1,0.8660254037844387,-0.4999999999999998,0.9999451693655121,0.010471784116245646,524.03,81.11919504643963,1.0132,6.082800000000001,0.646527870541763,442.82,101.9,440.29999999999995,1101.8133333333333,False,False,False,True,False,False,False,False,False,False
2026-01-11 11:00:00,3.73,263.7,32.4,71.8,213.44,304.16,-30,1,4.66,483.6,47.08,42.25,11,11,1,6,1,0.258819045102521,-0.9659258262890682,-0.9939609554551796,-0.10973431109104571,517.6,122.36406619385342,17.381800000000002,23.263199999999998,0.4123647604327666,400.7,32.23,417.5466666666666,800.9033333333333,False,False,False,True,False,False,False,False,False,False
2026-01-11 14:00:00,11.91,86.0,17.0,55.3,255.18,202.78,20,1,1.16,468.09,95.79,87.65,14,11,1,6,1,-0.4999999999999997,-0.8660254037844388,0.9975640502598242,0.06975647374412523,457.96000000000004,36.90249798549557,13.8156,9.401,0.5572102367018953,483.6,47.08,442.3733333333333,447.2633333333333,False,False,False,True,False,False,False,False,False,False
2026-01-12 01:00:00,8.91,297.2,12.9,67.5,497.2,894.04,10,0,1.92,646.03,58.94,78.75,1,12,1,0,0,0.25881904510252074,0.9659258262890683,-0.8894163732912977,0.4570979270586938,1391.24,147.84697130712007,17.1072,8.7075,0.35737902878008104,468.09,95.79,450.7966666666666,499.8633333333334,False,False,False,True,False,False,False,False,False,False
2026-01-12 03:00:00,7.15,57.5,20.9,83.6,478.62,244.73,-6,1,3.0,405.63,46.67,-3.89,3,12,1,0,0,0.7071067811865475,0.7071067811865476,0.8433914458128857,0.5372996083468239,723.35,94.55555555555556,21.450000000000003,17.472399999999997,0.6616713900601369,646.03,58.94,532.5733333333333,788.9333333333334,False,False,False,True,False,False,False,False,False,False
2026-01-12 06:00:00,10.46,16.1,31.8,52.0,416.49,1015.45,27,1,3.75,653.8,80.5,43.6,6,12,1,0,0,1.0,6.123233995736766e-17,0.2773146533023778,0.9607791541575941,1431.94,130.6514598540146,39.225,16.536,0.2908571588195036,405.63,46.67,506.5833333333333,857.5166666666668,False,False,False,True,False,False,False,False,False,False
2026-01-13 04:00:00,5.31,17.9,26.7,51.4,182.59,592.3,-2,0,3.47,568.73,74.96,40.71,4,13,1,1,0,0.8660254037844386,0.5000000000000001,0.30735661779980705,0.9515944038794382,774.89,133.37177280550776,18.4257,13.723799999999999,0.23563344474699635,653.8,80.5,568.4866666666666,1182.1766666666667,False,False,False,True,False,False,False,False,False,False
2026-01-13 18:00:00,3.5,4.8,12.7,46.4,160.92,210.48,9,1,4.55,530.29,110.84,15.7,18,13,1,1,0,-1.0,-1.8369701987210297e-16,0.08367784333231548,0.9964928592495044,371.4,92.85,15.924999999999999,5.892799999999999,0.4332794830371567,568.73,74.96,542.7199999999999,976.7266666666666,False,False,False,True,False,False,False,False,False,False
2026-01-15 06:00:00,9.12,314.9,24.6,66.7,312.15,924.03,-4,1,2.91,538.27,14.18,64.28,6,15,1,3,0,1.0,6.123233995736766e-17,-0.7083398377245289,0.7058715706786809,1236.1799999999998,128.5010395010395,26.539199999999997,16.4082,0.25251177013056353,530.29,110.84,584.2733333333332,859.41,False,False,False,True,False,False,False,False,False,False
2026-01-15 07:00:00,11.0,46.4,23.7,37.4,81.95,721.69,-5,1,3.66,651.18,63.74,-0.35,7,15,1,3,0,0.9659258262890683,-0.25881904510252063,0.7241718614374675,0.6896195437356698,803.6400000000001,69.8817391304348,40.260000000000005,8.8638,0.10197352048180777,538.27,14.18,545.7633333333333,794.1566666666666,False,False,False,True,False,False,False,False,False,False
2026-01-16 00:00:00,5.1,252.1,14.2,59.6,457.42,899.09,24,0,3.8,568.71,39.1,-6.39,0,16,1,4,0,0.0,1.0,-0.951594403879438,-0.30735661779980733,1356.51,242.23392857142858,19.38,8.463199999999999,0.3372035591333643,651.18,63.74,573.2466666666666,803.7400000000001,False,False,False,True,False,False,False,False,False,False
2026-01-16 10:00:00,5.77,305.4,25.8,67.4,387.49,924.48,-16,0,2.42,486.06,11.77,8.23,10,16,1,4,0,0.49999999999999994,-0.8660254037844387,-0.8151277957285544,0.5792811723426785,1311.97,209.24561403508773,13.963399999999998,17.389200000000002,0.29534974122883906,568.71,39.1,586.0533333333333,1132.11,False,False,False,True,False,False,False,False,False,False
2026-01-16 12:00:00,8.12,169.9,14.7,85.8,97.17,991.9,-14,1,0.34,652.02,36.95,-19.29,12,16,1,4,0,1.2246467991473532e-16,-1.0,0.17536672609198692,-0.9845031799744367,1089.07,126.34222737819026,2.7608,12.6126,0.08922291496414372,486.06,11.77,568.65,1157.3733333333332,False,False,False,True,False,False,False,False,False,False
2026-01-16 16:00:00,8.78,145.3,28.4,90.0,103.04,1147.53,-2,1,1.7,640.58,49.45,58.62,16,16,1,4,0,-0.8660254037844384,-0.5000000000000004,0.569279523430844,-0.8221440410307376,1250.57,134.75969827586206,14.925999999999998,25.56,0.08239442814076782,652.02,36.95,568.93,1252.5166666666667,False,False,False,True,False,False,False,False,False,False
2026-01-18 06:00:00,5.16,71.4,34.9,90.9,90.98,917.0,-21,0,1.91,418.53,109.59,3.98,6,18,1,6,1,1.0,6.123233995736766e-17,0.9477684100095858,0.3189593092980698,1007.98,178.08833922261485,9.855599999999999,31.7241,0.09025972737554316,640.58,49.45,592.8866666666667,1217.2033333333331,False,False,False,True,False,False,False,False,False,False
2026-01-18 12:00:00,9.14,45.6,18.0,38.8,231.69,431.96,-27,0,0.67,466.46,21.07,77.04,12,18,1,6,1,1.2246467991473532e-16,-1.0,0.7144726796328034,0.6996633405133654,663.65,68.84336099585062,6.123800000000001,6.984,0.3491147442175846,418.53,109.59,570.3766666666666,1115.8733333333332,False,False,False,True,False,False,False,False,False,False
2026-01-18 20:00:00,6.09,332.4,32.5,65.1,113.03,394.26,16,0,2.14,449.48,83.68,73.67,20,18,1,6,1,-0.8660254037844386,0.5000000000000001,-0.4632960351198621,0.8862035792312145,507.28999999999996,76.97875569044005,13.0326,21.1575,0.22281140964734178,466.46,21.07,508.52333333333326,974.0666666666666,False,False,False,True,False,False,False,False,False,False
2026-01-18 22:00:00,3.36,97.1,16.1,51.2,225.3,1195.17,8,1,2.65,438.72,93.74,-16.41,22,18,1,6,1,-0.5000000000000004,0.8660254037844384,0.9923319378854888,-0.12360147674049249,1420.47,367.9974093264249,8.904,8.243200000000002,0.1586094743289193,449.48,83.68,444.82333333333327,726.3066666666667,False,False,False,True,False,False,False,False,False,False
2026-01-19 06:00:00,2.19,1.4,13.9,72.7,326.65,754.47,15,0,0.28,422.65,114.34,33.77,6,19,1,0,0,1.0,6.123233995736766e-17,0.024432178152653153,0.9997014897811831,1081.12,401.903345724907,0.6132000000000001,10.105300000000002,0.3021403729465739,438.72,93.74,451.5533333333333,863.8033333333333,False,False,False,True,False,False,False,False,False,False
2026-01-19 11:00:00,6.26,108.0,21.0,69.1,286.34,1187.98,22,1,2.31,584.88,82.04,48.51,11,19,1,0,0,0.258819045102521,-0.9659258262890682,0.9510565162951536,-0.30901699437494734,1474.32,218.09467455621302,14.4606,14.511,0.19421835151120515,422.65,114.34,436.9499999999999,1002.9599999999999,False,False,False,True,False,False,False,False,False,False
2026-01-20 15:00:00,2.44,11.7,28.8,38.2,470.55,423.91,-5,0,3.52,735.03,109.97,42.75,15,20,1,1,0,-0.7071067811865471,-0.7071067811865479,0.20278729535651246,0.9792228106217657,894.46,304.23809523809524,8.588799999999999,11.001600000000002,0.5260715962703754,584.88,82.04,482.08333333333326,1325.3033333333333,False,False,False,True,False,False,False,False,False,False
2026-01-20 20:00:00,6.38,55.7,11.0,89.1,261.73,514.5,-9,0,1.41,568.5,65.71,69.96,20,20,1,1,0,-0.8660254037844386,0.5000000000000001,0.8260982944957639,0.5635260489375714,776.23,112.82412790697674,8.9958,9.800999999999998,0.3371809901704392,735.03,109.97,580.8533333333332,1149.9666666666665,False,False,False,True,False,False,False,False,False,False
2026-01-21 00:00:00,10.04,91.7,18.9,92.4,315.02,478.2,-18,1,4.68,557.9,80.88,82.69,0,21,1,2,0,0.0,1.0,0.999559860119384,-0.029666244085110847,793.22,75.25806451612904,46.987199999999994,17.4636,0.39714076800887516,568.5,65.71,629.4699999999999,1048.3366666666668,False,False,False,True,False,False,False,False,False,False
2026-01-21 08:00:00,8.84,19.6,32.1,32.1,142.07,143.17,-4,0,0.42,727.85,24.79,67.22,8,21,1,2,0,0.8660254037844387,-0.4999999999999998,0.33545156975025503,0.9420574527872967,285.24,30.53961456102784,3.7127999999999997,10.3041,0.4980717991866498,557.9,80.88,620.4766666666666,821.3033333333333,False,False,False,True,False,False,False,False,False,False
2026-01-21 23:00:00,0.62,107.0,17.8,30.0,82.04,775.45,-23,1,2.92,435.99,93.76,76.58,23,21,1,2,0,-0.25881904510252157,0.9659258262890681,0.9563047559630355,-0.29237170472273666,857.49,765.6160714285713,1.8104,5.34,0.09567458512635717,727.85,24.79,618.0833333333333,618.23,False,False,False,True,False,False,False,False,False,False
2026-01-22 04:00:00,4.46,281.8,16.4,90.7,479.79,1135.38,-17,0,1.47,470.87,38.22,37.1,4,22,1,3,0,0.8660254037844386,0.5000000000000001,-0.978867388761685,0.20449605184179065,1615.17,325.63911290322585,6.5562,14.8748,0.29705232266572557,435.99,93.76,573.9133333333333,645.3166666666667,False,False,False,True,False,False,False,False,False,False
2026-01-22 09:00:00,6.34,303.2,27.2,92.4,265.05,277.78,13,0,1.76,615.7,67.52,68.12,9,22,1,3,0,0.7071067811865476,-0.7071067811865475,-0.8367643134589621,0.5475632234925496,542.8299999999999,79.3611111111111,11.1584,25.132800000000003,0.48827441372068614,470.87,38.22,544.9033333333332,919.3000000000001,False,False,False,True,False,False,False,False,False,False
2026-01-22 16:00:00,5.27,32.6,11.2,90.6,93.31,175.19,1,0,3.58,683.19,116.2,67.01,16,22,1,3,0,-0.8660254037844384,-0.5000000000000004,0.538770785006863,0.8424523970071476,268.5,46.53379549393414,18.8666,10.1472,0.3475232774674116,615.7,67.52,507.52,1005.1633333333333,False,False,False,True,False,False,False,False,False,False
2026-01-22 18:00:00,9.53,93.1,23.9,62.6,331.91,1088.05,-16,0,2.6,535.27,62.82,89.07,18,22,1,3,0,-1.0,-1.8369701987210297e-16,0.9985366703262117,-0.054078812984775196,1419.96,141.57128614157529,24.778,14.9614,0.23374602101467648,683.19,116.2,589.92,808.8333333333334,False,False,False,True,False,False,False,False,False,False
2026-01-24 03:00:00,7.65,321.8,12.0,74.8,137.83,1191.24,0,0,2.86,517.1,21.83,29.25,3,24,1,5,1,0.7071067811865475,0.7071067811865476,-0.6184083953575539,0.7858568931754021,1329.07,163.0760736196319,21.879,8.975999999999999,0.10370409384005358,535.27,62.82,611.3866666666667,743.7633333333333,False,False,False,True,False,False,False,False,False,False
2026-01-24 07:00:00,11.93,266.6,17.5,75.8,286.99,1119.99,-21,0,3.26,656.02,65.91,86.89,7,24,1,5,1,0.9659258262890683,-0.25881904510252063,-0.9982398279237653,-0.05930637357596167,1406.98,113.19227674979888,38.891799999999996,13.265,0.2039758916260359,517.1,21.83,578.5199999999999,1005.8433333333332,False,False,False,True,False,False,False,False,False,False
2026-01-24 08:00:00,3.18,272.5,21.6,62.0,253.2,199.64,-7,0,0.82,734.39,66.77,29.8,8,24,1,5,1,0.8660254037844387,-0.4999999999999998,-0.9990482215818578,0.043619387365335764,452.84,123.05434782608694,2.6076,13.392000000000001,0.5591378853458175,656.02,65.91,569.4633333333333,1385.3366666666668,False,False,False,True,False,False,False,False,False,False
2026-01-24 20:00:00,0.61,223.0,16.6,45.7,132.19,446.0,-23,1,0.15,486.23,114.31,83.39,20,24,1,5,1,-0.8660254037844386,0.5000000000000001,-0.6819983600624984,-0.7313537016191706,578.19,520.891891891892,0.0915,7.586200000000002,0.22862726785312784,734.39,66.77,635.8366666666666,1062.9633333333334,False,False,False,True,False,False,False,False,False,False
2026-01-25 15:00:00,10.02,235.0,10.6,51.9,52.61,529.83,6,0,1.8,589.35,34.76,98.3,15,25,1,6,1,-0.7071067811865471,-0.7071067811865479,-0.8191520442889916,-0.5735764363510464,582.44,55.36501901140685,18.036,5.5014,0.09032690062495707,486.23,114.31,625.5466666666666,812.6700000000001,False,False,False,True,False,False,False,False,False,False
2026-01-25 18:00:00,3.27,303.7,32.4,31.5,407.37,838.81,22,1,4.2,700.85,82.24,-27.62,18,25,1,6,1,-1.0,-1.8369701987210297e-16,-0.8319541221304828,0.554844427447999,1246.1799999999998,330.551724137931,13.734,10.206,0.3268949910927796,589.35,34.76,603.3233333333333,537.8233333333334,False,False,False,True,False,False,False,False,False,False
2026-01-26 13:00:00,9.51,30.0,14.1,82.1,206.92,759.09,-27,0,0.63,482.31,28.17,-29.11,13,26,1,0,0,-0.2588190451025208,-0.9659258262890683,0.49999999999999994,0.8660254037844387,966.01,96.50449550449551,5.9913,11.576099999999999,0.214200681152369,700.85,82.24,592.1433333333333,802.27,False,False,False,True,False,False,False,False,False,False
2026-01-26 20:00:00,9.94,137.7,12.9,78.6,493.84,1101.45,-4,1,3.55,726.06,103.09,-39.45,20,26,1,0,0,-0.8660254037844386,0.5000000000000001,0.6730125135097736,-0.7396310949786095,1595.29,152.80555555555557,35.287,10.1394,0.3095612709914812,482.31,28.17,590.8366666666667,931.5433333333334,False,False,False,True,False,False,False,False,False,False
2026-01-27 02:00:00,2.44,130.2,15.6,47.2,339.96,775.93,-13,1,1.64,608.23,43.85,69.89,2,27,1,1,0,0.49999999999999994,0.8660254037844387,0.7637960286346424,-0.6454576877239504,1115.8899999999999,379.55442176870747,4.0016,7.363200000000001,0.3046536845029528,726.06,103.09,636.4066666666666,1269.1599999999999,False,False,False,True,False,False,False,False,False,False
2026-01-29 04:00:00,7.69,23.4,11.4,63.8,477.29,952.31,16,1,0.06,526.47,11.15,12.3,4,29,1,3,0,0.8660254037844386,0.5000000000000001,0.39714789063478056,0.9177546256839811,1429.6,174.5543345543345,0.46140000000000003,7.273199999999999,0.3338626189143817,608.23,43.85,605.5333333333333,1225.7299999999998,False,False,False,True,False,False,False,False,False,False
2026-01-30 13:00:00,3.27,249.6,21.0,77.3,212.35,1058.4,-9,0,4.3,704.71,85.75,-9.96,13,30,1,4,0,-0.2588190451025208,-0.9659258262890683,-0.9372819894918915,-0.34857204732181546,1270.75,337.0689655172414,14.061,16.233,0.16710603974031082,526.47,11.15,620.2533333333332,1380.26,False,False,False,True,False,False,False,False,False,False
2026-01-30 23:00:00,4.04,314.4,30.1,49.6,345.31,395.68,-3,0,0.62,644.63,12.18,77.13,23,30,1,4,0,-0.25881904510252157,0.9659258262890681,-0.7144726796328037,0.6996633405133651,740.99,163.2136563876652,2.5048,14.9296,0.46601168706730184,704.71,85.75,613.1366666666667,1272.08,False,False,False,True,False,False,False,False,False,False
2026-01-31 05:00:00,6.79,338.6,22.3,63.0,153.5,1177.16,-17,1,4.95,707.34,101.45,98.05,5,31,1,5,1,0.9659258262890683,0.25881904510252074,-0.3648767843376198,0.9310558158625283,1330.66,182.53223593964336,33.6105,14.049000000000001,0.11535628936016713,644.63,12.18,625.27,1147.1133333333335,False,False,False,True,False,False,False,False,False,False
2026-01-31 18:00:00,7.37,21.0,14.5,67.9,196.17,265.49,7,0,3.05,453.48,12.42,15.33,18,31,1,5,1,-1.0,-1.8369701987210297e-16,0.35836794954530027,0.9335804264972017,461.65999999999997,58.66073697585768,22.4785,9.845500000000001,0.4249231035827232,707.34,101.45,685.56,1114.1333333333334,False,False,False,True,False,False,False,False,False,False
2026-01-31 20:00:00,1.07,157.0,33.5,91.7,387.57,846.94,13,0,1.15,610.83,15.97,-20.73,20,31,1,5,1,-0.8660254037844386,0.5000000000000001,0.39073112848927377,-0.9205048534524404,1234.51,786.312101910828,1.2305,30.719500000000004,0.3139464240872897,453.48,12.42,601.8166666666666,844.4366666666666,False,False,False,True,False,False,False,False,False,False
2026-02-02 03:00:00,9.11,68.8,23.2,46.7,436.44,264.64,-30,0,4.39,680.84,91.02,-1.81,3,2,2,0,0,0.7071067811865475,0.7071067811865476,0.9323238012155122,0.3616245700820924,701.0799999999999,72.9531737773153,39.99289999999999,10.8344,0.6225252467621385,610.83,15.97,590.5499999999998,1008.9433333333333,False,False,False,True,False,False,False,False,False,False
2026-02-02 08:00:00,6.78,95.5,32.0,74.4,191.78,289.44,17,0,3.92,418.32,103.31,81.69,8,2,2,0,0,0.8660254037844387,-0.4999999999999998,0.9953961983671789,-0.09584575252022395,481.22,66.10164835164835,26.5776,23.808000000000003,0.398528739453888,680.84,91.02,581.7166666666666,799.0833333333334,False,False,False,True,False,False,False,False,False,False
2026-02-03 14:00:00,11.72,217.4,26.4,62.6,347.24,984.84,-14,1,1.36,480.85,101.84,97.6,14,3,2,1,0,-0.4999999999999997,-0.8660254037844388,-0.6073758397232868,-0.794414620535418,1332.08,109.00818330605563,15.939200000000001,16.5264,0.26067503453246055,418.32,103.31,569.9966666666666,805.6033333333335,False,False,False,True,False,False,False,False,False,False
2026-02-03 16:00:00,4.43,147.9,16.9,52.7,432.15,469.51,2,1,0.41,682.76,56.36,29.16,16,3,2,1,0,-0.8660254037844384,-0.5000000000000004,0.5313985795180828,-0.8471219213821372,901.66,182.8924949290061,1.8162999999999998,8.9063,0.47928265643368895,480.85,101.84,526.67,838.1266666666667,False,False,False,True,False,False,False,False,False,False
2026-02-03 21:00:00,4.27,9.3,21.4,57.8,364.4,696.31,-28,1,4.54,633.42,107.02,85.85,21,3,2,1,0,-0.7071067811865477,0.7071067811865474,0.16160382110336113,0.9868557164068072,1060.71,222.37106918238996,19.3858,12.3692,0.34354347559653436,682.76,56.36,527.31,904.9866666666667,False,False,False,True,False,False,False,False,False,False
2026-02-04 08:00:00,2.59,307.6,27.3,48.7,354.23,321.59,-10,1,3.68,469.16,49.95,-24.41,8,4,2,2,0,0.8660254037844387,-0.4999999999999998,-0.7922896433551903,0.6101451639012682,675.8199999999999,218.71197411003234,9.5312,13.295100000000001,0.5241484418928117,633.42,107.02,599.0099999999999,1098.1499999999999,False,False,False,True,False,False,False,False,False,False
2026-02-04 22:00:00,11.46,285.3,30.0,91.0,458.09,812.98,10,0,1.11,602.69,101.4,24.19,22,4,2,2,0,-0.5000000000000004,0.8660254037844384,-0.9645574184577981,0.263873049965373,1271.07,106.2767558528428,12.720600000000003,27.3,0.36039714571188053,469.16,49.95,595.1133333333332,879.3966666666666,False,False,False,True,False,False,False,False,False,False
2026-02-05 07:00:00,6.62,324.6,26.1,90.7,51.1,818.6,-23,0,3.25,515.91,73.86,80.05,7,5,2,3,0,0.9659258262890683,-0.25881904510252063,-0.5792811723426788,0.8151277957285542,869.7,122.14887640449439,21.515,23.6727,0.05875589283661033,602.69,101.4,568.4233333333333,1002.5333333333334,False,False,False,True,False,False,False,False,False,False
2026-02-05 11:00:00,4.87,90.1,12.5,58.7,475.34,738.19,9,0,0.06,685.39,16.12,51.31,11,5,2,3,0,0.258819045102521,-0.9659258262890682,0.9999984769132877,-0.001745328365898139,1213.53,225.98324022346367,0.2922,7.3375,0.3917002463886348,515.91,73.86,529.2533333333332,938.8633333333333,False,False,False,True,False,False,False,False,False,False
2026-02-05 12:00:00,7.6,241.0,16.8,71.2,323.83,827.94,17,0,4.75,493.61,103.54,-7.74,12,5,2,3,0,1.2246467991473532e-16,-1.0,-0.874619707139396,-0.48480962024633684,1151.77,142.19382716049384,36.1,11.9616,0.28115856464398276,685.39,16.12,601.3299999999999,1118.1000000000001,False,False,False,True,False,False,False,False,False,False
2026-02-06 04:00:00,2.64,210.8,34.0,77.7,344.58,418.35,-15,0,1.51,471.22,99.93,77.52,4,6,2,4,0,0.8660254037844386,0.5000000000000001,-0.5120428648705717,-0.8589598969306643,762.9300000000001,242.97133757961785,3.9864,26.418000000000003,0.4516534937674491,493.61,103.54,564.9699999999999,1078.3333333333333,False,False,False,True,False,False,False,False,False,False
2026-02-06 06:00:00,5.52,274.0,30.0,71.9,494.69,774.43,12,1,3.83,476.62,24.71,-1.25,6,6,2,4,0,1.0,6.123233995736766e-17,-0.9975640502598243,0.06975647374412522,1269.12,210.8172757475083,21.1416,21.57,0.3897897755925366,471.22,99.93,550.0733333333333,1042.7433333333336,False,False,False,True,False,False,False,False,False,False
2026-02-06 08:00:00,5.53,131.9,18.4,36.9,319.72,851.26,-2,1,0.84,591.01,76.07,47.98,8,6,2,4,0,0.8660254037844387,-0.4999999999999998,0.7443115462311539,-0.6678325554710468,1170.98,194.19237147595356,4.6452,6.789599999999999,0.273036260226477,476.62,24.71,480.4833333333333,1061.2733333333333,False,False,False,True,False,False,False,False,False,False
2026-02-06 14:00:00,6.28,66.2,33.7,74.9,437.56,846.0,-25,1,2.33,417.69,27.93,86.09,14,6,2,4,0,-0.4999999999999997,-0.8660254037844388,0.9149596678498249,0.40354529635239,1283.56,189.31563421828906,14.6324,25.241300000000006,0.34089563401788775,591.01,76.07,512.9499999999999,1067.6766666666667,False,False,False,True,False,False,False,False,False,False
2026-02-07 03:00:00,6.46,254.4,16.2,51.9,289.0,479.38,18,1,0.49,431.54,28.55,89.22,3,7,2,5,1,0.7071067811865475,0.7071067811865476,-0.9631625667976581,-0.2689198206152658,768.38,110.39942528735632,3.1654,8.4078,0.37611598427861215,417.69,27.93,495.10666666666657,1241.22,False,False,False,True,False,False,False,False,False,False
2026-02-08 10:00:00,4.72,46.5,15.0,82.9,405.2,764.01,11,0,2.95,430.67,104.76,-21.57,10,8,2,6,1,0.49999999999999994,-0.8660254037844387,0.7253743710122876,0.688354575693754,1169.21,223.9865900383142,13.924,12.435,0.34655878755741054,431.54,28.55,480.0799999999999,1074.3066666666666,False,False,False,True,False,False,False,False,False,False
2026-02-09 18:00:00,8.36,30.7,23.5,58.5,359.68,553.09,-20,0,2.5,698.18,24.39,19.54,18,9,2,0,0,-1.0,-1.8369701987210297e-16,0.5105429179116057,0.8598522715968735,912.77,103.0214446952596,20.9,13.7475,0.3940532664307548,430.67,104.76,426.63333333333327,1073.716666666667,False,False,False,True,False,False,False,False,False,False
2026-02-09 20:00:00,7.12,272.3,13.0,61.4,395.16,544.43,3,0,0.39,492.31,95.0,-48.18,20,9,2,0,0,-0.8660254037844386,0.5000000000000001,-0.999194395114446,0.04013179253255971,939.5899999999999,123.30577427821521,2.7768,7.981999999999999,0.4205664172671059,698.18,24.39,520.1299999999999,950.1200000000002,False,False,False,True,False,False,False,False,False,False
2026-02-09 22:00:00,7.19,178.1,26.1,50.9,147.28,940.4,8,0,1.23,508.6,96.32,9.03,22,9,2,0,0,-0.5000000000000004,0.8660254037844384,0.03315517838852656,-0.9994502159417571,1087.68,141.4408322496749,8.8437,13.2849,0.13540747278611356,492.31,95.0,540.3866666666665,1007.19,False,False,False,True,False,False,False,False,False,False
2026-02-10 05:00:00,2.01,309.2,16.3,43.0,434.42,1108.75,25,0,2.27,584.65,75.83,26.03,5,10,2,1,0,0.9659258262890683,0.25881904510252074,-0.7749444887041796,0.6320293026648508,1543.17,614.8087649402391,4.5626999999999995,7.0089999999999995,0.28151143425546116,508.6,96.32,566.3633333333332,980.0133333333333,False,False,False,True,False,False,False,False,False,False
2026-02-10 14:00:00,5.95,48.6,20.1,71.7,348.23,693.15,-30,1,2.5,463.61,65.42,98.96,14,10,2,1,0,-0.4999999999999997,-0.8660254037844388,0.7501110696304596,0.6613118653236518,1041.38,161.4542635658915,14.875,14.411700000000002,0.33439282490541394,584.65,75.83,528.5199999999999,1190.1466666666668,False,False,False,True,False,False,False,False,False,False
2026-02-10 16:00:00,7.59,206.0,34.1,66.4,163.49,392.85,18,1,1.63,665.01,52.59,27.61,16,10,2,1,0,-0.8660254037844384,-0.5000000000000004,-0.43837114678907746,-0.8987940462991669,556.34,68.76885043263289,12.371699999999999,22.642400000000002,0.2938670597116871,463.61,65.42,518.9533333333333,1224.0766666666668,False,False,False,True,False,False,False,False,False,False
2026-02-10 20:00:00,2.2,321.7,19.4,49.9,198.09,590.43,11,1,0.82,746.88,108.28,99.07,20,10,2,1,0,-0.8660254037844386,0.5000000000000001,-0.6197790317951405,0.7847763705330827,788.52,292.0444444444444,1.804,9.6806,0.2512174707046112,665.01,52.59,571.0899999999998,1046.9633333333334,False,False,False,True,False,False,False,False,False,False
2026-02-11 00:00:00,2.84,54.7,20.9,75.9,268.62,453.38,-25,0,3.05,684.64,84.04,-39.29,0,11,2,2,0,0.0,1.0,0.8161375900801602,0.5778576243835054,722.0,216.1676646706587,8.661999999999999,15.8631,0.3720498614958449,746.88,108.28,625.1666666666666,795.4133333333334,False,False,False,True,False,False,False,False,False,False
2026-02-11 01:00:00,9.34,46.9,14.9,80.9,88.69,213.32,18,1,2.51,627.56,14.5,-36.95,1,11,2,2,0,0.25881904510252074,0.9659258262890683,0.7301622766207524,0.6832737736807991,302.01,30.692073170731707,23.443399999999997,12.0541,0.29366577265653454,684.64,84.04,698.8433333333332,688.9533333333334,False,False,False,True,False,False,False,False,False,False
2026-02-11 04:00:00,0.74,88.7,22.2,55.2,474.64,741.16,6,0,4.6,512.09,73.1,48.63,4,11,2,2,0,0.8660254037844386,0.5000000000000001,0.9997426093226983,0.02268733357278134,1215.8,980.483870967742,3.404,12.2544,0.39039315676920544,627.56,14.5,686.3599999999998,604.1766666666667,False,False,False,True,False,False,False,False,False,False
2026-02-11 18:00:00,8.28,134.2,16.0,48.6,90.8,803.58,-16,0,3.75,506.76,78.41,-35.78,18,11,2,2,0,-1.0,-1.8369701987210297e-16,0.7169106076504829,-0.6971651028545645,894.38,101.86560364464694,31.049999999999997,7.776,0.10152284263959391,512.09,73.1,608.0966666666666,746.6033333333334,False,False,False,True,False,False,False,False,False,False
2026-02-11 19:00:00,4.68,126.6,33.4,49.4,350.26,290.21,-8,1,2.0,412.55,116.31,81.54,19,11,2,2,0,-0.9659258262890684,0.2588190451025203,0.8028174751911147,-0.5962248749656156,640.47,123.64285714285715,9.36,16.499599999999997,0.5468796352678501,506.76,78.41,548.8033333333332,804.0633333333334,False,False,False,True,False,False,False,False,False,False
2026-02-12 14:00:00,9.72,334.8,13.2,30.2,399.49,299.07,28,0,0.37,537.89,98.42,40.41,14,12,2,3,0,-0.4999999999999997,-0.8660254037844388,-0.4257792915650722,0.9048270524660197,698.56,68.35225048923678,3.5964,3.9863999999999997,0.5718764315162621,412.55,116.31,477.13333333333327,916.8833333333333,False,False,False,True,False,False,False,False,False,False
2026-02-13 04:00:00,3.95,278.0,31.8,80.1,79.53,716.3,5,0,0.31,726.48,112.48,85.25,4,13,2,4,0,0.8660254037844386,0.5000000000000001,-0.9902680687415704,0.13917310096006547,795.8299999999999,178.838202247191,1.2245000000000001,25.471799999999998,0.09993340286242038,537.89,98.42,485.7333333333333,744.4699999999999,False,False,False,True,False,False,False,False,False,False
2026-02-13 10:00:00,7.21,121.4,19.0,83.4,366.18,992.6,-15,1,2.76,573.11,23.13,85.85,10,13,2,4,0,0.49999999999999994,-0.8660254037844387,0.8535507972753275,-0.5210096318405764,1358.78,176.2360570687419,19.8996,15.846000000000002,0.26949174995216296,726.48,112.48,558.9733333333332,711.6199999999999,False,False,False,True,False,False,False,False,False,False
2026-02-14 00:00:00,11.76,61.6,27.8,30.6,153.93,833.07,14,0,2.03,742.39,32.18,84.08,0,14,2,5,1,0.0,1.0,0.8796485728666165,0.4756242090702753,987.0,80.50570962479608,23.872799999999998,8.5068,0.15595744680851065,573.11,23.13,612.4933333333332,951.0566666666667,False,False,False,True,False,False,False,False,False,False
2026-02-14 13:00:00,1.46,31.1,25.6,80.0,455.78,159.85,0,0,4.87,700.9,17.68,-33.04,13,14,2,5,1,-0.2588190451025208,-0.9659258262890683,0.5165333288666418,0.8562670846003282,615.63,314.0969387755102,7.1102,20.48,0.7403472865195003,742.39,32.18,680.6599999999999,1047.2033333333334,False,False,False,True,False,False,False,False,False,False
2026-02-14 16:00:00,1.29,301.3,16.3,45.8,61.19,510.65,2,1,1.97,470.67,22.12,45.82,16,14,2,5,1,-0.8660254037844384,-0.5000000000000004,-0.8544588301328072,0.5195191118795097,571.8399999999999,319.4636871508379,2.5413,7.4654,0.10700545607162844,700.9,17.68,672.1333333333332,987.1366666666668,False,False,False,True,False,False,False,False,False,False
2026-02-15 16:00:00,11.86,127.8,18.4,53.7,168.12,848.07,19,0,2.26,722.25,62.74,-48.19,16,15,2,6,1,-0.8660254037844384,-0.5000000000000004,0.7901550123756905,-0.6129070536529763,1016.19,82.21601941747574,26.803599999999996,9.880799999999999,0.16544150208130368,470.67,22.12,637.9866666666666,724.8233333333333,False,False,False,True,False,False,False,False,False,False
2026-02-17 02:00:00,6.35,171.8,19.9,92.2,475.18,102.78,-19,1,3.53,506.19,27.11,-18.6,2,17,2,1,0,0.49999999999999994,0.8660254037844387,0.1426289337055113,-0.989776230907789,577.96,84.37372262773724,22.415499999999998,18.3478,0.8221676240570281,722.25,62.74,631.2733333333332,734.5533333333333,False,False,False,True,False,False,False,False,False,False
2026-02-17 03:00:00,5.71,47.1,17.5,75.3,400.82,211.27,-30,1,1.46,509.91,32.69,60.85,3,17,2,1,0,0.7071067811865475,0.7071067811865476,0.7325428987873788,0.6807208689589178,612.09,98.56521739130436,8.336599999999999,13.1775,0.6548383407668806,506.19,27.11,566.3699999999999,721.9966666666666,False,False,False,True,False,False,False,False,False,False
2026-02-17 17:00:00,6.37,145.8,21.6,73.0,62.43,221.82,7,0,2.89,711.29,114.15,-48.0,17,17,2,1,0,-0.9659258262890683,-0.25881904510252063,0.5620833778521305,-0.8270805742745619,284.25,41.375545851528386,18.4093,15.768000000000002,0.2196306068601583,509.91,32.69,579.4499999999999,735.4133333333334,False,False,False,True,False,False,False,False,False,False
2026-02-17 22:00:00,11.62,325.5,29.6,37.7,124.1,430.65,19,0,3.49,700.39,56.1,42.67,22,17,2,1,0,-0.5000000000000004,0.8660254037844384,-0.5664062369248329,0.8241261886220156,554.75,45.771452145214525,40.5538,11.1592,0.22370437133844073,711.29,114.15,575.7966666666666,491.4333333333334,False,False,False,True,False,False,False,False,False,False
2026-02-18 04:00:00,9.82,329.3,30.5,85.8,229.34,1039.4,-8,0,1.75,742.97,66.38,-41.23,4,18,2,2,0,0.8660254037844386,0.5000000000000001,-0.5105429179116056,0.8598522715968736,1268.74,122.93992248062015,17.185000000000002,26.169,0.18076201585825308,700.39,56.1,640.5299999999999,483.6966666666667,False,False,False,True,False,False,False,False,False,False
2026-02-18 12:00:00,5.67,215.6,21.7,68.4,129.79,192.29,-21,1,1.81,655.89,119.79,-10.07,12,18,2,2,0,1.2246467991473532e-16,-1.0,-0.5821229701572893,-0.8131007610470278,322.08,52.20097244732577,10.2627,14.8428,0.4029744162940884,742.97,66.38,718.2166666666666,702.5799999999999,False,False,False,True,False,False,False,False,False,False
2026-02-19 08:00:00,9.38,208.1,25.5,89.2,207.27,743.43,4,1,2.85,717.74,53.2,-43.45,8,19,2,3,0,0.8660254037844387,-0.4999999999999998,-0.47101188121941,-0.8821268660176678,950.6999999999999,96.22469635627529,26.733000000000004,22.746,0.2180183023035658,655.89,119.79,699.75,715.1899999999999,False,False,False,True,False,False,False,False,False,False
2026-02-19 18:00:00,9.81,276.8,24.4,76.8,152.51,701.17,-17,1,4.18,659.5,51.07,-17.53,18,19,2,3,0,-1.0,-1.8369701987210297e-16,-0.9929655081065369,0.11840396830650136,853.68,82.80116391852569,41.0058,18.739199999999997,0.1786500796551401,717.74,53.2,705.5333333333333,847.1733333333332,False,False,False,True,False,False,False,False,False,False
2026-02-21 01:00:00,6.55,173.9,19.5,32.0,229.39,1079.12,5,0,1.17,655.73,116.92,61.45,1,21,2,5,1,0.25881904510252074,0.9659258262890683,0.10626407133623336,-0.9943379441332046,1308.5099999999998,185.6042553191489,7.663499999999999,6.24,0.17530626437703956,659.5,51.07,677.7099999999999,708.8199999999998,False,False,False,True,False,False,False,False,False,False
2026-02-21 06:00:00,1.07,105.1,13.3,59.3,237.16,1034.5,16,0,4.37,448.46,82.68,34.56,6,21,2,5,1,1.0,6.123233995736766e-17,0.9654726308792251,-0.2605045086426483,1271.66,809.9745222929937,4.6759,7.886900000000001,0.18649639054464243,655.73,116.92,677.6566666666666,1037.6299999999999,False,False,False,True,False,False,False,False,False,False
2026-02-21 21:00:00,8.73,229.7,13.3,88.1,263.88,980.76,10,1,3.24,679.85,60.32,6.2,21,21,2,5,1,-0.7071067811865477,0.7071067811865474,-0.7626683296956883,-0.6467897795104595,1244.6399999999999,134.84723726977245,28.285200000000003,11.7173,0.21201311222522176,448.46,82.68,587.8966666666665,1144.6166666666666,False,False,False,True,False,False,False,False,False,False
2026-02-21 22:00:00,7.48,115.4,15.0,83.5,136.76,597.31,-14,0,1.62,479.65,118.85,90.02,22,21,2,5,1,-0.5000000000000004,0.8660254037844384,0.9033352928633008,-0.42893513340314576,734.0699999999999,91.98872180451127,12.117600000000001,12.525,0.18630375849714606,679.85,60.32,594.68,1274.9366666666665,False,False,False,True,False,False,False,False,False,False
2026-02-22 01:00:00,1.24,46.4,31.6,30.2,258.98,472.33,-30,0,1.33,479.83,60.3,-18.59,1,22,2,6,1,0.25881904510252074,0.9659258262890683,0.7241718614374675,0.6896195437356698,731.31,420.2931034482758,1.6492,9.5432,0.3541316268066894,479.65,118.85,535.9866666666667,1083.4566666666665,False,False,False,True,False,False,False,False,False,False
2026-02-24 18:00:00,7.05,124.4,14.3,55.8,171.83,503.1,28,0,3.52,578.86,72.95,-48.47,18,24,2,1,0,-1.0,-1.8369701987210297e-16,0.8251134982782952,-0.5649670034249379,674.9300000000001,89.39470198675498,24.816,7.979400000000001,0.2545893648230187,479.83,60.3,546.4433333333333,903.3399999999998,False,False,False,True,False,False,False,False,False,False
2026-02-25 13:00:00,9.33,28.3,33.1,45.6,113.48,694.07,4,0,2.92,684.15,17.4,-6.87,13,25,2,2,0,-0.2588190451025208,-0.9659258262890683,0.4740882090471163,0.880477353509162,807.5500000000001,82.15157680569685,27.2436,15.093600000000002,0.14052380657544425,578.86,72.95,512.7799999999999,713.4366666666665,False,False,False,True,False,False,False,False,False,False
2026-02-26 04:00:00,8.45,210.9,23.9,87.1,455.55,562.59,7,1,2.03,538.24,23.85,69.35,4,26,2,3,0,0.8660254037844386,0.5000000000000001,-0.5135412520581701,-0.8580649057236445,1018.1400000000001,113.75865921787711,17.153499999999998,20.816899999999997,0.4474335553067358,684.15,17.4,580.9466666666666,737.9299999999998,False,False,False,True,False,False,False,False,False,False
2026-02-26 13:00:00,7.97,142.1,26.9,39.2,104.68,805.23,-4,1,2.14,657.99,52.67,48.66,13,26,2,3,0,-0.2588190451025208,-0.9659258262890683,0.6142852000989434,-0.7890840848346905,909.9100000000001,107.42739079102718,17.0558,10.5448,0.11504434504511435,538.24,23.85,600.4166666666665,833.54,False,False,False,True,False,False,False,False,False,False
2026-02-26 20:00:00,3.46,73.9,19.7,79.2,296.69,1179.46,-28,0,4.49,592.21,89.32,-21.74,20,26,2,3,0,-0.8660254037844386,0.5000000000000001,0.9607791541575942,0.2773146533023777,1476.15,372.76515151515156,15.535400000000001,15.6024,0.20098905937743453,657.99,52.67,626.7933333333332,911.8666666666667,False,False,False,True,False,False,False,False,False,False
2026-02-27 06:00:00,3.66,323.9,29.3,64.2,105.03,1002.94,28,0,4.52,683.91,62.08,-0.17,6,27,2,4,0,1.0,6.123233995736766e-17,-0.5891963573533422,0.8079898838980305,1107.97,266.3389423076923,16.5432,18.8106,0.09479498542379307,592.21,89.32,596.1466666666665,1134.7333333333333,False,False,False,True,False,False,False,False,False,False
2026-02-27 17:00:00,11.71,65.9,16.9,88.1,389.47,841.89,-6,0,3.47,518.13,19.28,62.23,17,27,2,4,0,-0.9659258262890683,-0.25881904510252063,0.9128341772330428,0.40833046038138476,1231.3600000000001,100.84848484848486,40.633700000000005,14.8889,0.31629255457380456,683.91,62.08,644.7033333333333,1164.6766666666665,False,False,False,True,False,False,False,False,False,False
2026-02-27 18:00:00,11.72,131.4,19.8,90.9,174.23,544.11,-12,1,4.16,561.01,32.35,40.31,18,27,2,4,0,-1.0,-1.8369701987210297e-16,0.7501110696304594,-0.661311865323652,718.34,58.783960720130935,48.7552,17.9982,0.24254531280452152,518.13,19.28,598.0833333333334,1271.8266666666666,False,False,False,True,False,False,False,False,False,False
2026-02-27 20:00:00,9.95,224.3,17.2,71.3,89.17,299.17,-29,0,4.46,626.09,46.23,-27.6,20,27,2,4,0,-0.8660254037844386,0.5000000000000001,-0.698415285431006,-0.7156927337037358,388.34000000000003,37.161722488038286,44.376999999999995,12.263599999999999,0.2296183756502034,561.01,32.35,587.6833333333333,1019.2233333333332,False,False,False,True,False,False,False,False,False,False
2026-02-28 17:00:00,11.68,45.8,32.7,85.1,182.44,216.94,-9,0,0.78,476.72,88.17,47.06,17,28,2,5,1,-0.9659258262890683,-0.25881904510252063,0.7169106076504828,0.6971651028545646,399.38,32.78981937602627,9.1104,27.8277,0.4568080524813461,626.09,46.23,568.41,779.3466666666667,False,False,False,True,False,False,False,False,False,False
2026-03-01 08:00:00,5.66,317.3,26.0,50.8,65.03,1166.49,-3,0,4.26,587.8,14.75,-33.56,8,1,3,6,1,0.8660254037844387,-0.4999999999999998,-0.6781596698680706,0.7349145951499598,1231.52,199.9220779220779,24.1116,13.208,0.05280466415486553,476.72,88.17,554.6066666666667,502.0199999999998,False,False,False,True,False,False,False,False,False,False
2026-03-03 05:00:00,4.55,320.5,24.6,33.5,128.75,485.71,20,0,0.97,429.66,85.26,56.88,5,3,3,1,0,0.9659258262890683,0.25881904510252074,-0.636078220277764,0.77162458338772,614.46,121.67524752475249,4.4135,8.241,0.2095335741952283,587.8,14.75,563.5366666666666,673.0799999999998,False,False,False,True,False,False,False,False,False,False
2026-03-03 18:00:00,8.59,309.5,27.7,57.2,308.42,535.24,-6,0,3.13,411.21,24.89,9.11,18,3,3,1,0,-1.0,-1.8369701987210297e-16,-0.7716245833877202,0.6360782202777636,843.6600000000001,92.81188118811882,26.886699999999998,15.8444,0.36557380935447925,429.66,85.26,498.05999999999995,748.453333333333,False,False,False,True,False,False,False,False,False,False
2026-01-01 03:00:00,7.15,328.2,19.5,35.7,443.62,902.19,23,1,2.82,421.27,112.26,-4.0,3,1,1,3,0,0.7071067811865475,0.7071067811865476,-0.5269557954966778,0.8498926929868638,1345.81,175.92287581699344,20.163,6.961500000000001,0.3296304827575958,571.9087421383648,61.70572327044026,571.2617400419288,910.0600104821802,False,False,False,False,True,False,False,False,False,False
2026-01-01 09:00:00,8.9,213.7,14.4,30.8,449.89,1120.81,-17,1,1.72,573.15,50.08,85.18,9,1,1,3,0,0.7071067811865476,-0.7071067811865475,-0.554844427447999,-0.8319541221304827,1570.6999999999998,167.09574468085103,15.308,4.4352,0.2864264340739798,421.27,112.26,421.27,1345.81,False,False,False,False,True,False,False,False,False,False
2026-01-01 15:00:00,7.6,105.2,33.7,67.3,155.39,198.87,7,1,0.47,474.61,82.5,-5.67,15,1,1,3,0,-0.7071067811865471,-0.7071067811865479,0.9650164944723114,-0.2621891786408648,354.26,43.735802469135805,3.5719999999999996,22.680100000000003,0.43863264269180824,573.15,50.08,497.21,1458.2549999999999,False,False,False,False,True,False,False,False,False,False
2026-01-01 20:00:00,1.74,329.5,33.3,47.1,121.83,263.22,-30,0,2.69,473.22,23.94,13.69,20,1,1,3,0,-0.8660254037844386,0.5000000000000001,-0.5075383629607042,0.8616291604415257,385.05,171.89732142857142,4.6806,15.684299999999999,0.3164004674717569,474.61,82.5,489.6766666666667,1090.2566666666664,False,False,False,False,True,False,False,False,False,False
2026-01-02 08:00:00,0.98,67.8,24.1,64.2,330.13,183.56,30,1,4.45,596.69,56.82,99.58,8,2,1,4,0,0.8660254037844387,-0.4999999999999998,0.9258705848099947,0.3778407868184673,513.69,347.08783783783787,4.361,15.472200000000003,0.642663863419572,473.22,23.94,506.99333333333334,770.0033333333332,False,False,False,False,True,False,False,False,False,False
2026-01-02 11:00:00,3.4,51.8,32.8,62.2,91.06,442.55,7,0,2.95,521.64,91.86,-18.06,11,2,1,4,0,0.258819045102521,-0.9659258262890682,0.7858568931754019,0.6184083953575542,533.61,136.82307692307694,10.030000000000001,20.4016,0.17064897584378103,596.69,56.82,514.84,417.6666666666667,False,False,False,False,True,False,False,False,False,False
2026-01-02 21:00:00,2.68,332.5,20.6,48.5,167.79,214.26,12,1,3.2,742.27,63.74,-39.54,21,2,1,4,0,-0.7071067811865477,0.7071067811865474,-0.46174861323503363,0.8870108331782218,382.04999999999995,120.14150943396224,8.576,9.991,0.43918335296427174,521.64,91.86,530.5166666666667,477.45,False,False,False,False,True,False,False,False,False,False
2026-01-03 23:00:00,8.07,137.8,23.8,85.6,55.29,658.68,-10,0,4.96,708.19,40.99,25.5,23,3,1,5,1,-0.25881904510252157,0.9659258262890681,0.6717205893229902,-0.74080459628675,713.9699999999999,83.31038506417735,40.0272,20.372799999999998,0.07744022858103282,742.27,63.74,620.1999999999999,476.45,False,False,False,False,True,False,False,False,False,False
2026-01-04 01:00:00,5.7,154.9,11.1,51.3,275.63,1023.03,-21,0,3.49,533.12,109.32,-8.28,1,4,1,6,1,0.25881904510252074,0.9659258262890683,0.42419942274539013,-0.9055687990111396,1298.6599999999999,209.46129032258062,19.893,5.694299999999999,0.21224184929080747,708.19,40.99,657.3666666666667,543.2099999999999,False,False,False,False,True,False,False,False,False,False
2026-01-04 20:00:00,5.12,225.6,17.5,93.3,330.68,240.16,3,1,1.01,412.32,109.56,-20.76,20,4,1,6,1,-0.8660254037844386,0.5000000000000001,-0.7144726796328031,-0.6996633405133657,570.84,101.57295373665481,5.1712,16.3275,0.5792866652652232,533.12,109.32,661.1933333333333,798.2266666666666,False,False,False,False,True,False,False,False,False,False
2026-01-05 09:00:00,9.73,76.1,31.1,73.4,114.66,805.73,5,1,2.22,687.93,75.29,-39.49,9,5,1,0,0,0.7071067811865476,-0.7071067811865475,0.9707164815781908,0.2402280424772638,920.39,89.96969696969697,21.600600000000004,22.8274,0.12457762470257173,412.32,109.56,551.21,861.1566666666666,False,False,False,False,True,False,False,False,False,False
2026-01-05 16:00:00,2.15,48.9,14.0,38.9,443.35,347.54,-12,0,1.26,553.05,82.19,-7.11,16,5,1,0,0,-0.8660254037844384,-0.5000000000000004,0.7535633923016378,0.6573752457940958,790.8900000000001,298.4490566037736,2.709,5.446000000000001,0.5605710022885609,687.93,75.29,544.4566666666666,929.9633333333333,False,False,False,False,True,False,False,False,False,False
2026-01-05 19:00:00,7.35,58.9,26.0,61.0,430.53,534.58,-14,1,3.17,616.69,80.57,68.99,19,5,1,0,0,-0.9659258262890684,0.2588190451025203,0.8562670846003282,0.5165333288666419,965.11,122.94394904458599,23.2995,15.86,0.4460942276009988,553.05,82.19,551.1,760.7066666666666,False,False,False,False,True,False,False,False,False,False
2026-01-06 07:00:00,11.32,355.0,23.2,56.1,176.57,1134.95,-4,0,2.13,680.42,45.77,-43.65,7,6,1,1,0,0.9659258262890683,-0.25881904510252063,-0.08715574274765832,0.9961946980917455,1311.52,110.95769881556683,24.1116,13.0152,0.13463004757838234,616.69,80.57,619.2233333333332,892.13,False,False,False,False,True,False,False,False,False,False
2026-01-06 17:00:00,11.26,160.5,23.3,94.5,163.96,822.39,7,1,2.68,615.31,64.8,51.74,17,6,1,1,0,-0.9659258262890683,-0.25881904510252063,0.3338068592337712,-0.9426414910921783,986.35,83.87329931972789,30.1768,22.0185,0.1662290262077356,680.42,45.77,616.7199999999999,1022.5066666666667,False,False,False,False,True,False,False,False,False,False
2026-01-07 11:00:00,2.99,226.8,23.3,33.2,436.47,289.92,26,0,2.45,748.0,63.28,-29.99,11,7,1,2,0,0.258819045102521,-0.9659258262890682,-0.7289686274214116,-0.6845471059286886,726.3900000000001,208.13467048710604,7.325500000000001,7.735600000000001,0.6008755627142444,615.31,64.8,637.4733333333334,1087.66,False,False,False,False,True,False,False,False,False,False
2026-01-08 04:00:00,3.04,51.8,34.6,43.9,403.78,685.17,1,1,4.5,690.51,66.28,81.62,4,8,1,3,0,0.8660254037844386,0.5000000000000001,0.7858568931754019,0.6184083953575542,1088.9499999999998,307.6129943502824,13.68,15.189400000000001,0.3707975572799486,748.0,63.28,681.2433333333333,1008.0866666666667,False,False,False,False,True,False,False,False,False,False
2026-01-08 13:00:00,8.17,159.4,19.3,75.2,221.11,243.21,19,0,1.36,412.7,99.67,83.93,13,8,1,3,0,-0.2588190451025208,-0.9659258262890683,0.3518416484047018,-0.9360595357389733,464.32000000000005,53.55478662053057,11.1112,14.513600000000002,0.47620175740868365,690.51,66.28,684.6066666666666,933.8966666666666,False,False,False,False,True,False,False,False,False,False
2026-01-08 18:00:00,2.83,75.9,26.9,89.6,214.26,1185.61,7,1,1.0,650.2,29.48,79.33,18,8,1,3,0,-1.0,-1.8369701987210297e-16,0.9698720152847469,0.24361501178602238,1399.87,420.38138138138135,2.83,24.1024,0.1530570695850329,412.7,99.67,617.0699999999999,759.8866666666668,False,False,False,False,True,False,False,False,False,False
2026-01-09 04:00:00,1.21,73.5,20.8,68.0,404.86,639.67,14,1,2.24,619.55,13.26,9.06,4,9,1,4,0,0.8660254037844386,0.5000000000000001,0.958819734868193,0.28401534470392276,1044.53,610.8362573099415,2.7104000000000004,14.144,0.38760016466736236,650.2,29.48,584.47,984.38,False,False,False,False,True,False,False,False,False,False
2026-01-10 18:00:00,4.36,102.7,12.1,58.8,238.22,369.15,16,0,0.36,457.01,84.65,29.52,18,10,1,5,1,-1.0,-1.8369701987210297e-16,0.9755345439458566,-0.21984620435283744,607.37,124.97325102880657,1.5696,7.114799999999999,0.39221561815697187,619.55,13.26,560.8166666666667,969.5733333333334,False,False,False,False,True,False,False,False,False,False
2026-01-10 19:00:00,2.54,210.9,27.9,67.1,301.69,1026.47,23,1,4.69,591.55,103.75,85.19,19,10,1,5,1,-0.9659258262890684,0.2588190451025203,-0.5135412520581701,-0.8580649057236445,1328.16,436.89473684210526,11.912600000000001,18.720899999999997,0.22714883748945908,457.01,84.65,575.5866666666667,1017.2566666666667,False,False,False,False,True,False,False,False,False,False
2026-01-12 05:00:00,9.75,221.9,25.1,66.7,456.31,863.79,30,0,0.19,441.33,17.55,81.78,5,12,1,0,0,0.9659258262890683,0.25881904510252074,-0.6678325554710467,-0.744311546231154,1320.1,128.79024390243902,1.8525,16.7417,0.34566320733277783,591.55,103.75,556.0366666666666,993.3533333333334,False,False,False,False,True,False,False,False,False,False
2026-01-12 23:00:00,11.9,72.3,11.0,68.8,433.86,452.84,9,0,0.77,656.46,104.32,44.84,23,12,1,0,0,-0.25881904510252157,0.9659258262890681,0.9526614812535862,0.30403306092549043,886.7,71.50806451612904,9.163,7.568,0.48929739483478063,441.33,17.55,496.62999999999994,1085.21,False,False,False,False,True,False,False,False,False,False
2026-01-13 02:00:00,8.2,104.1,20.0,57.9,371.26,273.95,-30,0,2.27,621.05,23.94,26.56,2,13,1,1,0,0.49999999999999994,0.8660254037844387,0.9698720152847468,-0.24361501178602246,645.21,74.16206896551725,18.613999999999997,11.58,0.5754095565784783,656.46,104.32,563.1133333333333,1178.32,False,False,False,False,True,False,False,False,False,False
2026-01-13 08:00:00,2.36,232.3,18.6,79.1,163.18,256.01,17,1,3.49,629.87,39.42,44.2,8,13,1,1,0,0.8660254037844387,-0.4999999999999998,-0.79122353296749,-0.6115270401858313,419.19,146.56993006993008,8.2364,14.7126,0.38927455330518385,621.05,23.94,572.9466666666666,950.67,False,False,False,False,True,False,False,False,False,False
2026-01-13 12:00:00,2.92,51.5,20.1,30.7,72.25,530.9,-25,0,3.72,519.76,14.7,29.84,12,13,1,1,0,1.2246467991473532e-16,-1.0,0.7826081568524139,0.6225146366376195,603.15,176.359649122807,10.862400000000001,6.1707,0.11978778081737546,629.87,39.42,635.7933333333334,650.3666666666667,False,False,False,False,True,False,False,False,False,False
2026-01-13 15:00:00,4.58,335.6,34.0,91.3,471.7,292.75,-20,0,3.86,605.36,97.4,64.93,15,13,1,1,0,-0.7071067811865471,-0.7071067811865479,-0.4131044298245413,0.9106836608061774,764.45,150.48228346456693,17.6788,31.041999999999998,0.617044934266466,519.76,14.7,590.2266666666666,555.8499999999999,False,False,False,False,True,False,False,False,False,False
2026-01-13 19:00:00,8.49,195.1,19.9,43.2,54.05,271.15,10,1,1.73,428.08,18.97,-28.7,19,13,1,1,0,-0.9659258262890684,0.2588190451025203,-0.26050450864264824,-0.9654726308792251,325.2,36.17352614015573,14.6877,8.5968,0.16620541205412054,605.36,97.4,584.9966666666667,595.5966666666666,False,False,False,False,True,False,False,False,False,False
2026-01-16 04:00:00,8.19,293.3,30.7,92.0,183.43,989.31,-29,1,2.49,521.95,87.87,60.11,4,16,1,4,0,0.8660254037844386,0.5000000000000001,-0.9184463813430871,0.39554550256296517,1172.74,134.95281933256618,20.3931,28.244,0.15641148080563466,428.08,18.97,517.7333333333332,564.2666666666665,False,False,False,False,True,False,False,False,False,False
2026-01-16 07:00:00,0.73,342.1,20.2,65.6,230.85,462.8,18,1,4.46,492.42,83.6,-49.73,7,16,1,4,0,0.9659258262890683,-0.25881904510252063,-0.30735661779980655,0.9515944038794384,693.65,563.9430894308942,3.2558,13.251199999999999,0.3328047286095293,521.95,87.87,518.4633333333334,754.13,False,False,False,False,True,False,False,False,False,False
2026-01-16 08:00:00,2.27,192.8,26.5,32.7,309.07,815.4,-23,1,3.16,662.26,38.45,1.08,8,16,1,4,0,0.8660254037844387,-0.4999999999999998,-0.2215484976194675,-0.9751493543055632,1124.47,405.94584837545125,7.1732000000000005,8.665500000000002,0.2748583777246169,492.42,83.6,480.81666666666666,730.5299999999999,False,False,False,False,True,False,False,False,False,False
2026-01-17 02:00:00,6.25,341.7,19.2,87.6,333.5,610.16,13,0,2.0,561.36,75.53,-15.07,2,17,1,5,1,0.49999999999999994,0.8660254037844387,-0.3139924559674049,0.9494254776419039,943.66,139.8014814814815,12.5,16.8192,0.3534111862323295,662.26,38.45,558.8766666666667,996.9533333333333,False,False,False,False,True,False,False,False,False,False
2026-01-17 04:00:00,3.25,60.8,13.7,57.5,183.56,264.01,28,0,0.58,708.52,13.67,81.13,4,17,1,5,1,0.8660254037844386,0.5000000000000001,0.8729220772698096,0.48785965913873275,447.57,119.352,1.8849999999999998,7.8775,0.4101257903791586,561.36,75.53,572.0133333333333,920.5933333333332,False,False,False,False,True,False,False,False,False,False
2026-01-17 07:00:00,4.09,12.7,14.2,78.2,455.43,1062.86,29,0,1.63,650.77,114.26,10.19,7,17,1,5,1,0.9659258262890683,-0.25881904510252063,0.2198462043528375,0.9755345439458566,1518.29,330.7821350762527,6.6667,11.1044,0.29996245776498565,708.52,13.67,644.0466666666666,838.5666666666666,False,False,False,False,True,False,False,False,False,False
2026-01-17 16:00:00,8.45,87.6,23.4,51.4,288.4,181.76,-24,1,0.22,410.55,12.57,0.01,16,17,1,5,1,-0.8660254037844384,-0.5000000000000004,0.9991228300988584,0.04187565372919975,470.15999999999997,52.531843575418996,1.8589999999999998,12.0276,0.6134082014633316,650.77,114.26,640.2166666666667,969.84,False,False,False,False,True,False,False,False,False,False
2026-01-17 19:00:00,2.0,74.2,28.3,93.7,453.04,722.8,-19,1,4.37,529.06,54.3,50.97,19,17,1,5,1,-0.9659258262890684,0.2588190451025203,0.9622179935292854,0.27228024704057435,1175.84,470.33599999999996,8.74,26.5171,0.38529051571642403,410.55,12.57,589.9466666666666,812.0066666666667,False,False,False,False,True,False,False,False,False,False
2026-01-18 01:00:00,4.09,202.9,32.4,75.6,164.31,1033.98,-14,1,3.41,441.23,77.23,52.57,1,18,1,6,1,0.25881904510252074,0.9659258262890683,-0.3891239501402061,-0.9211854055657213,1198.29,261.06535947712416,13.9469,24.494399999999995,0.13712039656510527,529.06,54.3,530.1266666666667,1054.7633333333333,False,False,False,False,True,False,False,False,False,False
2026-01-18 04:00:00,9.07,18.8,15.2,48.8,296.48,294.93,8,0,4.43,449.12,34.23,-10.05,4,18,1,6,1,0.8660254037844386,0.5000000000000001,0.3222656952305111,0.9466492601156964,591.4100000000001,61.79832810867294,40.180099999999996,7.417599999999998,0.5013104276221234,441.23,77.23,460.28000000000003,948.0966666666667,False,False,False,False,True,False,False,False,False,False
2026-01-18 07:00:00,3.6,314.8,17.0,54.6,263.26,825.34,-19,0,1.44,608.25,48.85,-34.98,7,18,1,6,1,0.9659258262890683,-0.25881904510252063,-0.7095707365365209,0.7046342099635947,1088.6,265.5121951219512,5.184,9.282,0.24183354767591403,449.12,34.23,473.1366666666667,988.5133333333333,False,False,False,False,True,False,False,False,False,False
2026-01-18 10:00:00,10.96,114.9,24.5,51.1,347.59,1177.4,-16,1,2.47,476.36,29.46,-23.17,10,18,1,6,1,0.49999999999999994,-0.8660254037844387,0.907044014291465,-0.421035813367491,1524.99,133.07068062827224,27.071200000000005,12.5195,0.22792936347123585,608.25,48.85,499.53333333333336,959.4333333333334,False,False,False,False,True,False,False,False,False,False
2026-01-18 14:00:00,10.23,177.5,14.7,39.4,341.94,934.83,24,1,1.71,516.58,55.14,36.67,14,18,1,6,1,-0.4999999999999997,-0.8660254037844388,0.04361938736533607,-0.9990482215818578,1276.77,118.99068033550792,17.4933,5.791799999999999,0.26781644305552293,476.36,29.46,511.24333333333334,1068.3333333333333,False,False,False,False,True,False,False,False,False,False
2026-01-18 19:00:00,1.22,135.5,14.5,64.3,388.34,895.04,3,0,3.69,570.21,50.84,82.46,19,18,1,6,1,-0.9659258262890684,0.2588190451025203,0.700909264299851,-0.7132504491541815,1283.3799999999999,746.1511627906976,4.5018,9.3235,0.3025915940719039,516.58,55.14,533.7300000000001,1296.7866666666666,False,False,False,False,True,False,False,False,False,False
2026-01-19 05:00:00,9.29,40.9,24.1,60.4,180.83,599.24,-5,0,0.71,574.43,22.8,-20.38,5,19,1,0,0,0.9659258262890683,0.25881904510252074,0.6547408137173397,0.7558534691676395,780.07,79.68028600612871,6.595899999999999,14.556400000000002,0.23181252964477547,570.21,50.84,521.0500000000001,1361.7133333333334,False,False,False,False,True,False,False,False,False,False
2026-01-19 18:00:00,2.08,6.5,26.7,80.5,213.81,225.46,28,1,0.53,744.79,57.95,19.59,18,19,1,0,0,-1.0,-1.8369701987210297e-16,0.11320321376790672,0.9935718556765875,439.27,170.25968992248062,1.1024,21.493499999999997,0.48673936303412485,574.43,22.8,553.74,1113.4066666666665,False,False,False,False,True,False,False,False,False,False
2026-01-20 17:00:00,6.81,260.4,26.7,69.3,292.47,185.41,15,1,3.44,635.96,22.61,-1.5,17,20,1,1,0,-0.9659258262890683,-0.25881904510252063,-0.9859960370705049,-0.16676874671610267,477.88,65.3734610123119,23.426399999999997,18.5031,0.6120155687620323,744.79,57.95,629.8100000000001,834.2399999999999,False,False,False,False,True,False,False,False,False,False
2026-01-20 22:00:00,5.8,89.6,29.4,80.0,446.92,701.96,-6,1,0.68,673.29,31.9,-10.75,22,20,1,1,0,-0.5000000000000004,0.8660254037844384,0.9999756307053947,0.006981260297961624,1148.88,182.36190476190478,3.944,23.52,0.3890049439454077,635.96,22.61,651.7266666666667,565.74,False,False,False,False,True,False,False,False,False,False
2026-01-21 02:00:00,1.71,146.7,26.1,85.5,51.52,1046.94,-10,0,0.25,425.41,36.24,-38.81,2,21,1,2,0,0.49999999999999994,0.8660254037844387,0.549022817998132,-0.83580736136827,1098.46,497.0407239819005,0.4275,22.3155,0.046902026473426436,673.29,31.9,684.68,688.6766666666667,False,False,False,False,True,False,False,False,False,False
2026-01-21 14:00:00,8.31,71.2,11.8,66.6,134.69,633.26,14,0,2.13,525.85,87.18,19.48,14,21,1,2,0,-0.4999999999999997,-0.8660254037844388,0.9466492601156964,0.32226569523051113,767.95,87.16799091940976,17.7003,7.8588,0.1753890227228335,425.41,36.24,578.22,908.4066666666668,False,False,False,False,True,False,False,False,False,False
2026-01-22 12:00:00,3.37,253.2,34.9,91.5,132.97,447.04,-3,1,3.73,515.91,37.17,7.23,12,22,1,3,0,1.2246467991473532e-16,-1.0,-0.9573194975320671,-0.2890317969444722,580.01,149.8733850129199,12.5701,31.9335,0.22925466802296512,525.85,87.18,541.5166666666668,1005.0966666666667,False,False,False,False,True,False,False,False,False,False
2026-01-22 13:00:00,1.34,144.9,28.8,58.8,249.38,971.75,29,1,2.84,748.7,54.99,-14.98,13,22,1,3,0,-0.2588190451025208,-0.9659258262890683,0.5750052520432783,-0.8181497174250236,1221.13,663.6576086956522,3.8056,16.9344,0.20422068084479128,515.91,37.17,489.0566666666667,815.4733333333334,False,False,False,False,True,False,False,False,False,False
2026-01-22 17:00:00,5.36,341.2,10.8,34.9,315.15,113.85,-18,0,2.61,431.02,23.71,82.21,17,22,1,3,0,-0.9659258262890683,-0.25881904510252063,-0.3222656952305113,0.9466492601156963,429.0,73.20819112627986,13.9896,3.7692,0.7346153846153846,748.7,54.99,596.82,856.3633333333333,False,False,False,False,True,False,False,False,False,False
2026-01-22 19:00:00,2.75,121.4,29.1,74.7,292.14,739.47,-13,0,0.37,430.0,19.35,78.09,19,22,1,3,0,-0.9659258262890684,0.2588190451025203,0.8535507972753275,-0.5210096318405764,1031.6100000000001,317.4184615384616,1.0175,21.7377,0.2831884142263064,431.02,23.71,565.21,743.3800000000001,False,False,False,False,True,False,False,False,False,False
2026-01-22 23:00:00,5.77,44.4,19.2,91.2,179.25,659.9,-20,0,0.53,533.1,86.36,67.49,23,22,1,3,0,-0.25881904510252157,0.9659258262890681,0.6996633405133654,0.7144726796328034,839.15,133.83572567783094,3.0581,17.5104,0.21360900911636777,430.0,19.35,536.5733333333334,893.9133333333334,False,False,False,False,True,False,False,False,False,False
2026-01-23 04:00:00,7.35,55.2,15.6,64.9,178.31,640.26,9,1,4.83,686.93,52.99,54.31,4,23,1,4,0,0.8660254037844386,0.5000000000000001,0.821149209133704,0.5707135676844317,818.5699999999999,104.27643312101911,35.500499999999995,10.124400000000001,0.2178310956912665,533.1,86.36,464.7066666666667,766.5866666666667,False,False,False,False,True,False,False,False,False,False
2026-01-23 20:00:00,8.83,199.5,10.0,90.3,390.45,222.45,-27,0,1.18,542.43,17.06,78.72,20,23,1,4,0,-0.8660254037844386,0.5000000000000001,-0.33380685923377096,-0.9426414910921784,612.9,65.69131832797427,10.4194,9.03,0.6370533529123837,686.93,52.99,550.0100000000001,896.4433333333333,False,False,False,False,True,False,False,False,False,False
2026-01-23 21:00:00,11.18,62.8,30.3,59.5,324.73,333.34,-6,0,4.16,554.46,76.87,-25.73,21,23,1,4,0,-0.7071067811865477,0.7071067811865474,0.8894163732912975,0.45709792705869423,658.0699999999999,56.34160958904109,46.5088,18.0285,0.49345814275077127,542.43,17.06,587.4866666666667,756.8733333333333,False,False,False,False,True,False,False,False,False,False
2026-01-25 08:00:00,8.62,109.1,12.6,39.5,267.1,771.71,15,1,1.71,585.16,39.91,49.24,8,25,1,6,1,0.8660254037844387,-0.4999999999999998,0.9449489121575309,-0.32721789897910375,1038.81,113.9046052631579,14.740199999999998,4.977,0.2571211289841261,554.46,76.87,594.6066666666667,696.5133333333333,False,False,False,False,True,False,False,False,False,False
2026-01-25 11:00:00,5.14,334.2,27.7,63.9,364.24,185.44,-12,0,3.63,404.54,14.33,-13.11,11,25,1,6,1,0.258819045102521,-0.9659258262890682,-0.43523109937232807,0.9003187714021932,549.6800000000001,97.46099290780144,18.658199999999997,17.7003,0.6626400815019647,585.16,39.91,560.6833333333334,769.9266666666666,False,False,False,False,True,False,False,False,False,False
2026-01-25 13:00:00,9.92,197.8,18.1,54.8,141.02,877.85,-24,0,0.87,414.35,90.84,58.6,13,25,1,6,1,-0.2588190451025208,-0.9659258262890683,-0.30569530496310576,-0.9521293927421387,1018.87,97.78023032629558,8.6304,9.9188,0.1384082365758144,404.54,14.33,514.7200000000001,748.8533333333334,False,False,False,False,True,False,False,False,False,False
2026-01-25 14:00:00,4.38,212.7,18.4,76.8,146.27,462.68,15,0,4.94,690.26,37.87,2.98,14,25,1,6,1,-0.4999999999999997,-0.8660254037844388,-0.5402403204776549,-0.8415107819453063,608.95,124.78483606557378,21.6372,14.1312,0.2402003448558995,414.35,90.84,468.0166666666667,869.12,False,False,False,False,True,False,False,False,False,False
2026-01-26 00:00:00,5.3,74.7,33.6,85.0,375.1,421.01,-19,0,1.28,682.57,40.0,38.28,0,26,1,0,0,0.0,1.0,0.9645574184577981,0.26387304996537275,796.11,137.2603448275862,6.784,28.56,0.47116604489329367,690.26,37.87,503.05,725.8333333333334,False,False,False,False,True,False,False,False,False,False
2026-01-26 10:00:00,3.93,312.5,28.2,91.7,128.02,382.06,10,0,2.07,654.77,58.2,16.61,10,26,1,0,0,0.49999999999999994,-0.8660254037844387,-0.7372773368101242,0.6755902076156601,510.08000000000004,115.14221218961627,8.1351,25.8594,0.25098023839397743,682.57,40.0,595.7266666666668,807.9766666666668,False,False,False,False,True,False,False,False,False,False
2026-01-26 18:00:00,10.96,174.7,34.7,85.0,80.06,478.95,-29,0,0.72,703.73,68.22,-26.39,18,26,1,0,0,-1.0,-1.8369701987210297e-16,0.09237058744656172,-0.9957246981845821,559.01,48.77923211169284,7.8912,29.495000000000005,0.1432174737482335,654.77,58.2,675.8666666666667,638.3800000000001,False,False,False,False,True,False,False,False,False,False
2026-01-27 01:00:00,10.39,291.2,10.5,52.8,318.17,891.63,7,1,2.71,574.17,32.04,-24.98,1,27,1,1,0,0.25881904510252074,0.9659258262890683,-0.9323238012155123,0.3616245700820922,1209.8,111.09274563820017,28.1569,5.544,0.26299388328649365,703.73,68.22,680.3566666666667,621.7333333333332,False,False,False,False,True,False,False,False,False,False
2026-01-27 07:00:00,11.25,336.0,22.9,36.5,309.8,337.1,-11,0,2.64,684.88,46.24,-15.06,7,27,1,1,0,0.9659258262890683,-0.25881904510252063,-0.40673664307580015,0.913545457642601,646.9000000000001,55.05531914893618,29.700000000000003,8.3585,0.4788993662080692,574.17,32.04,644.2233333333334,759.6300000000001,False,False,False,False,True,False,False,False,False,False
2026-01-27 13:00:00,3.82,183.4,19.5,87.5,74.85,1166.28,-4,0,3.32,485.79,48.25,-20.65,13,27,1,1,0,-0.2588190451025208,-0.9659258262890683,-0.05930637357596181,-0.9982398279237652,1241.1299999999999,287.2986111111111,12.6824,17.0625,0.060307945178990116,684.88,46.24,654.26,805.2366666666667,False,False,False,False,True,False,False,False,False,False
2026-01-27 21:00:00,6.29,19.0,12.4,82.6,285.92,314.09,0,1,3.28,573.21,100.9,76.37,21,27,1,1,0,-0.7071067811865477,0.7071067811865474,0.3255681544571567,0.9455185755993168,600.01,88.36671575846833,20.6312,10.2424,0.4765253912434793,485.79,48.25,581.6133333333333,1032.61,False,False,False,False,True,False,False,False,False,False
2026-01-28 07:00:00,3.65,103.1,31.7,60.0,263.86,265.17,5,0,4.53,724.59,84.61,-19.23,7,28,1,2,0,0.9659258262890683,-0.25881904510252063,0.9739759672790517,-0.22665130743685497,529.03,127.47710843373493,16.5345,19.02,0.4987618849592651,573.21,100.9,581.2933333333334,829.3466666666667,False,False,False,False,True,False,False,False,False,False
2026-01-28 11:00:00,1.0,296.8,21.6,79.5,181.21,828.11,-12,1,2.68,733.11,26.54,6.88,11,28,1,2,0,0.258819045102521,-0.9659258262890682,-0.8925858184521255,0.45087754068943076,1009.32,672.88,2.68,17.172,0.17953671779019537,724.59,84.61,594.5300000000001,790.0566666666667,False,False,False,False,True,False,False,False,False,False
2026-01-28 12:00:00,2.56,150.4,30.5,33.8,107.97,613.7,29,0,3.59,648.46,52.65,87.18,12,28,1,2,0,1.2246467991473532e-16,-1.0,0.49394186658423095,-0.869494929505219,721.6700000000001,235.83986928104576,9.1904,10.309,0.14961131819252566,733.11,26.54,676.97,712.7866666666667,False,False,False,False,True,False,False,False,False,False
2026-01-28 15:00:00,2.12,352.8,22.4,86.2,450.09,968.94,-18,0,3.26,561.35,89.79,-34.9,15,28,1,2,0,-0.7071067811865471,-0.7071067811865479,-0.1253332335643038,0.9921147013144779,1419.03,541.6145038167939,6.9112,19.308799999999998,0.31718145493752775,648.46,52.65,702.0533333333333,753.3400000000001,False,False,False,False,True,False,False,False,False,False
2026-01-28 17:00:00,1.75,255.5,10.3,85.7,74.13,313.46,5,0,4.87,515.83,55.37,25.5,17,28,1,2,0,-0.9659258262890683,-0.25881904510252063,-0.9681476403781076,-0.25038000405444183,387.59,172.26222222222222,8.5225,8.8271,0.19125880440671844,561.35,89.79,647.64,1050.006666666667,False,False,False,False,True,False,False,False,False,False
2026-01-28 18:00:00,11.78,2.6,17.6,37.3,275.44,821.76,-6,0,2.26,578.59,113.57,63.65,18,28,1,2,0,-1.0,-1.8369701987210297e-16,0.04536298812925378,0.9989705697907147,1097.2,89.34853420195441,26.622799999999994,6.5648,0.25103900838497994,515.83,55.37,575.2133333333334,842.7633333333333,False,False,False,False,True,False,False,False,False,False
2026-01-28 19:00:00,4.89,186.6,27.4,52.6,218.73,1040.42,-3,0,0.56,445.57,66.84,-6.68,19,28,1,2,0,-0.9659258262890684,0.2588190451025203,-0.11493715049286643,-0.9933727656003964,1259.15,233.60853432282008,2.7384,14.4124,0.1737124250486439,578.59,113.57,551.9233333333333,967.9399999999999,False,False,False,False,True,False,False,False,False,False
2026-01-29 00:00:00,2.18,194.6,20.3,84.3,368.93,992.27,-26,1,4.82,471.78,70.86,74.64,0,29,1,3,0,0.0,1.0,-0.25206935824311366,-0.9677091704819712,1361.2,507.910447761194,10.507600000000002,17.1129,0.2710329121363503,445.57,66.84,513.33,914.6466666666669,False,False,False,False,True,False,False,False,False,False
2026-01-29 20:00:00,7.41,266.9,26.3,75.2,252.38,170.32,12,0,2.77,469.73,84.21,95.84,20,29,1,3,0,-0.8660254037844386,0.5000000000000001,-0.9985366703262117,-0.05407881298477566,422.7,53.43868520859671,20.5257,19.777600000000003,0.5970664774071446,471.78,70.86,498.6466666666667,1239.1833333333334,False,False,False,False,True,False,False,False,False,False
2026-01-30 00:00:00,2.85,216.2,11.4,30.8,218.54,444.24,-8,0,0.07,462.23,43.45,-22.28,0,30,1,4,0,0.0,1.0,-0.5906056676199251,-0.8069603121438021,662.78,197.84477611940298,0.19950000000000004,3.5112,0.32973233953951536,469.73,84.21,462.35999999999996,1014.35,False,False,False,False,True,False,False,False,False,False
2026-01-30 01:00:00,5.89,190.8,21.4,49.5,86.35,731.58,-30,0,4.11,701.62,24.26,29.27,1,30,1,4,0,0.25881904510252074,0.9659258262890683,-0.18738131458572477,-0.9822872507286886,817.9300000000001,128.00156494522693,24.207900000000002,10.593,0.10557138141405742,462.23,43.45,467.91333333333336,815.5600000000001,False,False,False,False,True,False,False,False,False,False
2026-01-30 22:00:00,1.92,73.3,16.7,66.4,405.44,552.35,-3,0,1.34,732.54,90.81,37.31,22,30,1,4,0,-0.5000000000000004,0.8660254037844384,0.9578224948453149,0.2873605198497121,957.79,395.7809917355372,2.5728,11.0888,0.4233078232180332,701.62,24.26,544.5266666666668,634.4700000000001,False,False,False,False,True,False,False,False,False,False
2026-01-31 07:00:00,6.87,126.8,20.3,73.6,343.09,1068.12,22,1,4.5,598.74,72.03,84.93,7,31,1,5,1,0.9659258262890683,-0.25881904510252063,0.8007313709487335,-0.5990235985155857,1411.2099999999998,191.48032564450472,30.915,14.9408,0.24311760829359205,732.54,90.81,632.13,812.8333333333334,False,False,False,False,True,False,False,False,False,False
2026-01-31 10:00:00,2.41,71.7,10.1,60.4,436.57,257.06,-20,0,0.74,629.29,115.44,87.98,10,31,1,5,1,0.49999999999999994,-0.8660254037844387,0.9494254776419039,0.3139924559674049,693.63,238.36082474226802,1.7834,6.1004,0.6293989590992316,598.74,72.03,677.6333333333333,1062.3100000000002,False,False,False,False,True,False,False,False,False,False
2026-02-01 05:00:00,5.62,185.5,18.4,48.9,398.82,718.51,-8,0,0.62,670.84,46.52,22.42,5,1,2,6,1,0.9659258262890683,0.25881904510252074,-0.0958457525202241,-0.9953961983671787,1117.33,182.57026143790847,3.4844,8.997599999999998,0.35694020566887136,629.29,115.44,653.5233333333333,1020.8766666666666,False,False,False,False,True,False,False,False,False,False
2026-02-01 06:00:00,6.12,278.9,16.6,49.3,244.89,377.31,29,1,2.52,708.23,108.72,27.3,6,1,2,6,1,1.0,6.123233995736766e-17,-0.9879598657693891,0.154710386299468,622.2,93.98791540785498,15.4224,8.1838,0.3935872709739633,670.84,46.52,632.9566666666666,1074.0566666666666,False,False,False,False,True,False,False,False,False,False
2026-02-01 10:00:00,9.27,45.4,19.0,30.1,61.61,299.65,9,0,2.87,677.48,50.08,-6.2,10,1,2,6,1,0.49999999999999994,-0.8660254037844387,0.7120260459909965,0.7021530529951624,361.26,36.97645854657114,26.6049,5.718999999999999,0.17054199191717875,708.23,108.72,669.4533333333334,811.0533333333333,False,False,False,False,True,False,False,False,False,False
2026-02-01 13:00:00,5.49,7.6,26.0,36.8,347.75,775.85,29,0,1.71,519.1,34.3,40.65,13,1,2,6,1,-0.2588190451025208,-0.9659258262890683,0.13225639025712244,0.9912155402515417,1123.6,187.57929883138561,9.3879,9.568,0.30949626201495195,677.48,50.08,685.5166666666668,700.2633333333333,False,False,False,False,True,False,False,False,False,False
2026-02-03 04:00:00,11.74,213.3,15.0,37.3,361.68,1013.15,28,0,3.02,598.24,86.19,7.11,4,3,2,1,0,0.8660254037844386,0.5000000000000001,-0.5490228179981318,-0.8358073613682702,1374.83,112.32271241830064,35.4548,5.595,0.2630725253304045,519.1,34.3,634.9366666666666,702.3533333333334,False,False,False,False,True,False,False,False,False,False
2026-02-04 06:00:00,9.43,277.7,28.9,35.8,338.67,831.95,28,0,0.68,570.59,35.84,85.42,6,4,2,2,0,1.0,6.123233995736766e-17,-0.9909831997148364,0.13398618541829152,1170.6200000000001,117.8872104733132,6.4124,10.3462,0.28930822982692933,598.24,86.19,598.2733333333333,953.2299999999999,False,False,False,False,True,False,False,False,False,False
2026-02-04 13:00:00,7.81,287.7,15.5,75.4,164.15,667.97,2,1,1.27,605.1,79.77,-33.51,13,4,2,2,0,-0.2588190451025208,-0.9659258262890683,-0.9526614812535862,0.30403306092549043,832.12,100.13477737665465,9.9187,11.687000000000001,0.1972672210738836,570.59,35.84,562.6433333333334,1223.0166666666667,False,False,False,False,True,False,False,False,False,False
2026-02-04 16:00:00,0.98,304.3,21.8,60.5,351.69,614.89,18,0,1.57,593.56,86.24,31.9,16,4,2,2,0,-0.8660254037844384,-0.5000000000000004,-0.826098294495764,0.5635260489375713,966.5799999999999,653.0945945945946,1.5386,13.189,0.3638498624014567,605.1,79.77,591.3100000000001,1125.8566666666666,False,False,False,False,True,False,False,False,False,False
2026-02-04 18:00:00,6.94,353.1,21.4,64.4,229.05,567.84,29,1,1.94,620.9,55.55,-29.77,18,4,2,2,0,-1.0,-1.8369701987210297e-16,-0.12013683883464696,0.9927573419294455,796.8900000000001,107.10887096774195,13.4636,13.781600000000001,0.2874298836727779,593.56,86.24,589.75,989.7733333333334,False,False,False,False,True,False,False,False,False,False
2026-02-05 06:00:00,3.98,199.7,18.8,35.1,172.81,311.08,-24,1,2.53,542.89,96.18,-6.32,6,5,2,3,0,1.0,6.123233995736766e-17,-0.3370952584230819,-0.941470544812038,483.89,108.0111607142857,10.0694,6.5988,0.35712661968629233,620.9,55.55,606.52,865.1966666666667,False,False,False,False,True,False,False,False,False,False
2026-02-06 00:00:00,4.35,52.0,31.8,60.6,232.85,807.22,-7,1,2.79,559.7,84.44,41.28,0,6,2,4,0,0.0,1.0,0.788010753606722,0.6156614753256583,1040.07,214.4474226804124,12.1365,19.2708,0.22387916197948216,542.89,96.18,585.7833333333333,749.12,False,False,False,False,True,False,False,False,False,False
2026-02-06 13:00:00,11.11,116.5,16.4,34.7,90.04,373.58,-16,1,4.93,402.68,54.94,85.63,13,6,2,4,0,-0.2588190451025208,-0.9659258262890683,0.894934361602025,-0.4461978131098088,463.62,39.9328165374677,54.772299999999994,5.6908,0.19421077606660628,559.7,84.44,574.4966666666667,773.6166666666668,False,False,False,False,True,False,False,False,False,False
2026-02-06 21:00:00,0.64,151.3,24.3,83.6,289.56,243.21,29,0,4.45,683.14,30.05,52.52,21,6,2,4,0,-0.7071067811865477,0.7071067811865474,0.48022349744318893,-0.8771461637055887,532.77,467.3421052631578,2.8480000000000003,20.3148,0.5434990708936315,402.68,54.94,501.7566666666667,662.5266666666666,False,False,False,False,True,False,False,False,False,False
2026-02-07 05:00:00,3.22,97.4,24.6,78.3,173.23,695.81,-7,0,4.13,623.32,42.24,64.08,5,7,2,5,1,0.9659258262890683,0.25881904510252074,0.9916711623830904,-0.1287955965775629,869.04,233.61290322580643,13.2986,19.2618,0.19933489827856024,683.14,30.05,548.5066666666667,678.82,False,False,False,False,True,False,False,False,False,False
2026-02-07 14:00:00,9.34,169.5,33.8,41.7,457.22,329.38,-22,0,0.02,636.17,34.34,51.36,14,7,2,5,1,-0.4999999999999997,-0.8660254037844388,0.18223552549214772,-0.9832549075639545,786.6,79.9390243902439,0.1868,14.0946,0.5812611238240529,623.32,42.24,569.7133333333333,621.81,False,False,False,False,True,False,False,False,False,False
2026-02-07 16:00:00,7.13,68.8,11.3,53.1,252.68,1142.71,5,0,1.89,566.82,25.9,-7.58,16,7,2,5,1,-0.8660254037844384,-0.5000000000000004,0.9323238012155122,0.3616245700820924,1395.39,182.88204456094365,13.4757,6.000300000000001,0.18108199141458658,636.17,34.34,647.5433333333333,729.4699999999999,False,False,False,False,True,False,False,False,False,False
2026-02-08 03:00:00,0.96,209.4,24.6,55.9,495.2,713.43,-24,0,0.67,722.54,10.52,80.69,3,8,2,6,1,0.7071067811865475,0.7071067811865476,-0.49090375361514077,-0.8712138111201895,1208.6299999999999,827.8287671232877,0.6432,13.7514,0.40972009630738937,566.82,25.9,608.77,1017.0100000000001,False,False,False,False,True,False,False,False,False,False
2026-02-08 05:00:00,7.14,214.7,34.7,80.2,443.75,623.48,23,0,3.67,457.1,15.67,5.25,5,8,2,6,1,0.9659258262890683,0.25881904510252074,-0.5692795234308441,-0.8221440410307375,1067.23,139.68979057591625,26.203799999999998,27.829400000000007,0.41579603272021964,722.54,10.52,641.8433333333332,1130.2066666666667,False,False,False,False,True,False,False,False,False,False
2026-02-08 06:00:00,7.07,131.8,19.7,41.1,394.98,617.84,14,0,2.77,516.74,114.51,94.35,6,8,2,6,1,1.0,6.123233995736766e-17,0.745475999682862,-0.6665324702494527,1012.82,133.79392338177016,19.5839,8.0967,0.38998045062301295,457.1,15.67,582.1533333333333,1223.75,False,False,False,False,True,False,False,False,False,False
2026-02-08 07:00:00,4.32,290.6,11.2,32.9,212.98,527.27,-27,1,1.23,720.3,87.3,-47.78,7,8,2,6,1,0.9659258262890683,-0.25881904510252063,-0.936059535738973,0.35184164840470233,740.25,153.57883817427384,5.3136,3.6847999999999996,0.28771361026680176,516.74,114.51,565.4599999999999,1096.2266666666667,False,False,False,False,True,False,False,False,False,False
2026-02-09 05:00:00,7.52,61.8,10.0,51.5,375.11,364.36,19,0,2.95,442.13,105.35,49.88,5,9,2,0,0,0.9659258262890683,0.25881904510252074,0.8813034520649922,0.47255076486905406,739.47,92.20324189526185,22.184,5.15,0.5072687194882821,720.3,87.3,564.7133333333333,940.1,False,False,False,False,True,False,False,False,False,False
2026-02-10 02:00:00,7.96,323.5,17.6,80.9,261.18,282.18,19,0,2.03,446.86,60.51,91.71,2,10,2,1,0,0.49999999999999994,0.8660254037844387,-0.594822786751341,0.8038568606172175,543.36,64.22695035460993,16.1588,14.238400000000002,0.4806757950530035,442.13,105.35,559.7233333333334,830.8466666666667,False,False,False,False,True,False,False,False,False,False
2026-02-10 09:00:00,9.24,64.2,33.6,44.6,237.05,600.56,16,1,3.63,668.37,106.05,-26.32,9,10,2,1,0,0.7071067811865476,-0.7071067811865475,0.9003187714021935,0.4352310993723275,837.6099999999999,85.99691991786446,33.541199999999996,14.985600000000002,0.2830076049712874,446.86,60.51,536.43,674.36,False,False,False,False,True,False,False,False,False,False
2026-02-10 19:00:00,5.89,268.7,22.0,32.6,392.81,820.53,-17,0,2.24,681.95,98.29,27.37,19,10,2,1,0,-0.9659258262890684,0.2588190451025203,-0.9997426093226983,-0.022687333572781906,1213.34,189.8810641627543,13.1936,7.172000000000001,0.32374272668831494,668.37,106.05,519.12,706.8133333333332,False,False,False,False,True,False,False,False,False,False
2026-02-11 03:00:00,7.0,290.8,30.1,75.4,373.1,203.7,0,1,0.78,646.27,85.04,-11.13,3,11,2,2,0,0.7071067811865475,0.7071067811865476,-0.9348256763960143,0.3551069624081373,576.8,76.90666666666667,5.46,22.695400000000003,0.6468446601941749,681.95,98.29,599.06,864.77,False,False,False,False,True,False,False,False,False,False
2026-02-11 20:00:00,11.29,195.7,23.0,54.9,177.53,851.03,-9,1,0.41,452.11,50.87,-45.33,20,11,2,2,0,-0.8660254037844386,0.5000000000000001,-0.27060044597586336,-0.9626917464264788,1028.56,87.24003392705683,4.6289,12.627,0.17260052889476551,646.27,85.04,665.5300000000001,875.9166666666666,False,False,False,False,True,False,False,False,False,False
2026-02-11 22:00:00,4.32,284.4,31.8,92.9,323.43,750.68,16,0,0.84,528.35,59.05,50.82,22,11,2,2,0,-0.5000000000000004,0.8660254037844384,-0.9685831611286313,0.24868988716485407,1074.11,222.84439834024892,3.6288,29.5422,0.30111441100073555,452.11,50.87,593.4433333333334,939.5666666666666,False,False,False,False,True,False,False,False,False,False
2026-02-12 11:00:00,8.75,109.0,19.4,82.0,389.9,893.79,7,0,0.75,401.53,74.8,59.14,11,12,2,3,0,0.258819045102521,-0.9659258262890682,0.9455185755993168,-0.32556815445715664,1283.69,138.7772972972973,6.5625,15.908,0.30373376749838354,528.35,59.05,542.2433333333333,893.1566666666666,False,False,False,False,True,False,False,False,False,False
2026-02-12 12:00:00,11.73,165.4,26.6,52.5,455.74,254.97,-23,1,2.52,512.29,24.88,43.61,12,12,2,3,0,1.2246467991473532e-16,-1.0,0.25206935824311344,-0.9677091704819712,710.71,58.11201962387572,29.5596,13.965,0.6412460778657961,401.53,74.8,460.66333333333336,1128.7866666666666,False,False,False,False,True,False,False,False,False,False
2026-02-12 23:00:00,7.49,149.4,22.7,62.4,161.93,223.97,22,0,2.46,613.4,77.38,78.44,23,12,2,3,0,-0.25881904510252157,0.9659258262890681,0.5090414157503711,-0.8607420270039438,385.9,48.29787234042553,18.4254,14.1648,0.419616480953615,512.29,24.88,480.72333333333336,1022.8366666666667,False,False,False,False,True,False,False,False,False,False
2026-02-13 01:00:00,9.04,157.6,17.8,47.7,350.57,918.14,14,1,2.35,578.53,81.78,56.46,1,13,2,4,0,0.25881904510252074,0.9659258262890683,0.3810703763502743,-0.924546033612313,1268.71,132.98846960167717,21.244,8.4906,0.2763200416170756,613.4,77.38,509.07333333333327,793.4333333333334,False,False,False,False,True,False,False,False,False,False
2026-02-13 06:00:00,2.43,297.9,12.4,76.4,394.18,1094.12,15,0,2.72,738.66,61.96,85.26,6,13,2,4,0,1.0,6.123233995736766e-17,-0.8837656300886936,0.4679298142605731,1488.3,507.95221843003407,6.609600000000001,9.473600000000001,0.264852516293758,578.53,81.78,568.0733333333333,788.44,False,False,False,False,True,False,False,False,False,False
2026-02-14 02:00:00,6.27,205.3,10.6,85.4,126.95,636.74,-27,0,2.61,726.09,77.95,-33.93,2,14,2,5,1,0.49999999999999994,0.8660254037844387,-0.42735786338719234,-0.9040825496607784,763.69,112.80502215657313,16.3647,9.0524,0.1662323717738873,738.66,61.96,643.53,1047.6366666666665,False,False,False,False,True,False,False,False,False,False
2026-02-14 09:00:00,5.96,146.8,29.9,90.6,433.5,509.09,12,1,4.04,542.84,118.59,69.57,9,14,2,5,1,0.7071067811865476,-0.7071067811865475,0.5475632234925503,-0.8367643134589616,942.5899999999999,145.91176470588235,24.0784,27.089399999999998,0.4599030331321147,726.09,77.95,681.0933333333334,1173.5666666666666,False,False,False,False,True,False,False,False,False,False
2026-02-16 17:00:00,6.66,287.9,15.0,81.3,73.01,1007.44,-19,0,3.13,536.24,46.67,36.31,17,16,2,0,0,-0.9659258262890683,-0.25881904510252063,-0.9515944038794382,0.307356617799807,1080.45,150.90083798882682,20.8458,12.195,0.06757369614512472,542.84,118.59,669.1966666666666,1064.86,False,False,False,False,True,False,False,False,False,False
2026-02-17 04:00:00,3.7,84.8,31.7,68.7,320.95,971.48,-4,0,0.29,572.36,61.51,11.21,4,17,2,1,0,0.8660254037844386,0.5000000000000001,0.9958843986159703,0.09063258019778012,1292.43,307.7214285714286,1.073,21.7779,0.2483306639431149,536.24,46.67,601.7233333333334,928.91,False,False,False,False,True,False,False,False,False,False
2026-02-17 06:00:00,2.14,309.4,31.4,53.7,210.28,569.66,19,0,1.02,648.89,113.32,84.65,6,17,2,1,0,1.0,6.123233995736766e-17,-0.7727335734973513,0.6347305132022674,779.9399999999999,295.43181818181813,2.1828000000000003,16.861800000000002,0.26961048285765576,572.36,61.51,550.48,1105.1566666666668,False,False,False,False,True,False,False,False,False,False
2026-02-17 14:00:00,1.45,71.0,13.1,60.9,249.17,941.02,3,0,4.44,411.06,21.37,60.54,14,17,2,1,0,-0.4999999999999997,-0.8660254037844388,0.9455185755993167,0.32556815445715676,1190.19,610.3538461538462,6.438000000000001,7.9779,0.20935312849208948,648.89,113.32,585.83,1050.9399999999998,False,False,False,False,True,False,False,False,False,False
2026-02-17 21:00:00,3.99,330.7,20.8,94.7,378.4,559.28,-13,1,2.86,527.12,111.04,-7.47,21,17,2,1,0,-0.7071067811865477,0.7071067811865474,-0.4893824517488466,0.8720692724321204,937.68,208.83741648106903,11.4114,19.6976,0.40354918522310385,411.06,21.37,544.1033333333334,1087.52,False,False,False,False,True,False,False,False,False,False
2026-02-18 05:00:00,11.41,60.1,23.9,94.5,126.45,728.8,-6,0,2.99,542.3,76.33,22.94,5,18,2,2,0,0.9659258262890683,0.25881904510252074,0.8668967489356028,0.4984877397538303,855.25,71.80940386230058,34.1159,22.585499999999996,0.1478515054077755,527.12,111.04,529.0233333333333,969.27,False,False,False,False,True,False,False,False,False,False
2026-02-18 06:00:00,1.55,43.6,14.5,49.1,222.38,600.51,6,1,0.71,581.07,59.55,-8.57,6,18,2,2,0,1.0,6.123233995736766e-17,0.6896195437356698,0.7241718614374675,822.89,401.409756097561,1.1005,7.1195,0.2702426812818238,542.3,76.33,493.49333333333334,994.3733333333333,False,False,False,False,True,False,False,False,False,False
2026-02-18 10:00:00,0.66,149.9,30.3,85.1,475.84,1137.48,28,1,2.25,605.06,90.2,8.05,10,18,2,2,0,0.49999999999999994,-0.8660254037844387,0.5015107371594573,-0.8651514205697045,1613.32,1390.7931034482756,1.485,25.785299999999996,0.2949445863188952,581.07,59.55,550.1633333333334,871.9399999999999,False,False,False,False,True,False,False,False,False,False
2026-02-19 13:00:00,9.49,122.5,28.6,43.6,244.88,182.89,-16,0,3.43,418.13,14.37,-47.49,13,19,2,3,0,-0.2588190451025208,-0.9659258262890683,0.8433914458128856,-0.537299608346824,427.77,42.81981981981982,32.5507,12.4696,0.5724571615587816,605.06,90.2,576.1433333333333,1097.1533333333334,False,False,False,False,True,False,False,False,False,False
2026-02-19 16:00:00,7.13,69.4,14.3,33.8,384.94,785.58,27,1,0.15,547.72,100.34,13.46,16,19,2,3,0,-0.8660254037844384,-0.5000000000000004,0.9360595357389733,0.3518416484047017,1170.52,153.41022280471822,1.0695,4.8334,0.3288623859481256,418.13,14.37,534.7533333333333,954.6599999999999,False,False,False,False,True,False,False,False,False,False
2026-02-19 23:00:00,0.6,167.6,31.3,90.8,359.88,637.42,7,0,1.97,738.32,36.47,23.75,23,19,2,3,0,-0.25881904510252157,0.9659258262890681,0.21473532716706317,-0.9766722783341679,997.3,906.6363636363635,1.182,28.4204,0.3608543066278953,547.72,100.34,523.6366666666667,1070.5366666666666,False,False,False,False,True,False,False,False,False,False
2026-02-20 04:00:00,7.07,53.8,24.9,42.0,495.45,1149.02,-28,0,3.51,551.47,81.96,-27.1,4,20,2,4,0,0.8660254037844386,0.5000000000000001,0.8069603121438019,0.5906056676199254,1644.47,217.23513870541612,24.8157,10.458,0.3012824800695665,738.32,36.47,568.0566666666667,865.1966666666666,False,False,False,False,True,False,False,False,False,False
2026-02-20 07:00:00,7.05,324.3,12.2,35.5,126.41,669.41,-12,1,4.07,550.38,46.44,89.8,7,20,2,4,0,0.9659258262890683,-0.25881904510252063,-0.5835412113561173,0.8120835268918064,795.8199999999999,105.40662251655628,28.6935,4.3309999999999995,0.15884245181071097,551.47,81.96,612.5033333333333,1270.7633333333333,False,False,False,False,True,False,False,False,False,False
2026-02-20 13:00:00,5.77,1.3,21.2,74.2,359.59,1061.4,27,0,2.76,721.8,26.96,56.26,13,20,2,4,0,-0.2588190451025208,-0.9659258262890683,0.022687333572781358,0.9997426093226983,1420.99,226.63317384370018,15.925199999999998,15.7304,0.2530559680222943,550.38,46.44,613.39,1145.8633333333332,False,False,False,False,True,False,False,False,False,False
2026-02-20 18:00:00,11.52,13.6,24.6,39.7,446.54,142.87,14,0,2.59,579.75,13.25,45.52,18,20,2,4,0,-1.0,-1.8369701987210297e-16,0.23514211310259,0.9719610005785463,589.4100000000001,49.03577371048254,29.836799999999997,9.766200000000001,0.7576050626898084,721.8,26.96,607.8833333333333,1287.0933333333332,False,False,False,False,True,False,False,False,False,False
2026-02-21 00:00:00,4.19,306.5,22.7,41.0,277.69,964.94,-22,0,0.63,457.54,28.69,96.06,0,21,2,5,1,0.0,1.0,-0.8038568606172173,0.5948227867513414,1242.63,264.953091684435,2.6397000000000004,9.306999999999999,0.22346957662377376,579.75,13.25,617.31,935.4066666666666,False,False,False,False,True,False,False,False,False,False
2026-02-21 04:00:00,8.97,72.2,18.8,36.3,82.74,1195.76,-3,1,0.75,621.33,118.12,-25.67,4,21,2,5,1,0.8660254037844386,0.5000000000000001,0.9521293927421387,0.3056953049631057,1278.5,135.00527983104539,6.727500000000001,6.8244,0.06471646460696127,457.54,28.69,586.3633333333333,1084.3433333333332,False,False,False,False,True,False,False,False,False,False
2026-02-21 17:00:00,7.13,14.2,17.7,36.0,214.27,494.2,0,0,2.51,527.78,76.0,81.13,17,21,2,5,1,-0.9659258262890683,-0.25881904510252063,0.24530738587880255,0.9694453498951389,708.47,92.85321100917432,17.896299999999997,6.371999999999999,0.30244047030925797,621.33,118.12,552.8733333333333,1036.8466666666666,False,False,False,False,True,False,False,False,False,False
2026-02-22 07:00:00,10.2,111.6,20.3,78.7,403.61,413.83,1,1,3.13,432.75,55.17,71.56,7,22,2,6,1,0.9659258262890683,-0.25881904510252063,0.9297764858882515,-0.36812455268467775,817.44,76.39626168224301,31.926,15.9761,0.493748776668624,527.78,76.0,535.55,1076.5333333333335,False,False,False,False,True,False,False,False,False,False
2026-02-22 21:00:00,5.23,2.6,21.0,46.3,229.78,421.56,-24,1,3.89,405.02,63.53,30.09,21,22,2,6,1,-0.7071067811865477,0.7071067811865474,0.04536298812925378,0.9989705697907147,651.34,113.6719022687609,20.344700000000003,9.722999999999999,0.3527804218994688,432.75,55.17,527.2866666666666,934.8033333333333,False,False,False,False,True,False,False,False,False,False
2026-02-23 02:00:00,11.73,252.9,33.9,73.3,457.29,476.68,17,1,0.99,465.66,19.02,66.6,2,23,2,0,0,0.49999999999999994,0.8660254037844387,-0.95579301479833,-0.2940403252323042,933.97,76.36713000817662,11.6127,24.848699999999997,0.48961958092872365,405.02,63.53,455.18333333333334,725.75,False,False,False,False,True,False,False,False,False,False
2026-02-23 12:00:00,10.22,237.8,17.4,78.7,145.57,786.77,26,0,1.86,653.0,46.16,36.43,12,23,2,0,0,1.2246467991473532e-16,-1.0,-0.8461931661275641,-0.5328762760707298,932.3399999999999,86.97201492537312,19.009200000000003,13.6938,0.15613402835875326,465.66,19.02,434.4766666666667,800.9166666666666,False,False,False,False,True,False,False,False,False,False
2026-02-23 15:00:00,4.1,216.6,17.0,93.4,146.97,1118.84,28,1,0.77,639.34,74.45,-26.52,15,23,2,0,0,-0.7071067811865471,-0.7071067811865479,-0.5962248749656155,-0.8028174751911148,1265.81,275.1760869565218,3.1569999999999996,15.878000000000002,0.11610747268547413,653.0,46.16,507.8933333333334,839.2166666666666,False,False,False,False,True,False,False,False,False,False
2026-02-24 06:00:00,3.09,154.6,12.3,51.1,204.54,1139.36,-21,0,1.84,454.45,110.21,55.05,6,24,2,1,0,1.0,6.123233995736766e-17,0.42893513340314593,-0.9033352928633008,1343.8999999999999,374.3454038997214,5.6856,6.285300000000001,0.1521988243172855,639.34,74.45,586.0,1044.0399999999997,False,False,False,False,True,False,False,False,False,False
2026-02-24 10:00:00,2.3,340.9,30.3,59.3,473.14,1099.56,9,0,4.85,476.68,28.35,2.9,10,24,2,1,0,0.49999999999999994,-0.8660254037844387,-0.3272178989791047,0.9449489121575306,1572.6999999999998,561.6785714285714,11.154999999999998,17.9679,0.3008456794048452,454.45,110.21,582.2633333333333,1180.6833333333332,False,False,False,False,True,False,False,False,False,False
2026-02-25 05:00:00,5.84,75.0,17.2,79.4,200.85,299.37,22,1,2.25,519.96,67.73,0.43,5,25,2,2,0,0.9659258262890683,0.25881904510252074,0.9659258262890683,0.25881904510252074,500.22,78.89905362776025,13.14,13.6568,0.4015233297349166,476.68,28.35,523.49,1394.1366666666663,False,False,False,False,True,False,False,False,False,False
2026-02-26 06:00:00,2.38,160.5,23.5,72.9,226.83,146.6,-21,0,2.54,665.52,37.57,-19.19,6,26,2,3,0,1.0,6.123233995736766e-17,0.3338068592337712,-0.9426414910921783,373.43,129.66319444444446,6.0451999999999995,17.131500000000003,0.6074230779530301,519.96,67.73,483.6966666666667,1138.9399999999998,False,False,False,False,True,False,False,False,False,False
2026-02-26 14:00:00,10.48,232.6,30.1,44.6,414.53,1148.93,-6,0,0.39,710.63,82.65,72.38,14,26,2,3,0,-0.4999999999999997,-0.8660254037844388,-0.7944146205354179,-0.607375839723287,1563.46,142.39162112932604,4.0872,13.4246,0.265136300257122,665.52,37.57,554.0533333333333,815.4499999999997,False,False,False,False,True,False,False,False,False,False
2026-02-26 22:00:00,3.49,316.2,32.9,82.6,131.13,1120.4,-20,0,4.36,542.97,113.73,86.46,22,26,2,3,0,-0.5000000000000004,0.8660254037844384,-0.6921431738704072,0.7217602280983617,1251.5300000000002,313.6666666666667,15.216400000000002,27.175399999999996,0.10477575447652072,710.63,82.65,632.0366666666667,812.3699999999999,False,False,False,False,True,False,False,False,False,False
2026-02-27 01:00:00,7.52,174.2,20.3,56.6,355.61,737.14,-13,0,0.47,742.39,42.0,-26.2,1,27,2,4,0,0.25881904510252074,0.9659258262890683,0.10105629718294638,-0.9948807088287882,1092.75,136.25311720698255,3.5343999999999998,11.4898,0.32542667581789064,542.97,113.73,639.7066666666667,1062.8066666666666,False,False,False,False,True,False,False,False,False,False
2026-02-27 08:00:00,4.42,339.6,14.3,46.8,236.33,976.2,-26,0,1.88,725.78,34.79,17.95,8,27,2,4,0,0.8660254037844387,-0.4999999999999998,-0.3485720473218147,0.9372819894918917,1212.53,246.4491869918699,8.3096,6.6924,0.19490651777687976,742.39,42.0,665.3299999999999,1302.58,False,False,False,False,True,False,False,False,False,False
2026-02-27 09:00:00,11.97,187.3,32.4,32.5,164.16,417.04,-7,1,0.41,441.82,33.88,85.34,9,27,2,4,0,0.7071067811865476,-0.7071067811865475,-0.1270646086013504,-0.9918944425900297,581.2,46.60785886126704,4.9077,10.53,0.28245010323468683,725.78,34.79,670.38,1185.6033333333332,False,False,False,False,True,False,False,False,False,False
2026-02-27 22:00:00,7.94,181.3,31.5,93.9,401.67,1145.61,-30,1,3.54,435.14,76.26,-7.73,22,27,2,4,0,-0.5000000000000004,0.8660254037844384,-0.0226873335727816,-0.9997426093226983,1547.28,183.32701421800945,28.1076,29.578500000000005,0.2595974872033504,441.82,33.88,636.6633333333333,962.1599999999999,False,False,False,False,True,False,False,False,False,False
2026-02-28 10:00:00,5.41,235.4,31.8,76.6,236.39,477.23,-14,0,0.35,420.62,56.97,-29.09,10,28,2,5,1,0.49999999999999994,-0.8660254037844387,-0.8231363685344419,-0.5678437450531012,713.62,120.74788494077833,1.8935,24.358799999999995,0.33125472940780804,435.14,76.26,534.2466666666666,1113.6699999999998,False,False,False,False,True,False,False,False,False,False
2026-02-28 11:00:00,5.89,222.7,29.1,57.1,70.05,1165.75,22,0,1.34,602.55,59.65,-9.61,11,28,2,5,1,0.258819045102521,-0.9659258262890682,-0.6781596698680704,-0.7349145951499602,1235.8,193.39593114241,7.8926,16.616100000000003,0.056683929438420454,420.62,56.97,432.52666666666664,947.3666666666667,False,False,False,False,True,False,False,False,False,False
2026-03-01 09:00:00,5.78,149.7,31.9,40.9,223.57,291.0,0,0,3.12,643.66,98.08,93.32,9,1,3,6,1,0.7071067811865476,-0.7071067811865475,0.5045276238150194,-0.8633955506067716,514.5699999999999,81.93789808917197,18.0336,13.047099999999999,0.4344792739568961,602.55,59.65,486.1033333333333,1165.5666666666664,False,False,False,False,True,False,False,False,False,False
2026-03-01 22:00:00,9.94,192.3,22.6,87.9,79.34,173.06,20,0,2.35,627.18,53.51,34.36,22,1,3,6,1,-0.5000000000000004,0.8660254037844384,-0.21303038627497686,-0.9770455744352635,252.4,24.17624521072797,23.358999999999998,19.8654,0.31434231378763866,643.66,98.08,555.61,821.3299999999998,False,False,False,False,True,False,False,False,False,False
2026-03-02 03:00:00,4.44,100.1,31.6,85.0,268.5,721.33,-15,0,0.16,607.35,118.0,-13.54,3,2,3,0,0,0.7071067811865475,0.7071067811865476,0.9845031799744367,-0.17536672609198697,989.83,200.37044534412954,0.7104,26.86,0.27125870098905874,627.18,53.51,624.4633333333333,667.5899999999998,False,False,False,False,True,False,False,False,False,False
2026-03-02 07:00:00,7.2,165.9,15.5,45.1,459.84,300.72,28,0,0.25,667.79,40.1,59.01,7,2,3,0,0,0.9659258262890683,-0.25881904510252063,0.24361501178602243,-0.9698720152847468,760.56,98.77402597402596,1.8,6.990500000000001,0.6046071315872515,607.35,118.0,626.0633333333334,585.5999999999998,False,False,False,False,True,False,False,False,False,False
2026-03-02 08:00:00,2.65,241.7,10.9,70.6,372.05,774.8,6,0,0.36,404.42,20.16,6.29,8,2,3,0,0,0.8660254037844387,-0.4999999999999998,-0.8804773535091617,-0.47408820904711674,1146.85,364.07936507936506,0.954,7.695399999999999,0.32441034136983915,667.79,40.1,634.1066666666667,667.5966666666665,False,False,False,False,True,False,False,False,False,False
2026-03-03 03:00:00,8.27,37.4,20.3,45.6,311.19,149.75,12,0,1.88,435.11,98.9,87.65,3,3,3,1,0,0.7071067811865475,0.7071067811865476,0.6073758397232867,0.7944146205354181,460.94,52.55872291904219,15.5476,9.2568,0.6751204061266108,404.42,20.16,559.8533333333334,965.7466666666663,False,False,False,False,True,False,False,False,False,False
2026-03-03 08:00:00,8.28,186.6,23.4,44.9,477.63,297.48,2,0,0.7,494.57,72.99,73.62,8,3,3,1,0,0.8660254037844387,-0.4999999999999998,-0.11493715049286643,-0.9933727656003964,775.11,88.28132118451026,5.795999999999999,10.506599999999999,0.6162093122266517,435.11,98.9,502.44000000000005,789.4499999999997,False,False,False,False,True,False,False,False,False,False
2026-03-03 15:00:00,7.16,251.8,22.4,55.5,407.81,208.96,-10,1,4.1,576.9,86.19,5.12,15,3,3,1,0,-0.7071067811865471,-0.7071067811865479,-0.9499720515246526,-0.3123349185122325,616.77,80.51827676240208,29.355999999999998,12.431999999999999,0.6612027173824927,494.57,72.99,444.7,794.2999999999997,False,False,False,False,True,False,False,False,False,False
2026-03-04 11:00:00,2.93,277.6,25.2,54.4,172.03,305.86,20,0,1.12,739.38,39.51,77.41,11,4,3,2,0,0.258819045102521,-0.9659258262890682,-0.9912155402515417,0.13225639025712288,477.89,139.32653061224488,3.2816000000000005,13.708799999999998,0.3599782376697567,576.9,86.19,502.1933333333333,617.6066666666665,False,False,False,False,True,False,False,False,False,False
2026-01-01 14:00:00,5.59,354.3,33.3,60.6,140.66,1091.53,-22,0,1.94,456.15,119.41,62.5,14,1,1,3,0,-0.4999999999999997,-0.8660254037844388,-0.09931974974363929,0.9950555699612262,1232.19,202.33004926108376,10.8446,20.179799999999997,0.11415447293031107,555.7366423357664,65.34919708029197,555.347189781022,940.4198418491486,False,False,False,False,False,True,False,False,False,False
2026-01-01 18:00:00,1.94,203.3,23.0,51.0,187.44,217.28,30,1,0.91,515.84,99.15,59.23,18,1,1,3,0,-1.0,-1.8369701987210297e-16,-0.3955455025629652,-0.9184463813430871,404.72,165.8688524590164,1.7654,11.73,0.4631350069183633,456.15,119.41,456.15,1232.19,False,False,False,False,False,True,False,False,False,False
2026-01-01 23:00:00,6.73,37.3,20.2,62.7,125.24,1196.41,21,0,3.53,707.05,119.74,71.13,23,1,1,3,0,-0.25881904510252157,0.9659258262890681,0.605988400265711,0.7954734808548959,1321.65,182.80082987551867,23.7569,12.6654,0.09476033745696666,515.84,99.15,485.995,818.455,False,False,False,False,False,True,False,False,False,False
2026-01-03 09:00:00,5.05,205.0,32.6,57.2,146.3,581.8,-21,0,3.95,438.08,99.49,-33.1,9,3,1,5,1,0.7071067811865476,-0.7071067811865475,-0.4226182617406993,-0.90630778703665,728.0999999999999,131.18918918918916,19.9475,18.6472,0.2009339376459278,707.05,119.74,559.68,986.1866666666668,False,False,False,False,False,True,False,False,False,False
2026-01-03 10:00:00,9.2,299.7,13.0,58.1,263.99,438.21,-25,0,1.15,610.77,82.35,24.86,10,3,1,5,1,0.49999999999999994,-0.8660254037844387,-0.8686315144381915,0.49545866843240716,702.2,72.3917525773196,10.579999999999998,7.553000000000001,0.3759470236399886,438.08,99.49,553.6566666666666,818.1566666666668,False,False,False,False,False,True,False,False,False,False
2026-01-03 13:00:00,11.25,249.0,11.2,62.8,485.14,281.12,28,1,4.92,462.92,10.51,-14.99,13,3,1,5,1,-0.2588190451025208,-0.9659258262890683,-0.9335804264972016,-0.3583679495453007,766.26,65.21361702127659,55.35,7.033599999999999,0.633127137003106,610.77,82.35,585.3,917.3166666666666,False,False,False,False,False,True,False,False,False,False
2026-01-05 12:00:00,7.01,347.6,12.7,39.1,192.47,1191.2,0,0,0.5,523.46,65.23,-44.85,12,5,1,0,0,1.2246467991473532e-16,-1.0,-0.21473532716706328,0.9766722783341679,1383.67,184.24367509986686,3.505,4.9657,0.13910108624166165,462.92,10.51,503.92333333333335,732.1866666666666,False,False,False,False,False,True,False,False,False,False
2026-01-06 13:00:00,0.96,209.1,26.4,53.2,150.57,343.75,1,0,4.02,413.53,46.44,67.32,13,6,1,1,0,-0.2588190451025208,-0.9659258262890683,-0.48633538042349034,-0.8737722230354653,494.32,338.5753424657534,3.8591999999999995,14.0448,0.3046002589415763,523.46,65.23,532.3833333333333,950.71,False,False,False,False,False,True,False,False,False,False
2026-01-06 18:00:00,8.23,255.1,22.1,38.3,480.03,579.99,23,0,3.53,559.56,60.04,82.67,18,6,1,1,0,-1.0,-1.8369701987210297e-16,-0.9663760793213293,-0.25713279315469617,1060.02,121.42268041237112,29.0519,8.4643,0.45284994622742963,413.53,46.44,466.6366666666667,881.4166666666669,False,False,False,False,False,True,False,False,False,False
2026-01-07 08:00:00,7.39,319.2,11.2,62.7,162.53,747.56,20,0,2.66,442.0,43.7,24.85,8,7,1,2,0,0.8660254037844387,-0.4999999999999998,-0.6534206039901057,0.7569950556517562,910.0899999999999,115.34727503168567,19.6574,7.0224,0.17858673318023494,559.56,60.04,498.84999999999997,979.3366666666667,False,False,False,False,False,True,False,False,False,False
2026-01-07 16:00:00,7.26,314.5,22.8,31.2,457.29,1180.24,4,0,3.12,515.76,26.8,42.4,16,7,1,2,0,-0.8660254037844384,-0.5000000000000004,-0.7132504491541813,0.7009092642998511,1637.53,211.02190721649484,22.6512,7.1136,0.27925595256270114,442.0,43.7,471.69666666666666,821.4766666666666,False,False,False,False,False,True,False,False,False,False
2026-01-08 11:00:00,6.52,152.2,31.2,70.0,440.47,1132.31,-20,0,3.01,506.5,50.48,-17.52,11,8,1,3,0,0.258819045102521,-0.9659258262890682,0.4663866403398913,-0.8845809752150839,1572.78,224.04273504273505,19.625199999999996,21.84,0.28005824082198405,515.76,26.8,505.7733333333333,1202.5466666666666,False,False,False,False,False,True,False,False,False,False
2026-01-08 20:00:00,1.09,226.1,12.5,73.6,276.45,465.1,22,1,0.21,479.72,78.24,96.97,20,8,1,3,0,-0.8660254037844386,0.5000000000000001,-0.7205511116803304,-0.693401828275813,741.55,466.38364779874206,0.22890000000000002,9.2,0.3728002157642775,506.5,50.48,488.08666666666664,1373.4666666666665,False,False,False,False,False,True,False,False,False,False
2026-01-09 02:00:00,2.17,161.3,24.7,54.3,416.31,798.41,-11,0,2.99,413.85,67.72,-7.74,2,9,1,4,0,0.49999999999999994,0.8660254037844387,0.32061299058567605,-0.9472102777460288,1214.72,454.9513108614232,6.488300000000001,13.412099999999999,0.3427209562697576,479.72,78.24,500.66,1317.2866666666666,False,False,False,False,False,True,False,False,False,False
2026-01-09 07:00:00,7.01,358.4,24.0,50.8,437.94,100.17,17,0,0.72,599.44,72.99,9.45,7,9,1,4,0,0.9659258262890683,-0.25881904510252063,-0.027921638723569165,0.9996101150403544,538.11,71.65246338215712,5.047199999999999,12.191999999999998,0.8138484696437531,413.85,67.72,466.69000000000005,1176.3500000000001,False,False,False,False,False,True,False,False,False,False
2026-01-09 08:00:00,10.6,172.9,27.2,82.7,452.05,890.06,-18,0,3.11,524.8,28.0,19.58,8,9,1,4,0,0.8660254037844387,-0.4999999999999998,0.12360147674049267,-0.9923319378854887,1342.11,120.9108108108108,32.966,22.4944,0.3368203798496398,599.44,72.99,497.6700000000001,831.46,False,False,False,False,False,True,False,False,False,False
2026-01-09 11:00:00,1.06,330.0,34.4,75.4,489.02,427.66,20,1,1.96,551.67,107.81,63.84,11,9,1,4,0,0.258819045102521,-0.9659258262890682,-0.5000000000000004,0.8660254037844384,916.6800000000001,587.6153846153846,2.0776,25.937600000000003,0.5334686040930313,524.8,28.0,512.6966666666667,1031.6466666666665,False,False,False,False,False,True,False,False,False,False
2026-01-11 04:00:00,2.56,221.2,26.6,38.0,96.61,612.46,-10,0,0.17,447.8,16.18,-3.57,4,11,1,6,1,0.8660254037844386,0.5000000000000001,-0.6586894601186801,-0.7524149088957247,709.07,231.72222222222223,0.43520000000000003,10.108,0.13624888939032817,551.67,107.81,558.6366666666667,932.2999999999998,False,False,False,False,False,True,False,False,False,False
2026-01-11 12:00:00,4.52,246.5,15.3,35.7,179.22,971.44,-5,0,3.43,491.98,93.56,-31.76,12,11,1,6,1,1.2246467991473532e-16,-1.0,-0.9170600743851239,-0.3987490689252466,1150.66,229.2151394422311,15.503599999999999,5.4621,0.1557540889576417,447.8,16.18,508.0899999999999,989.2866666666665,False,False,False,False,False,True,False,False,False,False
2026-01-11 22:00:00,2.58,121.9,23.9,80.8,227.42,467.48,17,0,2.03,539.26,10.31,7.98,22,11,1,6,1,-0.5000000000000004,0.8660254037844384,0.8489716876291415,-0.528438334722347,694.9,225.61688311688312,5.2374,19.3112,0.3272701108073104,491.98,93.56,497.15000000000003,925.4700000000001,False,False,False,False,False,True,False,False,False,False
2026-01-12 14:00:00,11.96,146.3,32.8,59.3,488.31,440.73,4,0,0.73,489.08,110.28,-6.17,14,12,1,0,0,-0.4999999999999997,-0.8660254037844388,0.5548444274479992,-0.8319541221304826,929.04,74.56179775280899,8.7308,19.4504,0.5256070782743477,539.26,10.31,493.0133333333333,851.5433333333334,False,False,False,False,False,True,False,False,False,False
2026-01-12 16:00:00,8.27,174.2,19.3,66.2,122.77,702.93,9,0,2.13,572.03,84.99,-31.78,16,12,1,0,0,-0.8660254037844384,-0.5000000000000004,0.10105629718294638,-0.9948807088287882,825.6999999999999,94.15051311288484,17.615099999999998,12.7766,0.14868596342497276,489.08,110.28,506.77333333333337,924.8666666666667,False,False,False,False,False,True,False,False,False,False
2026-01-12 17:00:00,5.05,323.1,19.6,73.0,216.0,598.32,-9,0,1.11,709.9,61.21,-49.48,17,12,1,0,0,-0.9659258262890683,-0.25881904510252063,-0.6004202253258841,0.7996846584870905,814.32,146.72432432432433,5.6055,14.308000000000002,0.2652519893899204,572.03,84.99,533.4566666666667,816.5466666666667,False,False,False,False,False,True,False,False,False,False
2026-01-12 18:00:00,2.03,326.8,30.9,68.5,240.78,1065.53,-23,0,0.43,481.52,23.35,87.59,18,12,1,0,0,-1.0,-1.8369701987210297e-16,-0.54756322349255,0.8367643134589619,1306.31,516.3280632411067,0.8728999999999999,21.1665,0.18432072019658427,709.9,61.21,590.3366666666667,856.3533333333334,False,False,False,False,False,True,False,False,False,False
2026-01-12 20:00:00,11.42,337.1,25.4,67.1,409.32,383.51,14,0,3.09,433.83,114.75,-16.78,20,12,1,0,0,-0.8660254037844386,0.5000000000000001,-0.3891239501402057,0.9211854055657215,792.8299999999999,66.51258389261744,35.2878,17.0434,0.5162771338117882,481.52,23.35,587.8166666666667,982.11,False,False,False,False,False,True,False,False,False,False
2026-01-13 09:00:00,5.93,6.1,13.5,72.2,362.6,104.12,-2,0,4.48,681.26,114.46,81.79,9,13,1,1,0,0.7071067811865476,-0.7071067811865475,0.1062640713362332,0.9943379441332046,466.72,72.58475894245724,26.5664,9.747,0.7769112101474117,433.83,114.75,541.7500000000001,971.1533333333333,False,False,False,False,False,True,False,False,False,False
2026-01-14 02:00:00,3.51,174.7,15.3,37.0,184.12,1132.45,-18,0,3.14,438.49,46.72,10.59,2,14,1,2,0,0.49999999999999994,0.8660254037844387,0.09237058744656172,-0.9957246981845821,1316.5700000000002,328.3216957605986,11.0214,5.6610000000000005,0.13984824202283205,681.26,114.46,532.2033333333334,855.2866666666665,False,False,False,False,False,True,False,False,False,False
2026-01-14 08:00:00,6.21,56.6,23.9,71.0,408.34,681.55,5,1,1.71,573.59,35.88,-35.14,8,14,1,2,0,0.8660254037844387,-0.4999999999999998,0.8348478632634065,0.5504807400849956,1089.8899999999999,162.4277198211624,10.6191,16.968999999999998,0.374661663103616,438.49,46.72,517.8600000000001,858.7066666666666,False,False,False,False,False,True,False,False,False,False
2026-01-14 18:00:00,6.83,163.8,25.2,46.5,341.13,331.75,-14,1,3.48,685.34,30.99,-4.52,18,14,1,2,0,-1.0,-1.8369701987210297e-16,0.2789911060392291,-0.9602936856769431,672.88,91.79809004092769,23.7684,11.718,0.506970039234336,573.59,35.88,564.4466666666668,957.7266666666668,False,False,False,False,False,True,False,False,False,False
2026-01-15 15:00:00,7.26,84.8,27.5,76.8,242.53,697.9,-18,0,1.39,644.48,111.82,5.19,15,15,1,3,0,-0.7071067811865471,-0.7071067811865479,0.9958843986159703,0.09063258019778012,940.43,121.18943298969072,10.091399999999998,21.12,0.25789266612081707,685.34,30.99,565.8066666666668,1026.4466666666665,False,False,False,False,False,True,False,False,False,False
2026-01-15 19:00:00,1.51,312.0,19.8,43.8,265.57,327.53,7,0,4.31,440.92,60.23,54.73,19,15,1,3,0,-0.9659258262890684,0.2588190451025203,-0.7431448254773946,0.6691306063588578,593.0999999999999,295.07462686567163,6.5081,8.6724,0.4477659753835779,644.48,111.82,634.4700000000001,901.0666666666666,False,False,False,False,False,True,False,False,False,False
2026-01-15 22:00:00,2.96,153.9,24.8,93.4,382.08,1028.85,17,0,4.06,730.66,60.58,28.09,22,15,1,3,0,-0.5000000000000004,0.8660254037844384,0.4399391698559149,-0.8980275757606158,1410.9299999999998,407.78323699421964,12.017599999999998,23.163200000000003,0.2708001105653718,440.92,60.23,590.2466666666668,735.4699999999999,False,False,False,False,False,True,False,False,False,False
2026-01-16 02:00:00,0.66,38.1,29.5,55.8,478.88,535.63,27,0,0.85,571.82,67.13,15.85,2,16,1,4,0,0.49999999999999994,0.8660254037844387,0.6170358751407486,0.7869350219613372,1014.51,874.5775862068964,0.561,16.461,0.4720308326187026,730.66,60.58,605.3533333333335,981.4866666666666,False,False,False,False,False,True,False,False,False,False
2026-01-16 03:00:00,7.97,182.2,16.3,67.1,439.44,1181.57,5,1,4.31,466.62,44.42,82.99,3,16,1,4,0,0.7071067811865475,0.7071067811865476,-0.038387809087519646,-0.9992629164106213,1621.01,191.38252656434477,34.350699999999996,10.9373,0.2710902462045268,571.82,67.13,581.1333333333336,1006.18,False,False,False,False,False,True,False,False,False,False
2026-01-16 11:00:00,6.99,177.5,21.2,91.8,279.45,660.86,10,0,3.76,406.14,26.68,34.57,11,16,1,4,0,0.258819045102521,-0.9659258262890682,0.04361938736533607,-0.9990482215818578,940.31,125.54205607476635,26.2824,19.461599999999997,0.29718922483010923,466.62,44.42,589.7000000000002,1348.8166666666666,False,False,False,False,False,True,False,False,False,False
2026-01-17 13:00:00,3.99,347.6,19.9,60.5,495.86,788.15,3,0,0.91,426.32,43.05,77.41,13,17,1,5,1,-0.2588190451025208,-0.9659258262890683,-0.21473532716706328,0.9766722783341679,1284.01,285.97104677060133,3.6309000000000005,12.039499999999999,0.3861807929844783,406.14,26.68,481.5266666666668,1191.9433333333334,False,False,False,False,False,True,False,False,False,False
2026-01-17 20:00:00,8.22,255.3,23.0,44.7,411.2,773.36,14,0,2.29,687.95,30.9,-9.18,20,17,1,5,1,-0.8660254037844386,0.5000000000000001,-0.9672677527758767,-0.25375794458480583,1184.56,135.8440366972477,18.823800000000002,10.281,0.3471331127169582,426.32,43.05,433.0266666666668,1281.7766666666666,False,False,False,False,False,True,False,False,False,False
2026-01-18 02:00:00,5.42,73.8,12.9,63.4,436.88,778.13,19,0,1.77,432.02,83.29,-40.73,2,18,1,6,1,0.49999999999999994,0.8660254037844387,0.9602936856769431,0.2789911060392293,1215.01,205.23817567567568,9.5934,8.1786,0.35956905704479797,687.95,30.9,506.80333333333346,1136.2933333333333,False,False,False,False,False,True,False,False,False,False
2026-01-18 18:00:00,4.4,351.5,17.8,91.3,291.45,222.16,26,1,3.69,452.04,74.69,-15.62,18,18,1,6,1,-1.0,-1.8369701987210297e-16,-0.14780941112961052,0.9890158633619168,513.61,104.81836734693877,16.236,16.2514,0.5674539047136933,432.02,83.29,515.4300000000002,1227.86,False,False,False,False,False,True,False,False,False,False
2026-01-22 01:00:00,11.72,52.4,30.9,82.9,159.49,577.16,8,0,0.17,709.95,82.62,-14.31,1,22,1,3,0,0.25881904510252074,0.9659258262890683,0.7922896433551907,0.6101451639012677,736.65,60.2823240589198,1.9924000000000002,25.616100000000003,0.21650716079549312,452.04,74.69,524.0033333333334,971.06,False,False,False,False,False,True,False,False,False,False
2026-01-23 12:00:00,3.03,38.1,32.6,88.5,362.19,963.25,-10,0,3.98,568.28,45.95,82.01,12,23,1,4,0,1.2246467991473532e-16,-1.0,0.6170358751407486,0.7869350219613372,1325.44,375.4787535410765,12.059399999999998,28.851,0.2732602003862868,709.95,82.62,531.3366666666668,821.7566666666667,False,False,False,False,False,True,False,False,False,False
2026-01-23 22:00:00,5.45,136.3,12.2,77.7,213.89,620.4,3,1,3.11,421.23,62.75,53.86,22,23,1,4,0,-0.5000000000000004,0.8660254037844384,0.6908824110768582,-0.7229671459095685,834.29,140.21680672268906,16.9495,9.4794,0.25637368301190233,568.28,45.95,576.7566666666668,858.5666666666666,False,False,False,False,False,True,False,False,False,False
2026-01-24 02:00:00,4.81,312.1,26.6,62.3,151.14,467.09,-18,0,2.02,416.81,110.79,99.37,2,24,1,5,1,0.49999999999999994,0.8660254037844387,-0.7419758409756162,0.6704266189587993,618.23,116.42749529190209,9.716199999999999,16.5718,0.24447212202578325,421.23,62.75,566.4866666666668,965.46,False,False,False,False,False,True,False,False,False,False
2026-01-24 09:00:00,1.12,218.4,25.0,89.5,310.82,224.77,-30,1,1.28,717.38,38.95,-6.7,9,24,1,5,1,0.7071067811865476,-0.7071067811865475,-0.6211477802783103,-0.7836934573258398,535.59,330.6111111111111,1.4336000000000002,22.375,0.5803319703504546,416.81,110.79,468.7733333333335,925.9866666666667,False,False,False,False,False,True,False,False,False,False
2026-01-24 11:00:00,0.95,287.1,28.5,59.3,440.49,214.96,22,0,4.8,649.31,113.94,-5.61,11,24,1,5,1,0.258819045102521,-0.9659258262890682,-0.9557930147983301,0.29404032523230383,655.45,452.03448275862075,4.56,16.9005,0.6720421084750934,717.38,38.95,518.4733333333335,662.7033333333334,False,False,False,False,False,True,False,False,False,False
2026-01-25 07:00:00,1.62,35.1,19.5,48.2,209.1,499.57,-1,1,3.99,636.64,91.52,10.88,7,25,1,6,1,0.9659258262890683,-0.25881904510252063,0.5750052520432786,0.8181497174250234,708.67,334.2783018867924,6.463800000000001,9.399000000000001,0.2950597598317976,649.31,113.94,594.5000000000001,603.09,False,False,False,False,False,True,False,False,False,False
2026-01-25 09:00:00,4.47,229.8,28.0,48.8,318.81,231.18,-12,1,4.5,533.74,87.55,93.01,9,25,1,6,1,0.7071067811865476,-0.7071067811865475,-0.7637960286346421,-0.6454576877239506,549.99,110.66197183098592,20.115,13.663999999999998,0.579665084819724,636.64,91.52,667.7766666666668,633.2366666666667,False,False,False,False,False,True,False,False,False,False
2026-01-25 12:00:00,3.2,23.6,16.2,73.1,245.16,1123.01,-22,0,0.12,669.68,72.37,-22.07,12,25,1,6,1,1.2246467991473532e-16,-1.0,0.40034903255689497,0.9163627295622396,1368.17,369.7756756756757,0.384,11.842199999999998,0.17918825876901262,533.74,87.55,606.5633333333335,638.0366666666666,False,False,False,False,False,True,False,False,False,False
2026-01-26 01:00:00,4.83,204.8,22.2,77.6,88.27,941.62,-25,0,3.06,638.15,82.39,-29.45,1,26,1,0,0,0.25881904510252074,0.9659258262890683,-0.41945208244617715,-0.9077774785329087,1029.89,193.2251407129456,14.7798,17.227199999999996,0.0857081824272495,669.68,72.37,613.3533333333335,875.61,False,False,False,False,False,True,False,False,False,False
2026-01-26 02:00:00,10.57,312.4,18.5,69.7,149.0,940.41,-13,0,1.62,716.65,50.06,34.23,2,26,1,0,0,0.49999999999999994,0.8660254037844387,-0.7384553406258838,0.6743023875837234,1089.4099999999999,98.41102077687442,17.1234,12.8945,0.13677127986708404,638.15,82.39,613.8566666666669,982.6833333333334,False,False,False,False,False,True,False,False,False,False
2026-01-26 08:00:00,1.19,342.6,20.7,65.0,418.7,1187.23,25,0,2.76,556.9,53.22,-43.33,8,26,1,0,0,0.8660254037844387,-0.4999999999999998,-0.29904079225608665,0.9542403285162768,1605.93,950.2544378698226,3.2843999999999998,13.455,0.260721202044921,716.65,50.06,674.8266666666667,1162.49,False,False,False,False,False,True,False,False,False,False
2026-01-26 21:00:00,6.76,159.5,12.7,39.0,89.86,401.39,29,0,3.06,731.52,35.9,22.5,21,26,1,0,0,-0.7071067811865477,0.7071067811865474,0.35020738125946754,-0.9366721892483976,491.25,67.66528925619835,20.6856,4.952999999999999,0.18292111959287533,556.9,53.22,637.2333333333335,1241.7433333333336,False,False,False,False,False,True,False,False,False,False
2026-01-27 04:00:00,0.65,241.5,12.6,76.0,103.09,486.34,-12,0,2.2,410.35,43.5,52.7,4,27,1,1,0,0.8660254037844386,0.5000000000000001,-0.8788171126619653,-0.4771587602596087,589.43,512.5478260869565,1.4300000000000002,9.576,0.17489778260353225,731.52,35.9,668.3566666666667,1062.1966666666667,False,False,False,False,False,True,False,False,False,False
2026-01-27 17:00:00,2.34,69.6,31.4,91.2,277.8,969.08,10,0,3.62,602.96,29.55,-26.13,17,27,1,1,0,-0.9659258262890683,-0.25881904510252063,0.9372819894918915,0.3485720473218153,1246.88,439.04225352112684,8.4708,28.636799999999997,0.2227960990632619,410.35,43.5,566.2566666666668,895.5366666666667,False,False,False,False,False,True,False,False,False,False
2026-01-28 00:00:00,7.92,193.7,15.2,58.7,213.53,1070.64,-21,0,1.9,690.66,91.77,36.06,0,28,1,2,0,0.0,1.0,-0.23683814606561834,-0.9715491199976463,1284.17,152.5142517814727,15.048,8.9224,0.1662786079724647,602.96,29.55,581.6100000000001,775.8533333333335,False,False,False,False,False,True,False,False,False,False
2026-01-28 09:00:00,11.47,232.3,21.0,65.2,262.12,455.94,27,0,3.53,492.32,89.14,90.01,9,28,1,2,0,0.7071067811865476,-0.7071067811865475,-0.79122353296749,-0.6115270401858313,718.06,59.988304093567244,40.4891,13.692,0.3650391332200652,690.66,91.77,567.9900000000001,1040.16,False,False,False,False,False,True,False,False,False,False
2026-01-28 13:00:00,5.01,26.3,25.4,94.9,434.89,993.24,-12,1,1.04,555.72,61.05,1.7,13,28,1,2,0,-0.2588190451025208,-0.9659258262890683,0.44307119082417973,0.8964864303834406,1428.13,259.1887477313975,5.2104,24.1046,0.3045170957825968,492.32,89.14,595.3133333333334,1083.0366666666669,False,False,False,False,False,True,False,False,False,False
2026-01-29 14:00:00,4.89,239.0,31.0,80.8,79.63,155.16,-29,1,3.53,483.05,83.97,67.91,14,29,1,3,0,-0.4999999999999997,-0.8660254037844388,-0.8571673007021121,-0.5150380749100545,234.79,43.560296846011134,17.261699999999998,25.048,0.33915413774010816,555.72,61.05,579.5666666666668,1143.4533333333336,False,False,False,False,False,True,False,False,False,False
2026-01-29 15:00:00,2.02,121.8,10.8,42.5,329.98,536.27,20,1,0.76,600.47,101.94,18.96,15,29,1,3,0,-0.7071067811865471,-0.7071067811865479,0.8498926929868639,-0.5269557954966776,866.25,343.75,1.5352000000000001,4.590000000000001,0.38092929292929295,483.05,83.97,510.36333333333346,793.6600000000002,False,False,False,False,False,True,False,False,False,False
2026-01-29 19:00:00,7.89,14.2,23.6,46.0,186.85,926.02,27,0,3.89,415.08,21.23,62.98,19,29,1,3,0,-0.9659258262890684,0.2588190451025203,0.24530738587880255,0.9694453498951389,1112.87,132.64243146603096,30.6921,10.856000000000002,0.16789921554179735,600.47,101.94,546.4133333333335,843.0566666666667,False,False,False,False,False,True,False,False,False,False
2026-01-30 05:00:00,10.66,226.3,30.6,87.0,362.54,326.19,-29,1,4.01,666.71,114.47,51.0,5,30,1,4,0,0.9659258262890683,0.25881904510252074,-0.7229671459095683,-0.6908824110768582,688.73,61.71415770609319,42.7466,26.622000000000003,0.5263891510461284,415.08,21.23,499.5333333333335,737.9699999999999,False,False,False,False,False,True,False,False,False,False
2026-01-30 07:00:00,8.36,267.3,19.9,47.3,178.04,596.47,6,1,1.5,590.03,97.17,72.3,7,30,1,4,0,0.9659258262890683,-0.25881904510252063,-0.99888987496197,-0.047106450709642575,774.51,87.41647855530475,12.54,9.4127,0.22987437218370324,666.71,114.47,560.7533333333334,889.2833333333334,False,False,False,False,False,True,False,False,False,False
2026-01-30 15:00:00,1.43,100.0,31.2,30.5,118.8,496.13,-4,0,1.25,570.01,46.91,-13.27,15,30,1,4,0,-0.7071067811865471,-0.7071067811865479,0.984807753012208,-0.1736481776669303,614.93,318.6165803108808,1.7874999999999999,9.516,0.19319272112272942,590.03,97.17,557.2733333333334,858.7033333333334,False,False,False,False,False,True,False,False,False,False
2026-01-31 09:00:00,2.75,142.6,11.2,37.2,450.55,1169.25,13,0,2.7,733.57,25.17,34.93,9,31,1,5,1,0.7071067811865476,-0.7071067811865475,0.607375839723287,-0.7944146205354179,1619.8,498.4,7.425000000000001,4.166399999999999,0.27815162365724166,570.01,46.91,608.9166666666669,692.7233333333334,False,False,False,False,False,True,False,False,False,False
2026-01-31 16:00:00,11.45,355.8,26.2,90.1,372.56,1175.69,25,0,2.79,729.93,97.67,40.05,16,31,1,5,1,-0.8660254037844384,-0.5000000000000004,-0.07323819712763181,0.9973144772244581,1548.25,129.56066945606696,31.9455,23.606199999999998,0.24063297271112546,733.57,25.17,631.2033333333335,1003.08,False,False,False,False,False,True,False,False,False,False
2026-02-01 09:00:00,7.04,41.3,24.6,44.9,139.15,464.86,28,1,3.09,447.92,14.39,99.6,9,1,2,6,1,0.7071067811865476,-0.7071067811865475,0.6600016679609367,0.7512641335035112,604.01,80.10742705570291,21.7536,11.045399999999999,0.23037698051356767,729.93,97.67,677.8366666666668,1260.9933333333336,False,False,False,False,False,True,False,False,False,False
2026-02-01 11:00:00,9.84,190.6,21.9,76.5,59.13,368.9,-28,0,0.9,552.54,103.46,44.62,11,1,2,6,1,0.258819045102521,-0.9659258262890682,-0.18395135061272008,-0.9829353491495543,428.03,41.39555125725338,8.856,16.7535,0.138144522580193,447.92,14.39,637.1400000000002,1257.3533333333335,False,False,False,False,False,True,False,False,False,False
2026-02-01 23:00:00,1.09,358.9,11.6,70.7,397.2,959.89,-13,0,1.46,520.06,117.28,58.89,23,1,2,6,1,-0.25881904510252157,0.9659258262890681,-0.01919744239969049,0.9998157121216442,1357.09,853.5157232704402,1.5914000000000001,8.2012,0.29268508352430567,552.54,103.46,576.7966666666667,860.0966666666668,False,False,False,False,False,True,False,False,False,False
2026-02-02 10:00:00,3.86,341.6,13.2,77.8,268.42,1189.12,-4,1,1.87,730.98,82.83,33.47,10,2,2,0,0,0.49999999999999994,-0.8660254037844387,-0.3156490369471023,0.9488760116444966,1457.54,334.2981651376147,7.2182,10.269599999999999,0.1841596114000302,520.06,117.28,506.84000000000015,796.3766666666667,False,False,False,False,False,True,False,False,False,False
2026-02-02 23:00:00,5.64,332.9,13.8,83.0,251.66,484.39,-25,0,3.74,404.02,81.49,-8.15,23,2,2,0,0,-0.25881904510252157,0.9659258262890681,-0.45554490723351565,0.8902128046111265,736.05,119.87785016286645,21.0936,11.454,0.3419061205081177,730.98,82.83,601.1933333333335,1080.8866666666668,False,False,False,False,False,True,False,False,False,False
2026-02-03 10:00:00,8.87,342.2,29.6,30.4,67.0,532.78,9,0,4.13,490.49,31.04,47.39,10,3,2,1,0,0.49999999999999994,-0.8660254037844387,-0.3056953049631061,0.9521293927421386,599.78,64.01067235859125,36.6331,8.9984,0.11170762612958085,404.02,81.49,551.6866666666668,1183.5600000000002,False,False,False,False,False,True,False,False,False,False
2026-02-03 22:00:00,9.88,79.8,32.7,92.1,165.73,942.05,-29,1,3.58,522.65,27.79,10.93,22,3,2,1,0,-0.5000000000000004,0.8660254037844384,0.9841956079692419,0.17708474031958338,1107.78,106.72254335260115,35.370400000000004,30.1167,0.1496055173409883,490.49,31.04,541.8300000000002,931.1233333333334,False,False,False,False,False,True,False,False,False,False
2026-02-04 07:00:00,10.25,329.4,16.4,69.6,444.61,1152.2,19,0,4.09,698.32,117.8,-10.32,7,4,2,2,0,0.9659258262890683,-0.25881904510252063,-0.509041415750372,0.8607420270039432,1596.81,148.54046511627905,41.9225,11.414399999999999,0.27843638253768455,522.65,27.79,472.38666666666677,814.5366666666669,False,False,False,False,False,True,False,False,False,False
2026-02-04 12:00:00,6.66,304.4,25.9,34.9,482.11,273.46,-19,0,0.49,458.53,19.16,23.52,12,4,2,2,0,1.2246467991473532e-16,-1.0,-0.8251134982782953,0.5649670034249378,755.5699999999999,105.52653631284915,3.2634,9.0391,0.6380745662215281,698.32,117.8,570.4866666666668,1101.4566666666667,False,False,False,False,False,True,False,False,False,False
2026-02-04 17:00:00,4.2,261.8,25.4,76.8,469.07,1184.99,-10,0,3.51,461.52,53.99,6.15,17,4,2,2,0,-0.9659258262890683,-0.25881904510252063,-0.9897762309077889,-0.1426289337055118,1654.06,351.92765957446807,14.741999999999999,19.507199999999997,0.28358705246484406,458.53,19.16,559.8333333333335,1153.3866666666665,False,False,False,False,False,True,False,False,False,False
2026-02-04 19:00:00,10.37,56.0,32.4,55.7,478.86,764.48,21,1,0.0,443.14,40.89,56.13,19,4,2,2,0,-0.9659258262890684,0.2588190451025203,0.8290375725550417,0.5591929034707468,1243.3400000000001,114.38270469181235,0.0,18.0468,0.38514002605884146,461.52,53.99,539.4566666666668,1335.4800000000002,False,False,False,False,False,True,False,False,False,False
2026-02-04 20:00:00,8.17,81.2,22.4,51.0,366.25,159.99,23,0,0.81,571.96,78.68,72.05,20,4,2,2,0,-0.8660254037844386,0.5000000000000001,0.9882283814465528,0.1529858362840381,526.24,60.6966551326413,6.6177,11.424,0.6959752204317422,443.14,40.89,454.3966666666668,1217.6566666666668,False,False,False,False,False,True,False,False,False,False
2026-02-05 09:00:00,7.41,3.3,12.7,84.9,377.74,444.75,-7,0,0.21,557.46,100.81,-37.33,9,5,2,3,0,0.7071067811865476,-0.7071067811865475,0.05756402695956728,0.9983418166140283,822.49,103.9810366624526,1.5561,10.7823,0.4592639424187528,571.96,78.68,492.20666666666676,1141.2133333333336,False,False,False,False,False,True,False,False,False,False
2026-02-05 13:00:00,11.65,319.8,31.4,80.3,164.58,893.25,-19,1,3.98,579.76,72.29,-47.68,13,5,2,3,0,-0.2588190451025208,-0.9659258262890683,-0.6454576877239506,0.7637960286346421,1057.83,87.06419753086419,46.367000000000004,25.214199999999995,0.15558265505799612,557.46,100.81,524.1866666666668,864.0233333333335,False,False,False,False,False,True,False,False,False,False
2026-02-05 14:00:00,8.87,165.6,18.7,32.2,465.87,380.75,16,1,0.96,631.7,24.14,-32.73,14,5,2,3,0,-0.4999999999999997,-0.8660254037844388,0.24868988716485482,-0.9685831611286311,846.62,90.35432230522946,8.515199999999998,6.0214,0.5502704873496964,579.76,72.29,569.7266666666669,802.1866666666668,False,False,False,False,False,True,False,False,False,False
2026-02-05 17:00:00,7.3,289.8,16.7,52.5,363.04,568.77,-22,0,1.87,678.7,80.18,19.8,17,5,2,3,0,-0.9659258262890683,-0.25881904510252063,-0.9408807689542253,0.33873792024529187,931.81,119.46282051282051,13.651,8.7675,0.3896073233813761,631.7,24.14,589.6400000000002,908.9800000000001,False,False,False,False,False,True,False,False,False,False
2026-02-06 01:00:00,6.47,159.1,13.5,92.0,125.08,1047.24,-27,0,4.63,410.01,90.99,1.26,1,6,2,4,0,0.25881904510252074,0.9659258262890683,0.35673799931962524,-0.9342044743210295,1172.32,168.1951219512195,29.9561,12.42,0.10669441790637368,678.7,80.18,630.0533333333336,945.4200000000001,False,False,False,False,False,True,False,False,False,False
2026-02-06 03:00:00,9.76,187.9,14.4,91.5,110.02,247.9,30,1,3.01,550.76,65.42,53.08,3,6,2,4,0,0.7071067811865475,0.7071067811865476,-0.13744454603714684,-0.9905094632383088,357.92,34.88499025341131,29.377599999999997,13.176000000000002,0.30738712561466247,410.01,90.99,573.4700000000001,983.5833333333335,False,False,False,False,False,True,False,False,False,False
2026-02-06 12:00:00,11.23,86.5,25.8,84.1,389.74,956.46,14,0,1.57,700.66,114.71,43.77,12,6,2,4,0,1.2246467991473532e-16,-1.0,0.9981347984218669,0.06104853953485691,1346.2,114.76555839727195,17.6311,21.697799999999997,0.28951121675828256,550.76,65.42,546.4900000000002,820.6833333333335,False,False,False,False,False,True,False,False,False,False
2026-02-06 17:00:00,0.92,128.2,10.4,52.1,90.99,957.01,12,0,0.07,707.37,33.63,64.29,17,6,2,4,0,-0.9659258262890683,-0.25881904510252063,0.7858568931754021,-0.618408395357554,1048.0,738.0281690140846,0.06440000000000001,5.4184,0.08682251908396946,700.66,114.71,553.8100000000001,958.8133333333335,False,False,False,False,False,True,False,False,False,False
2026-02-07 10:00:00,10.13,266.2,15.3,39.4,221.73,932.25,-21,1,1.89,710.45,39.89,21.13,10,7,2,5,1,0.49999999999999994,-0.8660254037844387,-0.99780146829205,-0.06627390040000064,1153.98,108.5587958607714,19.1457,6.028200000000001,0.19214371132948577,707.37,33.63,652.9300000000002,917.3733333333336,False,False,False,False,False,True,False,False,False,False
2026-02-08 00:00:00,10.21,42.3,12.1,62.4,365.08,865.02,-4,0,2.14,673.51,97.88,13.63,0,8,2,6,1,0.0,1.0,0.6730125135097733,0.7396310949786098,1230.1,114.85527544351072,21.849400000000003,7.5504,0.29678887895293066,710.45,39.89,706.1600000000002,1182.7266666666667,False,False,False,False,False,True,False,False,False,False
2026-02-08 20:00:00,5.74,71.9,28.3,74.7,467.7,189.87,-23,0,1.93,605.8,72.4,32.37,20,8,2,6,1,-0.8660254037844386,0.5000000000000001,0.9505157316277837,0.3106764296307317,657.5699999999999,105.37980769230768,11.0782,21.140100000000004,0.7112550755052695,673.51,97.88,697.1100000000002,1144.0266666666669,False,False,False,False,False,True,False,False,False,False
2026-02-09 11:00:00,6.42,49.8,25.2,75.2,179.67,131.74,-3,1,2.53,496.46,18.67,62.52,11,9,2,0,0,0.258819045102521,-0.9659258262890682,0.7637960286346421,0.6454576877239506,311.40999999999997,45.001445086705196,16.2426,18.9504,0.5769564240069363,605.8,72.4,663.2533333333334,1013.8833333333336,False,False,False,False,False,True,False,False,False,False
2026-02-09 12:00:00,1.65,239.7,34.3,36.9,195.79,170.62,14,0,3.25,642.73,108.66,30.21,12,9,2,0,0,1.2246467991473532e-16,-1.0,-0.8633955506067716,-0.5045276238150194,366.40999999999997,170.4232558139535,5.3625,12.656699999999999,0.5343467700117355,496.46,18.67,591.9233333333335,733.0266666666668,False,False,False,False,False,True,False,False,False,False
2026-02-09 23:00:00,9.31,322.1,19.3,38.6,397.17,1191.12,-13,0,0.32,626.73,101.8,19.56,23,9,2,0,0,-0.25881904510252157,0.9659258262890681,-0.6142852000989432,0.7890840848346907,1588.29,161.9051987767584,2.9792,7.4498,0.25006138677445555,642.73,108.66,581.6633333333335,445.1300000000001,False,False,False,False,False,True,False,False,False,False
2026-02-10 06:00:00,4.06,32.0,23.4,48.7,60.04,534.07,-7,1,2.95,410.26,25.18,73.87,6,10,2,1,0,1.0,6.123233995736766e-17,0.5299192642332049,0.848048096156426,594.11,130.2872807017544,11.977,11.3958,0.10105872649845987,626.73,101.8,588.6400000000002,755.3700000000002,False,False,False,False,False,True,False,False,False,False
2026-02-10 12:00:00,2.62,90.4,27.8,91.4,474.37,909.58,-16,0,1.55,436.62,48.43,93.95,12,10,2,1,0,1.2246467991473532e-16,-1.0,0.9999756307053947,-0.0069812602979617226,1383.95,443.57371794871796,4.061,25.409200000000002,0.3427652733118971,410.26,25.18,559.9066666666669,849.6033333333335,False,False,False,False,False,True,False,False,False,False
2026-02-10 13:00:00,9.2,115.4,19.6,42.7,130.84,108.63,26,0,0.35,642.71,111.96,34.66,13,10,2,1,0,-0.2588190451025208,-0.9659258262890683,0.9033352928633008,-0.42893513340314576,239.47,24.687628865979384,3.2199999999999998,8.369200000000001,0.546373240907003,436.62,48.43,491.20333333333355,1188.7833333333335,False,False,False,False,False,True,False,False,False,False
2026-02-11 07:00:00,9.89,309.1,17.2,67.7,299.53,928.52,21,1,0.62,511.31,16.57,-34.63,7,11,2,2,0,0.9659258262890683,-0.25881904510252063,-0.7760464070665459,0.6306758074312863,1228.05,118.19538017324349,6.1318,11.644400000000001,0.24390700704368715,642.71,111.96,496.5300000000002,739.1766666666668,False,False,False,False,False,True,False,False,False,False
2026-02-11 08:00:00,10.68,228.2,15.9,91.6,320.1,423.78,12,0,0.75,410.91,89.83,-7.69,8,11,2,2,0,0.8660254037844387,-0.4999999999999998,-0.7454759996828622,-0.6665324702494525,743.88,66.53667262969589,8.01,14.564400000000001,0.4303113405387966,511.31,16.57,530.2133333333335,950.4900000000001,False,False,False,False,False,True,False,False,False,False
2026-02-12 04:00:00,8.99,238.3,26.9,45.0,425.86,265.87,16,0,4.63,415.75,42.85,12.69,4,12,2,3,0,0.8660254037844386,0.5000000000000001,-0.8508111094240515,-0.5254716510722673,691.73,72.89041095890411,41.6237,12.105,0.6156448325213595,410.91,89.83,521.6433333333334,737.1333333333336,False,False,False,False,False,True,False,False,False,False
2026-02-12 08:00:00,4.0,205.6,14.8,80.7,152.22,637.07,-22,0,0.01,572.87,25.26,-48.7,8,12,2,3,0,0.8660254037844387,-0.4999999999999998,-0.43208574880198236,-0.9018325264051138,789.2900000000001,175.3977777777778,0.04,11.943600000000002,0.19285687136540433,415.75,42.85,445.9900000000002,887.8866666666669,False,False,False,False,False,True,False,False,False,False
2026-02-12 15:00:00,5.5,196.2,11.5,59.3,152.75,976.98,21,0,3.09,609.22,57.61,47.11,15,12,2,3,0,-0.7071067811865471,-0.7071067811865479,-0.2789911060392289,-0.9602936856769432,1129.73,188.28833333333333,16.994999999999997,6.8195,0.1352092977968187,572.87,25.26,466.5100000000002,741.6333333333336,False,False,False,False,False,True,False,False,False,False
2026-02-12 19:00:00,3.02,83.5,29.0,85.9,369.67,284.38,1,1,4.77,643.81,32.95,-31.49,19,12,2,3,0,-0.9659258262890684,0.2588190451025203,0.9935718556765875,0.11320321376790683,654.05,185.80965909090907,14.405399999999998,24.911000000000005,0.565201437198991,609.22,57.61,532.6133333333336,870.2500000000003,False,False,False,False,False,True,False,False,False,False
2026-02-13 13:00:00,7.37,290.6,23.1,38.2,248.06,436.67,-17,0,2.36,587.85,38.1,56.57,13,13,2,4,0,-0.2588190451025208,-0.9659258262890683,-0.936059535738973,0.35184164840470233,684.73,87.00508259212198,17.3932,8.824200000000001,0.36227418106406906,643.81,32.95,608.6333333333336,857.6900000000002,False,False,False,False,False,True,False,False,False,False
2026-02-13 20:00:00,8.45,339.8,27.6,74.6,288.1,356.36,4,1,0.61,506.66,55.05,57.49,20,13,2,4,0,-0.8660254037844386,0.5000000000000001,-0.34529819899853426,0.938493022759556,644.46,72.00670391061453,5.1545,20.5896,0.44704093349470875,587.85,38.1,613.6266666666669,822.8366666666669,False,False,False,False,False,True,False,False,False,False
2026-02-14 01:00:00,5.34,40.8,26.9,32.1,443.41,740.99,23,0,4.81,636.0,15.93,84.67,1,14,2,5,1,0.25881904510252074,0.9659258262890683,0.6534206039901054,0.7569950556517564,1184.4,202.80821917808223,25.685399999999998,8.6349,0.37437521107733873,506.66,55.05,579.4400000000002,661.0800000000003,False,False,False,False,False,True,False,False,False,False
2026-02-14 06:00:00,9.67,244.5,15.4,81.5,263.47,200.44,-1,1,4.42,618.69,115.59,-9.89,6,14,2,5,1,1.0,6.123233995736766e-17,-0.9025852843498606,-0.43051109680829514,463.91,45.61553588987218,42.7414,12.551000000000002,0.5679334353646182,636.0,15.93,576.8366666666669,837.8633333333337,False,False,False,False,False,True,False,False,False,False
2026-02-14 17:00:00,6.82,206.0,34.5,94.5,219.58,1062.03,-24,0,2.12,678.02,59.1,81.43,17,14,2,5,1,-0.9659258262890683,-0.25881904510252063,-0.43837114678907746,-0.8987940462991669,1281.61,175.08333333333331,14.458400000000001,32.6025,0.17133137225833134,618.69,115.59,587.1166666666669,764.256666666667,False,False,False,False,False,True,False,False,False,False
2026-02-14 18:00:00,5.3,359.7,25.3,42.8,453.11,334.68,1,1,1.21,525.61,71.77,-49.86,18,14,2,5,1,-1.0,-1.8369701987210297e-16,-0.005235963831419499,0.9999862922474267,787.79,135.8258620689655,6.412999999999999,10.828399999999998,0.57516597062669,678.02,59.1,644.2366666666668,976.6400000000003,False,False,False,False,False,True,False,False,False,False
2026-02-15 11:00:00,3.12,103.4,28.6,60.2,185.01,561.33,-30,0,2.56,639.54,114.7,-15.68,11,15,2,6,1,0.258819045102521,-0.9659258262890682,0.9727758782093966,-0.23174790349415736,746.34,206.17127071823205,7.9872000000000005,17.217200000000002,0.2478897017445132,525.61,71.77,607.4400000000002,844.4366666666668,False,False,False,False,False,True,False,False,False,False
2026-02-15 14:00:00,11.31,356.1,20.0,55.9,417.54,938.55,11,0,0.52,467.59,107.99,96.3,14,15,2,6,1,-0.4999999999999997,-0.8660254037844388,-0.06801529066524772,0.9976842788356053,1356.09,114.82557154953427,5.881200000000001,11.18,0.30789991814702566,639.54,114.7,614.3900000000002,938.5800000000003,False,False,False,False,False,True,False,False,False,False
2026-02-16 15:00:00,10.77,167.2,15.4,73.9,102.22,158.11,-1,0,2.18,522.19,88.71,-46.66,15,16,2,0,0,-0.7071067811865471,-0.7071067811865479,0.2215484976194677,-0.9751493543055632,260.33000000000004,23.099378881987583,23.4786,11.380600000000001,0.39265547574232695,467.59,107.99,544.2466666666668,963.4066666666669,False,False,False,False,False,True,False,False,False,False
2026-02-17 05:00:00,11.53,335.7,28.7,59.9,254.73,1157.57,12,1,0.22,470.18,95.76,26.61,5,17,2,1,0,0.9659258262890683,0.25881904510252074,-0.4115143586051092,0.9114032766354451,1412.3,117.39817123857024,2.5366,17.1913,0.18036536146711038,522.19,88.71,543.1066666666669,787.5866666666669,False,False,False,False,False,True,False,False,False,False
2026-02-18 07:00:00,2.36,30.7,21.7,76.2,442.23,264.6,-4,1,3.24,468.18,31.09,9.67,7,18,2,2,0,0.9659258262890683,-0.25881904510252063,0.5105429179116057,0.8598522715968735,706.83,247.14335664335667,7.6464,16.5354,0.6256525614362718,470.18,95.76,486.6533333333335,1009.5733333333336,False,False,False,False,False,True,False,False,False,False
2026-02-18 14:00:00,8.93,81.6,30.8,72.0,226.74,347.56,13,0,4.77,552.53,56.75,-0.61,14,18,2,2,0,-0.4999999999999997,-0.8660254037844388,0.9892723329629883,0.14608302856241165,574.3,60.90137857900318,42.59609999999999,22.176,0.39481107435138435,468.18,31.09,486.8500000000002,793.1533333333336,False,False,False,False,False,True,False,False,False,False
2026-02-19 06:00:00,7.53,141.4,21.2,57.8,238.85,474.12,-29,0,4.46,406.17,87.1,-0.13,6,19,2,3,0,1.0,6.123233995736766e-17,0.6238795967093861,-0.7815204724188188,712.97,88.78829389788292,33.583800000000004,12.253599999999999,0.3350070830469725,552.53,56.75,496.96333333333354,897.8100000000004,False,False,False,False,False,True,False,False,False,False
2026-02-19 07:00:00,4.77,64.7,29.7,42.8,491.62,296.58,3,0,4.71,555.99,57.43,44.61,7,19,2,3,0,0.9659258262890683,-0.25881904510252063,0.9040825496607784,0.4273578633871923,788.2,149.56356736242887,22.4667,12.711599999999999,0.6237249429078914,406.17,87.1,475.62666666666684,664.7000000000003,False,False,False,False,False,True,False,False,False,False
2026-02-19 14:00:00,6.07,308.1,24.5,68.9,462.89,1154.18,-19,0,2.26,707.79,87.72,-23.23,14,19,2,3,0,-0.4999999999999997,-0.8660254037844388,-0.7869350219613372,0.6170358751407488,1617.0700000000002,246.12937595129378,13.7182,16.8805,0.2862522958189812,555.99,57.43,504.8966666666668,691.8233333333337,False,False,False,False,False,True,False,False,False,False
2026-02-19 20:00:00,3.08,276.2,22.9,57.5,241.44,930.66,22,0,3.74,636.69,63.84,37.59,20,19,2,3,0,-0.8660254037844386,0.5000000000000001,-0.9941509639723155,0.10799935570602215,1172.1,327.40223463687147,11.519200000000001,13.1675,0.20598925006398772,707.79,87.72,556.6500000000002,1039.4133333333336,False,False,False,False,False,True,False,False,False,False
2026-02-20 01:00:00,6.38,335.4,22.3,73.8,266.65,192.35,29,0,2.34,606.44,10.44,79.63,1,20,2,4,0,0.25881904510252074,0.9659258262890683,-0.4162807922604013,0.9092361090470684,459.0,66.71511627906978,14.929199999999998,16.4574,0.5809368191721133,636.69,63.84,633.4900000000002,1192.4566666666672,False,False,False,False,False,True,False,False,False,False
2026-02-20 06:00:00,2.1,165.8,25.2,76.6,54.93,825.92,-15,1,2.56,598.72,41.91,11.83,6,20,2,4,0,1.0,6.123233995736766e-17,0.24530738587880238,-0.969445349895139,880.8499999999999,338.7884615384615,5.376,19.303199999999997,0.06236022024181189,606.44,10.44,650.3066666666668,1082.7233333333336,False,False,False,False,False,True,False,False,False,False
2026-02-20 09:00:00,7.21,138.1,27.9,76.7,325.44,1176.3,10,0,4.78,678.05,15.14,80.14,9,20,2,4,0,0.7071067811865476,-0.7071067811865475,0.6678325554710469,-0.7443115462311538,1501.74,194.77821011673151,34.4638,21.399299999999997,0.2167086180031164,598.72,41.91,613.9500000000003,837.316666666667,False,False,False,False,False,True,False,False,False,False
2026-02-20 21:00:00,10.8,18.8,15.2,55.4,315.61,755.85,1,1,1.85,553.67,79.11,79.3,21,20,2,4,0,-0.7071067811865477,0.7071067811865474,0.3222656952305111,0.9466492601156964,1071.46,94.81946902654867,19.980000000000004,8.4208,0.294560692886342,678.05,15.14,627.7366666666668,947.196666666667,False,False,False,False,False,True,False,False,False,False
2026-02-21 11:00:00,4.19,148.3,13.7,58.2,288.61,657.11,15,0,2.57,630.61,83.35,11.42,11,21,2,5,1,0.258819045102521,-0.9659258262890682,0.5254716510722677,-0.8508111094240512,945.72,201.64605543710022,10.7683,7.973400000000001,0.30517489320306224,553.67,79.11,610.1466666666669,1151.3500000000004,False,False,False,False,False,True,False,False,False,False
2026-02-21 15:00:00,5.23,203.7,10.3,69.9,288.54,1133.43,24,1,1.87,527.09,76.14,12.11,15,21,2,5,1,-0.7071067811865471,-0.7071067811865479,-0.40194777665596004,-0.9156625933395611,1421.97,248.16230366492144,9.780100000000001,7.199700000000002,0.2029156733264415,630.61,83.35,620.7766666666668,1172.9733333333336,False,False,False,False,False,True,False,False,False,False
2026-02-21 16:00:00,5.61,221.6,13.3,64.6,424.1,571.42,5,0,2.93,468.01,101.22,63.93,16,21,2,5,1,-0.8660254037844384,-0.5000000000000004,-0.6639262126522416,-0.7477980904985319,995.52,162.9328968903437,16.4373,8.5918,0.4260085181613629,527.09,76.14,570.4566666666668,1146.3833333333337,False,False,False,False,False,True,False,False,False,False
2026-02-22 23:00:00,3.0,129.5,13.5,52.7,95.31,877.36,27,1,3.97,523.76,37.62,-24.07,23,22,2,6,1,-0.25881904510252157,0.9659258262890681,0.7716245833877199,-0.6360782202777641,972.6700000000001,277.9057142857143,11.91,7.1145000000000005,0.0979880123782989,468.01,101.22,541.9033333333335,1121.0700000000004,False,False,False,False,False,True,False,False,False,False
2026-02-23 16:00:00,1.2,21.8,21.1,92.2,499.35,996.51,10,1,1.21,701.85,64.32,98.65,16,23,2,0,0,-0.8660254037844384,-0.5000000000000004,0.37136783555023484,0.9284858268809135,1495.8600000000001,879.9176470588236,1.452,19.454200000000004,0.33382134691749227,523.76,37.62,506.28666666666686,1130.0533333333335,False,False,False,False,False,True,False,False,False,False
2026-02-23 17:00:00,8.57,148.8,14.3,33.9,244.88,455.51,2,0,4.86,567.79,44.21,-24.11,17,23,2,0,0,-0.9659258262890683,-0.25881904510252063,0.5180270093731302,-0.8553642601605066,700.39,77.2205071664829,41.650200000000005,4.8477,0.34963377546795354,701.85,64.32,564.5400000000002,1154.6833333333336,False,False,False,False,False,True,False,False,False,False
2026-02-24 07:00:00,8.12,169.5,22.8,49.1,230.41,106.74,25,0,1.03,460.34,45.47,55.41,7,24,2,1,0,0.9659258262890683,-0.25881904510252063,0.18223552549214772,-0.9832549075639545,337.15,39.11252900232019,8.3636,11.1948,0.6834050126056652,567.79,44.21,597.8000000000002,1056.306666666667,False,False,False,False,False,True,False,False,False,False
2026-02-25 14:00:00,1.81,128.3,21.4,36.6,369.2,555.7,29,1,0.33,586.08,92.17,-30.67,14,25,2,2,0,-0.4999999999999997,-0.8660254037844388,0.7847763705330829,-0.6197790317951402,924.9000000000001,400.3896103896104,0.5973,7.8324,0.3991782895448156,460.34,45.47,576.6600000000002,844.466666666667,False,False,False,False,False,True,False,False,False,False
2026-02-27 10:00:00,3.53,243.8,26.4,67.9,441.4,313.76,-2,0,3.84,410.6,74.82,53.23,10,27,2,4,0,0.49999999999999994,-0.8660254037844387,-0.8972583696743284,-0.4415058527917453,755.16,187.38461538461542,13.5552,17.9256,0.584511891519678,586.08,92.17,538.0700000000003,654.146666666667,False,False,False,False,False,True,False,False,False,False
2026-02-27 21:00:00,7.93,26.8,16.7,49.7,179.0,698.66,-12,0,0.59,731.57,73.69,-23.61,21,27,2,4,0,-0.7071067811865477,0.7071067811865474,0.45087754068943076,0.8925858184521255,877.66,104.11150652431792,4.678699999999999,8.299900000000001,0.20395141626598,410.6,74.82,485.67333333333346,672.4033333333336,False,False,False,False,False,True,False,False,False,False
2026-02-28 09:00:00,1.13,6.6,21.8,69.8,348.7,104.51,-27,1,2.79,453.72,102.49,-36.82,9,28,2,5,1,0.7071067811865476,-0.7071067811865475,0.1149371504928666,0.9933727656003964,453.21,278.04294478527606,3.1527,15.2164,0.769400498665078,731.57,73.69,576.0833333333336,852.5733333333337,False,False,False,False,False,True,False,False,False,False
2026-02-28 12:00:00,11.18,111.5,22.8,79.2,403.0,864.46,-10,1,2.83,622.51,103.26,12.52,12,28,2,5,1,1.2246467991473532e-16,-1.0,0.9304175679820246,-0.3665012267242972,1267.46,108.51541095890411,31.6394,18.0576,0.3179587521499692,453.72,102.49,531.9633333333336,695.3433333333336,False,False,False,False,False,True,False,False,False,False
2026-03-01 04:00:00,0.96,94.2,21.3,75.7,219.9,883.84,17,0,4.36,496.52,39.69,-48.04,4,1,3,6,1,0.8660254037844386,0.5000000000000001,0.9973144772244581,-0.07323819712763173,1103.74,755.986301369863,4.1856,16.124100000000002,0.19923170311848806,622.51,103.26,602.6000000000003,866.1100000000002,False,False,False,False,False,True,False,False,False,False
2026-03-02 01:00:00,10.2,173.5,25.1,83.4,82.12,124.58,-6,0,4.1,428.83,29.9,-30.71,1,2,3,0,0,0.25881904510252074,0.9659258262890683,0.11320321376790689,-0.9935718556765875,206.7,19.317757009345794,41.81999999999999,20.933400000000002,0.39729075955491056,496.52,39.69,524.2500000000002,941.4700000000003,False,False,False,False,False,True,False,False,False,False
2026-03-02 06:00:00,9.2,101.8,26.9,94.6,468.03,835.09,-18,0,2.58,555.44,19.46,63.91,6,2,3,0,0,1.0,6.123233995736766e-17,0.978867388761685,-0.20449605184179034,1303.12,134.3422680412371,23.735999999999997,25.4474,0.3591610903063417,428.83,29.9,515.9533333333335,859.3000000000003,False,False,False,False,False,True,False,False,False,False
2026-03-02 20:00:00,7.36,336.1,23.4,70.6,171.3,223.5,-24,1,1.18,433.04,54.24,79.27,20,2,3,0,0,-0.8660254037844386,0.5000000000000001,-0.40514158677986256,0.9142539552342637,394.8,50.229007633587784,8.6848,16.5204,0.4338905775075988,555.44,19.46,493.59666666666686,871.186666666667,False,False,False,False,False,True,False,False,False,False
2026-03-03 06:00:00,1.95,97.3,19.3,81.7,450.36,365.61,-4,1,2.24,562.66,21.53,12.41,6,3,3,1,0,1.0,6.123233995736766e-17,0.9918944425900297,-0.1270646086013505,815.97,333.0489795918367,4.368,15.768100000000002,0.5519320563256002,433.04,54.24,472.4366666666669,634.8733333333336,False,False,False,False,False,True,False,False,False,False
2026-03-04 05:00:00,2.41,277.4,27.7,57.8,327.6,561.12,-19,1,3.49,700.98,86.05,-5.83,5,4,3,2,0,0.9659258262890683,0.25881904510252074,-0.9916711623830905,0.12879559657756257,888.72,305.40206185567007,8.410900000000002,16.0106,0.3686200378071834,562.66,21.53,517.046666666667,837.9633333333336,False,False,False,False,False,True,False,False,False,False
2026-01-01 00:00:00,2.03,51.9,15.7,51.9,338.02,1142.36,30,1,3.05,617.6,41.37,-30.11,0,1,1,3,0,0.0,1.0,0.7869350219613372,0.6170358751407488,1480.3799999999999,585.1304347826087,6.191499999999999,8.148299999999999,0.22833326578310975,554.7111643835617,64.41143835616438,554.784589041096,920.0449543378996,False,False,False,False,False,False,True,False,False,False
2026-01-01 04:00:00,8.47,52.8,22.5,44.5,126.75,461.73,-9,0,0.38,437.84,76.08,78.69,4,1,1,3,0,0.8660254037844386,0.5000000000000001,0.7965299180241963,0.6045991148623749,588.48,65.60535117056855,3.2186000000000003,10.0125,0.2153853996737357,617.6,41.37,617.6,1480.3799999999999,False,False,False,False,False,False,True,False,False,False
2026-01-01 07:00:00,10.54,56.4,22.2,72.8,185.55,727.82,-3,1,0.92,413.97,26.84,13.23,7,1,1,3,0,0.9659258262890683,-0.25881904510252063,0.8329212407100994,0.5533915492433441,913.3700000000001,82.73278985507248,9.6968,16.1616,0.20314877869866538,437.84,76.08,527.72,1034.4299999999998,False,False,False,False,False,False,True,False,False,False
2026-01-02 04:00:00,6.76,163.0,16.7,73.2,103.4,858.52,-28,0,0.97,627.93,17.15,-26.24,4,2,1,4,0,0.8660254037844386,0.5000000000000001,0.2923717047227366,-0.9563047559630355,961.92,132.49586776859505,6.5572,12.224400000000001,0.10749334664005324,413.97,26.84,489.80333333333334,994.0766666666667,False,False,False,False,False,False,True,False,False,False
2026-01-02 10:00:00,8.43,33.5,33.4,87.4,293.85,378.02,21,0,0.37,606.86,99.91,75.7,10,2,1,4,0,0.49999999999999994,-0.8660254037844387,0.5519369853120581,0.8338858220671682,671.87,75.23740201567749,3.1191,29.191599999999998,0.4373613943173531,627.93,17.15,493.2466666666666,821.2566666666667,False,False,False,False,False,False,True,False,False,False
2026-01-02 13:00:00,7.56,152.3,16.1,79.0,376.29,1051.13,-24,0,1.82,412.26,33.62,27.26,13,2,1,4,0,-0.2588190451025208,-0.9659258262890683,0.46484204572461946,-0.8853936257544159,1427.42,177.0992555831266,13.7592,12.719000000000001,0.2636154740721021,606.86,99.91,549.5866666666667,849.0533333333333,False,False,False,False,False,False,True,False,False,False
2026-01-03 00:00:00,4.62,236.1,11.2,46.4,437.23,437.45,-18,0,2.64,634.78,119.93,84.39,0,3,1,5,1,0.0,1.0,-0.8300122850953676,-0.55774510897969,874.6800000000001,170.8359375,12.196800000000001,5.1968,0.49987423972195544,412.26,33.62,549.0166666666667,1020.4033333333333,False,False,False,False,False,False,True,False,False,False
2026-01-03 20:00:00,4.4,38.5,16.6,46.3,68.22,910.43,-14,0,0.76,483.81,102.82,56.81,20,3,1,5,1,-0.8660254037844386,0.5000000000000001,0.6225146366376195,0.7826081568524139,978.65,199.72448979591834,3.3440000000000003,7.6858,0.06970827159863077,634.78,119.93,551.3,991.3233333333334,False,False,False,False,False,False,True,False,False,False
2026-01-04 08:00:00,8.09,314.9,30.1,40.7,420.39,574.89,-12,1,3.77,487.89,15.19,83.62,8,4,1,6,1,0.8660254037844387,-0.4999999999999998,-0.7083398377245289,0.7058715706786809,995.28,115.8649592549476,30.499299999999998,12.250700000000002,0.4223836508319267,483.81,102.82,510.2833333333333,1093.5833333333333,False,False,False,False,False,False,True,False,False,False
2026-01-04 22:00:00,1.96,296.3,29.0,80.2,212.21,1043.75,-29,1,2.47,552.98,91.46,-38.73,22,4,1,6,1,-0.5000000000000004,0.8660254037844384,-0.8964864303834407,0.4430711908241794,1255.96,510.5528455284553,4.841200000000001,23.258000000000003,0.16896238733717633,487.89,15.19,535.4933333333332,949.5366666666667,False,False,False,False,False,False,True,False,False,False
2026-01-05 01:00:00,8.95,145.9,11.3,85.8,218.63,717.78,-4,1,2.96,403.7,99.6,92.49,1,5,1,0,0,0.25881904510252074,0.9659258262890683,0.5606389945632417,-0.8280603346224944,936.41,99.09100529100529,26.491999999999997,9.695400000000001,0.23347678901335953,552.98,91.46,508.22666666666663,1076.63,False,False,False,False,False,False,True,False,False,False
2026-01-05 06:00:00,10.53,97.1,23.6,62.2,242.54,1057.12,18,0,3.67,400.15,67.72,34.2,6,5,1,0,0,1.0,6.123233995736766e-17,0.9923319378854888,-0.12360147674049249,1299.6599999999999,117.82955575702628,38.6451,14.679200000000002,0.1866180385639321,403.7,99.6,481.5233333333333,1062.55,False,False,False,False,False,False,True,False,False,False
2026-01-05 07:00:00,7.14,295.1,17.1,77.6,94.4,736.83,-14,0,0.36,423.22,105.36,49.15,7,5,1,0,0,0.9659258262890683,-0.25881904510252063,-0.9055687990111395,0.42419942274539024,831.23,108.79973821989529,2.5704,13.2696,0.11356664220492524,400.15,67.72,452.27666666666664,1164.01,False,False,False,False,False,False,True,False,False,False
2026-01-05 21:00:00,11.31,36.1,20.8,46.8,419.28,499.99,9,0,4.92,636.8,62.82,20.86,21,5,1,0,0,-0.7071067811865477,0.7071067811865474,0.5891963573533421,0.8079898838980305,919.27,77.83827265029636,55.6452,9.734399999999999,0.4561010366921579,423.22,105.36,409.0233333333333,1022.4333333333334,False,False,False,False,False,False,True,False,False,False
2026-01-05 22:00:00,9.18,97.8,16.9,61.3,107.58,510.81,-26,1,2.52,633.71,39.48,-19.9,22,5,1,0,0,-0.5000000000000004,0.8660254037844384,0.9907478404714436,-0.1357155724343043,618.39,63.88326446280992,23.133599999999998,10.359699999999998,0.17396788434483093,636.8,62.82,486.7233333333333,1016.7200000000001,False,False,False,False,False,False,True,False,False,False
2026-01-06 03:00:00,7.75,353.3,17.4,79.9,156.06,156.92,17,1,0.33,734.66,119.41,91.61,3,6,1,1,0,0.7071067811865475,0.7071067811865476,-0.11667073709933325,0.993170649538486,312.98,37.9369696969697,2.5575,13.9026,0.4986261102945875,633.71,39.48,564.5766666666667,789.6300000000001,False,False,False,False,False,False,True,False,False,False
2026-01-06 08:00:00,1.93,295.5,17.6,85.0,479.05,313.32,-24,0,0.64,566.16,19.86,47.21,8,6,1,1,0,0.8660254037844387,-0.4999999999999998,-0.9025852843498607,0.4305110968082948,792.37,326.07818930041157,1.2352,14.960000000000003,0.6045786690561228,734.66,119.41,668.39,616.8800000000001,False,False,False,False,False,False,True,False,False,False
2026-01-06 09:00:00,10.56,101.3,19.1,52.5,74.1,277.84,21,1,1.48,625.79,33.74,-32.34,9,6,1,1,0,0.7071067811865476,-0.7071067811865475,0.980614658546613,-0.19594614424251758,351.93999999999994,31.82097649186256,15.6288,10.027500000000002,0.21054725237256353,566.16,19.86,644.8433333333334,574.5800000000002,False,False,False,False,False,False,True,False,False,False
2026-01-06 11:00:00,2.54,20.4,34.7,76.1,289.45,667.1,-23,0,3.28,620.95,40.69,79.65,11,6,1,1,0,0.258819045102521,-0.9659258262890682,0.3485720473218152,0.9372819894918915,956.55,314.65460526315786,8.331199999999999,26.4067,0.3025978777899744,625.79,33.74,642.2033333333333,485.7633333333335,False,False,False,False,False,False,True,False,False,False
2026-01-06 21:00:00,11.43,130.0,14.8,49.6,159.04,419.53,-3,0,2.38,431.71,74.61,73.69,21,6,1,1,0,-0.7071067811865477,0.7071067811865474,0.766044443118978,-0.6427876096865394,578.5699999999999,48.49706621961441,27.2034,7.340800000000001,0.2748846293447638,620.95,40.69,604.3,700.2866666666667,False,False,False,False,False,False,True,False,False,False
2026-01-06 23:00:00,11.8,25.5,28.5,51.4,154.73,1129.55,7,0,3.59,402.16,92.47,-4.97,23,6,1,1,0,-0.25881904510252157,0.9659258262890681,0.43051109680829514,0.9025852843498606,1284.28,104.4130081300813,42.362,14.649,0.12047995764163577,431.71,74.61,559.4833333333333,629.0200000000001,False,False,False,False,False,False,True,False,False,False
2026-01-07 07:00:00,1.13,214.3,15.9,32.7,403.87,210.07,-12,0,2.14,400.62,69.75,92.31,7,7,1,2,0,0.9659258262890683,-0.25881904510252063,-0.5635260489375714,-0.8260982944957639,613.94,376.65030674846633,2.4182,5.199300000000001,0.6578330129980128,402.16,92.47,484.94000000000005,939.8000000000001,False,False,False,False,False,False,True,False,False,False
2026-01-08 00:00:00,5.26,306.6,22.4,31.9,98.1,1068.82,-1,0,1.27,644.05,92.2,28.13,0,8,1,3,0,0.0,1.0,-0.8028174751911145,0.5962248749656158,1166.9199999999998,202.59027777777777,6.6802,7.145599999999999,0.0840674596373359,400.62,69.75,411.49666666666667,825.5966666666668,False,False,False,False,False,False,True,False,False,False
2026-01-08 12:00:00,3.11,258.5,22.0,30.8,50.96,968.23,-21,1,3.2,410.52,34.62,-32.59,12,8,1,3,0,1.2246467991473532e-16,-1.0,-0.9799247046208296,-0.1993679344171973,1019.19,282.3240997229917,9.952,6.776,0.05000049058566116,644.05,92.2,482.27666666666664,1021.7133333333335,False,False,False,False,False,False,True,False,False,False
2026-01-08 21:00:00,5.07,298.8,25.1,30.3,259.15,786.87,-18,1,4.85,435.64,12.87,5.28,21,8,1,3,0,-0.7071067811865477,0.7071067811865474,-0.8763066800438634,0.4817536741017157,1046.02,187.79533213644524,24.5895,7.605300000000001,0.24774860901321197,410.52,34.62,485.06333333333333,933.35,False,False,False,False,False,False,True,False,False,False
2026-01-08 23:00:00,6.06,93.0,12.0,37.3,272.08,1130.45,-5,1,1.8,463.2,27.05,56.9,23,8,1,3,0,-0.25881904510252157,0.9659258262890681,0.9986295347545738,-0.05233595624294384,1402.53,213.8003048780488,10.908,4.476,0.1939922853700099,435.64,12.87,496.7366666666667,1077.3766666666668,False,False,False,False,False,False,True,False,False,False
2026-01-09 20:00:00,3.91,329.3,14.1,50.9,277.4,173.73,-5,1,0.02,567.82,91.28,31.68,20,9,1,4,0,-0.8660254037844386,0.5000000000000001,-0.5105429179116056,0.8598522715968736,451.13,102.297052154195,0.0782,7.1769,0.6149003613149203,463.2,27.05,436.4533333333333,1155.9133333333334,False,False,False,False,False,False,True,False,False,False
2026-01-10 01:00:00,6.46,195.5,27.3,89.3,175.42,1172.36,-23,1,2.32,726.82,94.39,78.88,1,10,1,5,1,0.25881904510252074,0.9659258262890683,-0.2672383760782568,-0.9636304532086231,1347.78,193.64655172413794,14.9872,24.378899999999998,0.13015477303417472,567.82,91.28,488.8866666666667,966.5600000000001,False,False,False,False,False,False,True,False,False,False
2026-01-10 08:00:00,4.89,79.4,14.4,66.0,324.58,572.87,-10,0,1.35,418.44,10.0,-46.11,8,10,1,5,1,0.8660254037844387,-0.4999999999999998,0.9829353491495543,0.18395135061272003,897.45,166.50278293135437,6.6015,9.504,0.3616691737701264,726.82,94.39,585.9466666666667,1067.1466666666668,False,False,False,False,False,False,True,False,False,False
2026-01-10 11:00:00,0.55,333.6,21.2,80.5,403.34,763.64,-6,0,2.93,441.18,94.39,12.01,11,10,1,5,1,0.258819045102521,-0.9659258262890682,-0.44463517918492745,0.8957117602394129,1166.98,1111.4095238095238,1.6115000000000002,17.066,0.345627174416014,418.44,10.0,571.0266666666668,898.7866666666669,False,False,False,False,False,False,True,False,False,False
2026-01-10 20:00:00,1.63,39.4,14.9,64.3,134.34,1005.33,15,0,2.29,620.76,68.93,45.42,20,10,1,5,1,-0.8660254037844386,0.5000000000000001,0.6347305132022676,0.7727335734973511,1139.67,535.0563380281691,3.7327,9.5807,0.11787622732896365,441.18,94.39,528.8133333333334,1137.4033333333334,False,False,False,False,False,False,True,False,False,False
2026-01-12 09:00:00,2.11,132.7,20.1,85.3,216.64,1149.42,4,0,0.9,488.5,93.05,-27.22,9,12,1,0,0,0.7071067811865476,-0.7071067811865475,0.73491459514996,-0.6781596698680704,1366.06,523.3946360153257,1.899,17.1453,0.1585874705357012,620.76,68.93,493.46000000000004,1068.0333333333335,False,False,False,False,False,False,True,False,False,False
2026-01-12 15:00:00,2.05,277.9,19.2,30.8,460.15,315.84,19,1,4.18,644.51,59.4,29.59,15,12,1,0,0,-0.7071067811865471,-0.7071067811865479,-0.9905094632383089,0.1374445460371459,775.99,304.30980392156863,8.568999999999999,5.9136,0.5929844456758463,488.5,93.05,516.8133333333334,1224.236666666667,False,False,False,False,False,False,True,False,False,False
2026-01-13 20:00:00,7.02,165.4,18.4,52.1,155.96,1156.01,-22,0,0.51,526.58,101.29,78.37,20,13,1,1,0,-0.8660254037844386,0.5000000000000001,0.25206935824311344,-0.9677091704819712,1311.97,174.46409574468086,3.5802,9.5864,0.11887466939030618,644.51,59.4,584.59,1093.9066666666668,False,False,False,False,False,False,True,False,False,False
2026-01-14 09:00:00,3.78,346.4,33.7,52.1,244.28,1120.77,-13,1,1.28,745.46,26.69,79.22,9,14,1,2,0,0.7071067811865476,-0.7071067811865475,-0.2351421131025906,0.9719610005785461,1365.05,318.9369158878505,4.8384,17.5577,0.17895315189919783,526.58,101.29,553.1966666666666,1151.3400000000001,False,False,False,False,False,False,True,False,False,False
2026-01-14 19:00:00,5.18,271.3,30.5,34.8,272.36,786.72,0,1,1.22,444.89,38.08,-9.39,19,14,1,2,0,-0.9659258262890684,0.2588190451025203,-0.9997426093226983,0.022687333572781538,1059.08,186.45774647887325,6.319599999999999,10.613999999999999,0.2571665974241795,745.46,26.69,638.85,1151.0033333333336,False,False,False,False,False,False,True,False,False,False
2026-01-14 21:00:00,10.81,196.9,16.0,82.8,294.89,1020.38,26,0,3.1,567.01,80.98,28.05,21,14,1,2,0,-0.7071067811865477,0.7071067811865474,-0.2907021935982526,-0.9568135840576073,1315.27,116.29266136162687,33.511,13.248,0.22420491610087662,444.89,38.08,572.31,1245.3666666666668,False,False,False,False,False,False,True,False,False,False
2026-01-15 04:00:00,9.82,32.7,18.9,63.6,235.74,583.44,1,1,0.87,523.38,50.74,17.07,4,15,1,3,0,0.8660254037844386,0.5000000000000001,0.540240320477655,0.8415107819453062,819.1800000000001,79.37790697674419,8.5434,12.0204,0.28777558045850726,567.01,80.98,585.7866666666667,1246.4666666666667,False,False,False,False,False,False,True,False,False,False
2026-01-15 11:00:00,2.78,128.2,13.0,76.2,391.46,472.55,19,0,3.63,598.59,56.72,3.51,11,15,1,3,0,0.258819045102521,-0.9659258262890682,0.7858568931754021,-0.618408395357554,864.01,263.4176829268293,10.091399999999998,9.906,0.45307345979791896,523.38,50.74,511.76,1064.5100000000002,False,False,False,False,False,False,True,False,False,False
2026-01-15 14:00:00,6.88,230.1,31.0,59.5,318.59,1064.53,-27,1,4.56,451.39,38.32,-8.36,14,15,1,3,0,-0.4999999999999997,-0.8660254037844388,-0.7671651518152993,-0.6414496315691581,1383.12,187.41463414634146,31.372799999999998,18.445,0.23034154664815779,598.59,56.72,562.9933333333333,999.4866666666668,False,False,False,False,False,False,True,False,False,False
2026-01-16 09:00:00,10.69,141.9,21.6,50.5,312.52,932.69,27,0,1.74,462.24,89.99,71.98,9,16,1,4,0,0.7071067811865476,-0.7071067811865475,0.6170358751407486,-0.7869350219613372,1245.21,111.27882037533513,18.6006,10.908000000000001,0.2509777467254519,451.39,38.32,524.4533333333334,1022.1033333333335,False,False,False,False,False,False,True,False,False,False
2026-01-16 14:00:00,11.22,304.8,23.2,44.3,189.39,236.27,-29,1,2.31,643.03,17.3,88.48,14,16,1,4,0,-0.4999999999999997,-0.8660254037844388,-0.8211492091337039,0.5707135676844318,425.65999999999997,36.31911262798634,25.918200000000002,10.2776,0.44493257529483626,462.24,89.99,504.0733333333333,1164.1133333333335,False,False,False,False,False,False,True,False,False,False
2026-01-17 00:00:00,2.09,38.5,30.5,32.0,467.83,1049.79,7,1,2.05,589.25,84.27,-38.38,0,17,1,5,1,0.0,1.0,0.6225146366376195,0.7826081568524139,1517.62,585.953667953668,4.2844999999999995,9.76,0.3082655737272835,643.03,17.3,518.8866666666667,1017.9966666666668,False,False,False,False,False,False,True,False,False,False
2026-01-17 05:00:00,9.22,165.8,28.7,63.6,209.42,1153.6,-18,0,1.5,686.52,88.94,-32.85,5,17,1,5,1,0.9659258262890683,0.25881904510252074,0.24530738587880238,-0.969445349895139,1363.02,140.22839506172838,13.830000000000002,18.2532,0.153644113806107,589.25,84.27,564.84,1062.8300000000002,False,False,False,False,False,False,True,False,False,False
2026-01-17 18:00:00,5.03,273.4,20.4,55.9,83.76,790.18,2,1,4.54,487.01,70.7,1.74,18,17,1,5,1,-1.0,-1.8369701987210297e-16,-0.9982398279237653,0.0593063735759613,873.9399999999999,158.03616636528028,22.8362,11.403599999999999,0.09584181980456326,686.52,88.94,639.5999999999999,1102.1000000000001,False,False,False,False,False,False,True,False,False,False
2026-01-17 21:00:00,8.89,7.6,11.9,69.8,112.79,704.18,-19,0,0.82,440.13,94.99,-48.98,21,17,1,5,1,-0.7071067811865477,0.7071067811865474,0.13225639025712244,0.9912155402515417,816.9699999999999,87.0042598509052,7.2898,8.3062,0.13805892505232753,487.01,70.7,587.5933333333334,1251.5266666666669,False,False,False,False,False,False,True,False,False,False
2026-01-18 11:00:00,4.76,326.1,32.6,76.6,460.07,976.96,-3,1,2.08,679.29,37.91,47.47,11,18,1,6,1,0.258819045102521,-0.9659258262890682,-0.55774510897969,0.8300122850953675,1437.03,273.1996197718631,9.9008,24.9716,0.32015337188506854,440.13,94.99,537.8866666666667,1017.9766666666668,False,False,False,False,False,False,True,False,False,False
2026-01-18 15:00:00,2.6,29.5,25.6,82.7,442.03,426.79,-30,1,2.81,604.09,17.06,59.55,15,18,1,6,1,-0.7071067811865471,-0.7071067811865479,0.49242356010346716,0.8703556959398997,868.8199999999999,280.26451612903224,7.306,21.171200000000002,0.5087705163324969,679.29,37.91,535.4766666666666,1042.6466666666668,False,False,False,False,False,False,True,False,False,False
2026-01-19 08:00:00,11.37,288.8,22.8,55.5,483.03,460.3,-26,0,1.24,709.07,99.75,4.22,8,19,1,0,0,0.8660254037844387,-0.4999999999999998,-0.9466492601156964,0.3222656952305109,943.3299999999999,79.47177759056444,14.098799999999999,12.654000000000002,0.5120477457517518,604.09,17.06,574.5033333333333,1040.94,False,False,False,False,False,False,True,False,False,False
2026-01-20 04:00:00,8.61,281.9,14.1,77.7,146.51,621.16,-29,0,0.21,647.51,25.22,78.03,4,20,1,1,0,0.8660254037844386,0.5000000000000001,-0.9785089851017785,0.20620418539662896,767.67,84.26673984632272,1.8080999999999998,10.9557,0.19085023512707283,709.07,99.75,664.1500000000001,1083.0600000000002,False,False,False,False,False,False,True,False,False,False
2026-01-20 14:00:00,4.91,67.4,28.8,41.0,222.06,755.75,-29,0,2.83,661.52,103.14,-3.75,14,20,1,1,0,-0.4999999999999997,-0.8660254037844388,0.9232102171129809,0.38429532265980365,977.81,180.7412199630314,13.8953,11.808,0.22709933422648573,647.51,25.22,653.5566666666667,859.94,False,False,False,False,False,False,True,False,False,False
2026-01-21 11:00:00,10.69,189.7,24.4,43.0,397.31,849.25,-9,0,4.9,504.27,106.97,82.23,11,21,1,2,0,0.258819045102521,-0.9659258262890682,-0.16848937956500215,-0.9857034690888536,1246.56,111.39946380697052,52.381,10.492,0.3187251315620588,661.52,103.14,672.6999999999999,896.2700000000001,False,False,False,False,False,False,True,False,False,False
2026-01-21 13:00:00,11.56,61.5,34.1,81.9,326.37,766.08,-22,0,3.58,575.65,104.2,-5.67,13,21,1,2,0,-0.2588190451025208,-0.9659258262890683,0.8788171126619654,0.4771587602596084,1092.45,90.58457711442786,41.384800000000006,27.927900000000005,0.298750514897707,504.27,106.97,604.4333333333333,997.3466666666668,False,False,False,False,False,False,True,False,False,False
2026-01-21 16:00:00,3.61,213.7,33.4,57.9,264.17,405.71,-13,1,1.11,447.19,44.6,85.52,16,21,1,2,0,-0.8660254037844384,-0.5000000000000004,-0.554844427447999,-0.8319541221304827,669.88,162.98783454987836,4.0071,19.3386,0.394354212694811,575.65,104.2,580.48,1105.6066666666668,False,False,False,False,False,False,True,False,False,False
2026-01-21 17:00:00,3.36,75.6,23.2,56.5,479.46,1079.35,11,1,2.22,649.03,35.05,48.9,17,21,1,2,0,-0.9659258262890683,-0.25881904510252063,0.9685831611286311,0.24868988716485496,1558.81,403.83678756476684,7.4592,13.107999999999999,0.3075807827766052,447.19,44.6,509.0366666666667,1002.9633333333335,False,False,False,False,False,False,True,False,False,False
2026-01-22 08:00:00,6.31,87.6,20.4,78.0,485.54,986.25,22,1,4.25,661.47,40.9,-2.82,8,22,1,3,0,0.8660254037844387,-0.4999999999999998,0.9991228300988584,0.04187565372919975,1471.79,216.12187958883996,26.8175,15.911999999999999,0.32989760767500803,649.03,35.05,557.29,1107.0466666666669,False,False,False,False,False,False,True,False,False,False
2026-01-22 20:00:00,9.93,144.8,23.4,81.5,347.98,487.01,8,0,2.56,448.76,12.49,74.53,20,22,1,3,0,-0.8660254037844386,0.5000000000000001,0.576432316169793,-0.8171448983351287,834.99,80.05656759348035,25.4208,19.070999999999998,0.4167475059581552,661.47,40.9,585.8966666666666,1233.4933333333336,False,False,False,False,False,False,True,False,False,False
2026-01-22 22:00:00,5.32,178.7,10.8,89.1,299.76,778.57,24,1,4.73,403.34,99.14,68.52,22,22,1,3,0,-0.5000000000000004,0.8660254037844384,0.0226873335727814,-0.9997426093226983,1078.33,185.2800687285223,25.163600000000002,9.6228,0.2779854033551881,448.76,12.49,586.4200000000001,1288.53,False,False,False,False,False,False,True,False,False,False
2026-01-23 02:00:00,6.4,278.2,11.8,31.5,487.63,798.53,-11,1,4.45,622.22,81.2,17.88,2,23,1,4,0,0.49999999999999994,0.8660254037844387,-0.989776230907789,0.14262893370551144,1286.1599999999999,186.39999999999998,28.480000000000004,3.7170000000000005,0.3791363438452448,403.34,99.14,504.52333333333337,1128.3700000000001,False,False,False,False,False,False,True,False,False,False
2026-01-23 06:00:00,5.51,134.4,20.6,85.0,55.02,211.73,20,0,1.13,697.41,95.39,-34.26,6,23,1,4,0,1.0,6.123233995736766e-17,0.7144726796328033,-0.6996633405133655,266.75,44.384359400998335,6.226299999999999,17.51,0.2062605435801312,622.22,81.2,491.44000000000005,1066.4933333333336,False,False,False,False,False,False,True,False,False,False
2026-01-23 13:00:00,0.5,226.2,13.5,90.3,227.58,634.05,16,1,1.62,431.21,18.13,-11.81,13,23,1,4,0,-0.2588190451025208,-0.9659258262890683,-0.7217602280983622,-0.6921431738704069,861.63,861.63,0.81,12.1905,0.26412729361791026,697.41,95.39,574.3233333333334,877.0800000000003,False,False,False,False,False,False,True,False,False,False
2026-01-24 05:00:00,1.77,34.1,14.1,75.2,399.72,158.27,-6,0,3.26,677.22,118.49,-27.6,5,24,1,5,1,0.9659258262890683,0.25881904510252074,0.5606389945632417,0.8280603346224944,557.99,245.81057268722466,5.7702,10.6032,0.7163569239592108,431.21,18.13,583.6133333333333,804.8466666666668,False,False,False,False,False,False,True,False,False,False
2026-01-24 12:00:00,5.01,259.2,17.6,43.0,252.98,330.36,-6,0,0.34,482.3,59.52,3.23,12,24,1,5,1,1.2246467991473532e-16,-1.0,-0.9822872507286887,-0.18738131458572463,583.34,105.86932849364793,1.7034,7.5680000000000005,0.43367504371378607,677.22,118.49,601.9466666666667,562.1233333333334,False,False,False,False,False,False,True,False,False,False
2026-01-24 16:00:00,8.27,121.5,13.2,46.2,300.99,953.75,-25,0,4.11,572.56,15.48,8.04,16,24,1,5,1,-0.8660254037844384,-0.5000000000000004,0.8526401643540923,-0.5224985647159488,1254.74,143.07183580387687,33.9897,6.098400000000001,0.23988236606787064,482.3,59.52,530.2433333333335,667.6533333333335,False,False,False,False,False,False,True,False,False,False
2026-01-24 23:00:00,11.87,77.6,14.9,38.4,369.45,1005.8,-12,0,0.79,603.89,38.18,4.91,23,24,1,5,1,-0.25881904510252157,0.9659258262890681,0.9766722783341679,0.21473532716706334,1375.25,111.17623282134197,9.3773,5.7216,0.2686420650790765,572.56,15.48,577.36,798.6900000000002,False,False,False,False,False,False,True,False,False,False
2026-01-26 04:00:00,6.17,348.0,10.6,56.3,372.26,189.53,-10,1,0.42,418.6,85.08,41.03,4,26,1,0,0,0.8660254037844386,0.5000000000000001,-0.20791169081775987,0.9781476007338056,561.79,84.2263868065967,2.5913999999999997,5.9677999999999995,0.6626319443208316,603.89,38.18,552.9166666666666,1071.1100000000004,False,False,False,False,False,False,True,False,False,False
2026-01-27 14:00:00,4.84,196.5,20.3,70.1,479.59,254.36,3,0,2.15,658.24,116.87,-27.16,14,27,1,1,0,-0.4999999999999997,-0.8660254037844388,-0.28401534470392276,-0.958819734868193,733.95,137.4438202247191,10.405999999999999,14.2303,0.653436882621432,418.6,85.08,531.6833333333334,1063.926666666667,False,False,False,False,False,False,True,False,False,False
2026-01-28 08:00:00,11.49,89.1,24.2,73.8,434.57,825.7,20,0,1.13,470.19,102.3,69.75,8,28,1,2,0,0.8660254037844387,-0.4999999999999998,0.9998766324816606,0.01570731731182087,1260.27,105.11009174311926,12.983699999999999,17.859599999999997,0.34482293476794657,658.24,116.87,560.2433333333335,890.3300000000003,False,False,False,False,False,False,True,False,False,False
2026-01-28 16:00:00,9.28,214.7,13.0,72.3,472.02,170.66,-6,1,1.45,612.37,110.37,16.66,16,28,1,2,0,-0.8660254037844384,-0.5000000000000004,-0.5692795234308441,-0.8221440410307375,642.68,65.71370143149284,13.456,9.399,0.7344557166863759,470.19,102.3,515.6766666666667,852.0033333333334,False,False,False,False,False,False,True,False,False,False
2026-01-29 10:00:00,4.59,128.4,14.8,64.5,67.41,1013.64,26,0,4.83,681.78,88.31,28.26,10,29,1,3,0,0.49999999999999994,-0.8660254037844387,0.7836934573258398,-0.6211477802783103,1081.05,212.38703339882122,22.1697,9.546,0.06235604273622867,612.37,110.37,580.2666666666668,878.9666666666668,False,False,False,False,False,False,True,False,False,False
2026-01-29 23:00:00,9.98,320.3,11.1,49.4,469.47,1090.95,17,0,0.81,699.9,34.2,-29.18,23,29,1,3,0,-0.25881904510252157,0.9659258262890681,-0.6387678175155975,0.7693995550468952,1560.42,148.89503816793894,8.0838,5.4834,0.3008613065713077,681.78,88.31,588.1133333333333,994.6666666666666,False,False,False,False,False,False,True,False,False,False
2026-01-30 04:00:00,1.76,165.5,12.6,64.8,281.14,601.72,-28,1,2.09,453.1,80.28,28.4,4,30,1,4,0,0.8660254037844386,0.5000000000000001,0.25038000405444133,-0.9681476403781077,882.86,390.6460176991151,3.6784,8.1648,0.31844233513807396,699.9,34.2,664.6833333333334,1094.716666666667,False,False,False,False,False,False,True,False,False,False
2026-01-30 18:00:00,1.53,158.6,16.4,61.7,107.53,689.08,1,1,0.18,488.49,52.3,20.63,18,30,1,4,0,-1.0,-1.8369701987210297e-16,0.36487678433761966,-0.9310558158625283,796.61,392.41871921182263,0.2754,10.1188,0.13498449680521207,453.1,80.28,611.5933333333334,1174.7766666666669,False,False,False,False,False,False,True,False,False,False
2026-01-31 14:00:00,9.24,274.3,12.8,64.3,324.15,959.07,-13,0,1.34,455.21,17.53,68.84,14,31,1,5,1,-0.4999999999999997,-0.8660254037844388,-0.9971851335251157,0.07497872682632817,1283.22,131.74743326488706,12.3816,8.2304,0.25260672371066534,488.49,52.3,547.1633333333334,1079.9633333333334,False,False,False,False,False,False,True,False,False,False
2026-01-31 15:00:00,4.4,181.8,20.3,63.6,173.71,503.33,-24,0,0.61,539.46,104.05,-37.29,15,31,1,5,1,-0.7071067811865471,-0.7071067811865479,-0.03141075907812844,-0.9995065603657316,677.04,138.17142857142855,2.684,12.910800000000002,0.2565727283469219,455.21,17.53,465.6000000000001,987.5633333333335,False,False,False,False,False,False,True,False,False,False
2026-02-02 12:00:00,6.05,292.1,25.0,82.9,451.15,425.53,7,1,4.26,653.47,89.83,-48.35,12,2,2,0,0,1.2246467991473532e-16,-1.0,-0.9265286308718371,0.37622426313936624,876.68,133.8442748091603,25.773,20.725,0.5146119450654743,539.46,104.05,494.38666666666677,918.9566666666666,False,False,False,False,False,False,True,False,False,False
2026-02-02 18:00:00,5.96,236.9,34.6,60.2,225.82,876.05,-8,0,1.81,505.37,88.78,-22.79,18,2,2,0,0,-1.0,-1.8369701987210297e-16,-0.837718716620439,-0.5461019610144289,1101.87,170.56811145510835,10.7876,20.8292,0.2049425068292993,653.47,89.83,549.3800000000001,945.6466666666666,False,False,False,False,False,False,True,False,False,False
2026-02-02 20:00:00,6.54,233.1,14.0,87.5,160.98,421.57,10,0,0.07,541.61,107.81,-0.34,20,2,2,0,0,-0.8660254037844386,0.5000000000000001,-0.7996846584870905,-0.6004202253258841,582.55,82.74857954545453,0.45780000000000004,12.25,0.27633679512488196,505.37,88.78,566.1,885.1966666666667,False,False,False,False,False,False,True,False,False,False
2026-02-03 03:00:00,0.95,45.7,27.7,36.9,306.2,197.14,-2,0,3.29,694.51,67.61,17.08,3,3,2,1,0,0.7071067811865475,0.7071067811865476,0.7156927337037359,0.698415285431006,503.34,347.1310344827586,3.1254999999999997,10.2213,0.6083363134263122,541.61,107.81,566.8166666666667,853.6999999999999,False,False,False,False,False,False,True,False,False,False
2026-02-03 06:00:00,8.13,224.1,27.2,69.9,445.41,341.73,20,0,1.87,572.34,50.52,98.55,6,3,2,1,0,1.0,6.123233995736766e-17,-0.6959127965923143,-0.7181262977631889,787.1400000000001,91.20973348783315,15.203100000000003,19.012800000000002,0.5658586782529156,694.51,67.61,580.4966666666668,729.2533333333334,False,False,False,False,False,False,True,False,False,False
2026-02-03 09:00:00,2.26,176.9,29.6,70.5,146.23,332.68,-30,0,4.38,720.47,35.75,21.45,9,3,2,1,0,0.7071067811865476,-0.7071067811865475,0.054078812984775154,-0.9985366703262117,478.90999999999997,173.518115942029,9.8988,20.868000000000002,0.3053392077843436,572.34,50.52,602.82,624.3433333333334,False,False,False,False,False,False,True,False,False,False
2026-02-04 21:00:00,5.51,76.2,31.0,69.7,68.9,1026.43,8,0,4.41,629.31,49.71,-31.13,21,4,2,2,0,-0.7071067811865477,0.7071067811865474,0.9711342799096361,0.23853345757858083,1095.3300000000002,182.25124792013315,24.2991,21.607000000000003,0.06290341723498853,720.47,35.75,662.44,589.7966666666667,False,False,False,False,False,False,True,False,False,False
2026-02-05 00:00:00,11.2,24.0,15.8,34.9,257.15,117.79,28,0,3.41,456.48,112.86,2.49,0,5,2,3,0,0.0,1.0,0.4067366430758002,0.9135454576426009,374.94,32.04615384615385,38.192,5.5142,0.6858430682242491,629.31,49.71,640.7066666666667,787.1266666666667,False,False,False,False,False,False,True,False,False,False
2026-02-05 02:00:00,3.48,8.9,30.7,87.9,117.22,113.92,5,1,3.98,683.12,11.56,-35.07,2,5,2,3,0,0.49999999999999994,0.8660254037844387,0.1547103862994681,0.9879598657693891,231.14,58.075376884422106,13.8504,26.985300000000002,0.507138530760578,456.48,112.86,602.0866666666667,649.7266666666668,False,False,False,False,False,False,True,False,False,False
2026-02-06 22:00:00,6.86,202.4,20.9,56.1,170.45,1164.05,-29,1,2.17,722.99,94.25,-15.68,22,6,2,4,0,-0.5000000000000004,0.8660254037844384,-0.3810703763502741,-0.9245460336123131,1334.5,181.3179347826087,14.8862,11.7249,0.12772573997751965,683.12,11.56,589.6366666666667,567.1366666666668,False,False,False,False,False,False,True,False,False,False
2026-02-07 11:00:00,3.26,31.2,12.6,38.7,328.12,1004.66,18,1,4.36,601.58,11.64,83.01,11,7,2,5,1,0.258819045102521,-0.9659258262890682,0.5180270093731302,0.8553642601605066,1332.78,354.46276595744683,14.2136,4.8762,0.24619216975044644,722.99,94.25,620.8633333333333,646.86,False,False,False,False,False,False,True,False,False,False
2026-02-08 17:00:00,8.56,13.1,26.6,36.8,245.13,406.58,-22,0,1.41,537.56,19.55,53.83,17,8,2,6,1,-0.9659258262890683,-0.25881904510252063,0.22665130743685502,0.9739759672790517,651.71,71.93267108167771,12.0696,9.7888,0.37613355633640727,601.58,11.64,669.23,966.14,False,False,False,False,False,False,True,False,False,False
2026-02-08 22:00:00,9.21,180.6,14.3,77.0,389.21,271.24,-17,0,0.05,650.71,81.44,-49.15,22,8,2,6,1,-0.5000000000000004,0.8660254037844384,-0.010471784116245463,-0.9999451693655121,660.45,68.01750772399588,0.4605000000000001,11.011000000000001,0.5893103187220834,537.56,19.55,620.71,1106.33,False,False,False,False,False,False,True,False,False,False
2026-02-09 03:00:00,6.08,194.7,26.4,78.2,335.4,321.88,-17,0,1.82,718.4,106.38,42.72,3,9,2,0,0,0.7071067811865475,0.7071067811865476,-0.25375794458480555,-0.9672677527758768,657.28,99.89057750759878,11.0656,20.6448,0.5102848101265822,650.71,81.44,596.6166666666667,881.6466666666666,False,False,False,False,False,False,True,False,False,False
2026-02-09 09:00:00,10.3,251.8,15.8,55.1,433.08,912.01,-5,1,3.04,484.64,20.33,-34.27,9,9,2,0,0,0.7071067811865476,-0.7071067811865475,-0.9499720515246526,-0.3123349185122325,1345.09,124.54537037037035,31.312,8.7058,0.3219710205265075,718.4,106.38,635.5566666666667,656.48,False,False,False,False,False,False,True,False,False,False
2026-02-09 14:00:00,11.58,230.2,27.0,48.6,303.44,890.67,-22,0,3.82,580.9,113.11,15.58,14,9,2,0,0,-0.4999999999999997,-0.8660254037844388,-0.768283523593523,-0.6401096994849559,1194.11,98.8501655629139,44.2356,13.122,0.25411394260160286,484.64,20.33,617.9166666666666,887.6066666666666,False,False,False,False,False,False,True,False,False,False
2026-02-09 21:00:00,1.95,285.9,27.6,62.6,473.89,846.19,-12,0,4.46,513.48,104.13,-0.15,21,9,2,0,0,-0.7071067811865477,0.7071067811865474,-0.9617413095492116,0.2739592186924319,1320.08,538.808163265306,8.697,17.277600000000003,0.35898581904127025,580.9,113.11,594.6466666666666,1065.493333333333,False,False,False,False,False,False,True,False,False,False
2026-02-10 03:00:00,10.84,322.7,33.0,64.5,206.04,324.48,-8,0,3.92,686.91,119.48,87.1,3,10,2,1,0,0.7071067811865475,0.7071067811865476,-0.6059884002657115,0.7954734808548956,530.52,46.783068783068785,42.492799999999995,21.285,0.3883736711151323,513.48,104.13,526.34,1286.4266666666665,False,False,False,False,False,False,True,False,False,False
2026-02-11 10:00:00,6.69,199.9,11.0,63.0,338.96,920.01,-3,0,2.94,476.37,85.03,95.59,10,11,2,2,0,0.49999999999999994,-0.8660254037844387,-0.34037955021305016,-0.9402881270104189,1258.97,175.1001390820584,19.6686,6.93,0.2692359627314392,686.91,119.48,593.7633333333334,1014.9033333333333,False,False,False,False,False,False,True,False,False,False
2026-02-12 09:00:00,11.8,268.3,20.2,44.0,225.33,384.78,-30,1,1.9,453.42,31.05,-48.56,9,12,2,3,0,0.7071067811865476,-0.7071067811865475,-0.999559860119384,-0.02966624408511087,610.11,49.60243902439024,22.42,8.888,0.36932684270049665,476.37,85.03,558.9200000000001,1036.5233333333333,False,False,False,False,False,False,True,False,False,False
2026-02-12 16:00:00,10.5,238.1,17.6,52.9,61.16,602.68,-13,0,4.76,528.64,71.68,28.39,16,12,2,3,0,-0.8660254037844384,-0.5000000000000004,-0.8489716876291414,-0.5284383347223472,663.8399999999999,60.349090909090904,49.98,9.310400000000001,0.09213063388768379,453.42,31.05,538.9,799.8666666666667,False,False,False,False,False,False,True,False,False,False
2026-02-12 20:00:00,4.25,255.2,10.4,46.8,347.51,828.08,27,0,3.25,727.85,47.75,7.82,20,12,2,3,0,-0.8660254037844386,0.5000000000000001,-0.9668233886044594,-0.2554457579357906,1175.5900000000001,247.4926315789474,13.8125,4.8671999999999995,0.2956047601629819,528.64,71.68,486.14333333333343,844.3066666666667,False,False,False,False,False,False,True,False,False,False
2026-02-13 15:00:00,5.32,80.5,21.3,78.6,324.36,459.92,-7,0,3.11,488.77,10.68,21.92,15,13,2,4,0,-0.7071067811865471,-0.7071067811865479,0.9862856015372314,0.1650476058606776,784.28,134.75601374570445,16.5452,16.741799999999998,0.4135767838017035,727.85,47.75,569.9700000000001,816.5133333333333,False,False,False,False,False,False,True,False,False,False
2026-02-13 23:00:00,4.73,337.8,13.8,71.5,175.75,922.9,11,1,1.37,495.49,86.13,-44.42,23,13,2,4,0,-0.25881904510252157,0.9659258262890681,-0.3778407868184672,0.9258705848099947,1098.65,210.06692160611854,6.480100000000001,9.867,0.15996905292859417,488.77,10.68,581.7533333333334,874.57,False,False,False,False,False,False,True,False,False,False
2026-02-14 11:00:00,11.62,200.8,34.5,36.9,373.04,250.77,-8,1,2.89,412.57,88.69,1.4,11,14,2,5,1,0.258819045102521,-0.9659258262890682,-0.355106962408137,-0.9348256763960144,623.8100000000001,51.46947194719473,33.5818,12.7305,0.5980025969445825,495.49,86.13,570.7033333333334,1019.5066666666668,False,False,False,False,False,False,True,False,False,False
2026-02-14 21:00:00,10.0,57.5,14.6,39.5,186.18,782.62,7,1,1.84,720.6,51.27,0.94,21,14,2,5,1,-0.7071067811865477,0.7071067811865474,0.8433914458128857,0.5372996083468239,968.8,92.26666666666667,18.400000000000002,5.7669999999999995,0.19217588769611893,412.57,88.69,465.61000000000007,835.58,False,False,False,False,False,False,True,False,False,False
2026-02-14 23:00:00,1.13,102.7,10.5,91.6,247.25,774.61,13,0,4.24,516.61,24.69,78.73,23,14,2,5,1,-0.25881904510252157,0.9659258262890681,0.9755345439458566,-0.21984620435283744,1021.86,626.9079754601228,4.7912,9.618,0.2419607382616014,720.6,51.27,542.8866666666668,897.0866666666667,False,False,False,False,False,False,True,False,False,False
2026-02-15 19:00:00,10.75,113.7,18.2,91.0,53.71,375.41,20,1,4.6,677.9,63.68,95.13,19,15,2,6,1,-0.9659258262890684,0.2588190451025203,0.9156625933395611,-0.4019477766559601,429.12,38.144,49.449999999999996,16.562,0.12516312453392991,516.61,24.69,549.9266666666667,871.4900000000001,False,False,False,False,False,False,True,False,False,False
2026-02-15 20:00:00,5.79,262.5,24.7,65.3,445.87,696.97,-15,0,0.21,524.8,89.51,-8.39,20,15,2,6,1,-0.8660254037844386,0.5000000000000001,-0.9914448613738104,-0.13052619222005163,1142.8400000000001,181.69157392686807,1.2159,16.129099999999998,0.39014210213153194,677.9,63.68,638.3700000000001,806.5933333333334,False,False,False,False,False,False,True,False,False,False
2026-02-16 03:00:00,2.62,109.3,27.3,63.6,193.07,291.79,22,0,0.77,445.07,83.24,66.33,3,16,2,0,0,0.7071067811865475,0.7071067811865476,0.9438009515832295,-0.3305143927132229,484.86,155.40384615384616,2.0174000000000003,17.3628,0.39819741781132695,524.8,89.51,573.1033333333334,864.6066666666667,False,False,False,False,False,False,True,False,False,False
2026-02-16 04:00:00,0.95,143.5,11.8,31.0,299.22,970.73,10,0,1.51,492.85,39.97,44.64,4,16,2,0,0,0.8660254037844386,0.5000000000000001,0.5948227867513413,-0.8038568606172173,1269.95,875.8275862068966,1.4344999999999999,3.658,0.235615575416355,445.07,83.24,549.2566666666668,685.6066666666667,False,False,False,False,False,False,True,False,False,False
2026-02-16 06:00:00,9.41,168.3,29.3,63.4,69.05,555.01,-14,1,0.82,731.18,21.43,96.28,6,16,2,0,0,1.0,6.123233995736766e-17,0.20278729535651233,-0.9792228106217659,624.06,62.972754793138236,7.7162,18.5762,0.11064641220395476,492.85,39.97,487.57333333333344,965.8833333333336,False,False,False,False,False,False,True,False,False,False
2026-02-16 10:00:00,5.43,35.3,10.7,57.0,348.95,841.43,-25,1,0.03,574.56,19.76,90.89,10,16,2,0,0,0.49999999999999994,-0.8660254037844387,0.5778576243835053,0.8161375900801603,1190.3799999999999,200.73861720067453,0.1629,6.099,0.29314168584821654,731.18,21.43,556.3666666666667,792.9566666666668,False,False,False,False,False,False,True,False,False,False
2026-02-16 13:00:00,0.62,39.8,16.5,43.0,138.95,163.85,9,0,0.48,546.94,46.62,75.5,13,16,2,0,0,-0.2588190451025208,-0.9659258262890683,0.6401096994849554,0.7682835235935234,302.79999999999995,270.3571428571428,0.2976,7.095,0.458883751651255,574.56,19.76,599.5300000000001,1028.13,False,False,False,False,False,False,True,False,False,False
2026-02-17 07:00:00,7.17,255.5,22.4,52.9,476.19,663.95,-18,0,1.16,587.71,82.98,18.68,7,17,2,1,0,0.9659258262890683,-0.25881904510252063,-0.9681476403781076,-0.25038000405444183,1140.14,148.64928292046937,8.3172,11.849599999999999,0.4176592348308102,546.94,46.62,617.5600000000001,705.7466666666668,False,False,False,False,False,False,True,False,False,False
2026-02-17 09:00:00,3.71,187.3,27.4,78.8,310.58,706.13,-23,0,1.07,683.7,37.58,94.26,9,17,2,1,0,0.7071067811865476,-0.7071067811865475,-0.1270646086013504,-0.9918944425900297,1016.71,241.49881235154396,3.9697,21.5912,0.30547550432276654,587.71,82.98,569.7366666666668,877.7733333333335,False,False,False,False,False,False,True,False,False,False
2026-02-17 11:00:00,11.99,347.7,21.0,42.9,71.01,772.34,-11,0,1.06,577.03,118.05,34.11,11,17,2,1,0,0.258819045102521,-0.9659258262890682,-0.21303038627497678,0.9770455744352636,843.35,67.52201761409127,12.7094,9.009,0.0841999169976878,683.7,37.58,606.1166666666668,819.8833333333336,False,False,False,False,False,False,True,False,False,False
2026-02-17 13:00:00,7.15,292.0,30.6,81.5,191.18,315.27,-14,0,2.36,467.62,27.84,-13.89,13,17,2,1,0,-0.2588190451025208,-0.9659258262890683,-0.9271838545667874,0.37460659341591196,506.45,66.20261437908496,16.874,24.939,0.37749037417316617,577.03,118.05,616.1466666666668,1000.0666666666667,False,False,False,False,False,False,True,False,False,False
2026-02-18 02:00:00,10.96,57.4,21.6,77.4,436.63,311.58,2,0,1.28,624.0,98.07,57.38,2,18,2,2,0,0.49999999999999994,0.8660254037844387,0.8424523970071476,0.538770785006863,748.21,65.28883071553228,14.028800000000002,16.718400000000003,0.5835661111185362,467.62,27.84,576.1166666666668,788.8366666666669,False,False,False,False,False,False,True,False,False,False
2026-02-18 03:00:00,0.57,348.5,29.6,82.7,231.59,397.8,18,0,0.75,400.3,42.05,-3.56,3,18,2,2,0,0.7071067811865475,0.7071067811865476,-0.19936793441719736,0.9799247046208296,629.39,588.2149532710281,0.4275,24.479200000000002,0.36795945280350817,624.0,98.07,556.2166666666667,699.3366666666667,False,False,False,False,False,False,True,False,False,False
2026-02-18 19:00:00,5.16,117.7,17.9,61.3,110.02,328.68,24,1,4.3,744.59,105.79,-32.75,19,18,2,2,0,-0.9659258262890684,0.2588190451025203,0.8853936257544158,-0.4648420457246197,438.7,77.50883392226147,22.188,10.972699999999998,0.25078641440620014,400.3,42.05,497.3066666666668,628.0166666666669,False,False,False,False,False,False,True,False,False,False
2026-02-19 04:00:00,6.42,191.6,22.9,75.0,159.84,673.56,-17,0,0.88,511.7,98.76,-42.36,4,19,2,3,0,0.8660254037844386,0.5000000000000001,-0.20107792114596437,-0.9795752495993442,833.4,120.43352601156069,5.6496,17.175,0.19179265658747302,744.59,105.79,589.63,605.4333333333335,False,False,False,False,False,False,True,False,False,False
2026-02-19 12:00:00,5.47,223.2,19.9,47.1,409.2,508.29,23,0,0.85,436.91,38.36,50.66,12,19,2,3,0,1.2246467991473532e-16,-1.0,-0.6845471059286884,-0.7289686274214118,917.49,153.68341708542715,4.6495,9.3729,0.4459994114377268,511.7,98.76,552.1966666666668,633.8300000000002,False,False,False,False,False,False,True,False,False,False
2026-02-20 03:00:00,11.62,129.0,18.3,82.3,417.89,441.93,17,1,3.11,423.26,32.87,-21.46,3,20,2,4,0,0.7071067811865475,0.7071067811865476,0.777145961456971,-0.6293203910498373,859.8199999999999,70.94224422442244,36.1382,15.060899999999998,0.4860203298364774,436.91,38.36,564.4000000000001,729.8633333333333,False,False,False,False,False,False,True,False,False,False
2026-02-20 14:00:00,5.04,115.2,31.5,84.0,195.27,1076.02,-3,0,4.92,420.8,101.91,27.82,14,20,2,4,0,-0.4999999999999997,-0.8660254037844388,0.9048270524660195,-0.4257792915650727,1271.29,229.47472924187724,24.7968,26.46,0.1535998867292278,423.26,32.87,457.29000000000013,870.2366666666668,False,False,False,False,False,False,True,False,False,False
2026-02-21 08:00:00,4.56,136.6,29.4,38.0,466.49,526.32,-29,0,1.45,445.35,24.24,49.6,8,21,2,5,1,0.8660254037844387,-0.4999999999999998,0.6870875108044231,-0.7265746709709758,992.8100000000001,196.20750988142296,6.611999999999999,11.172,0.46986835346138733,420.8,101.91,426.99000000000007,1016.2000000000002,False,False,False,False,False,False,True,False,False,False
2026-02-21 13:00:00,4.06,17.4,16.3,86.5,167.05,334.81,23,0,3.04,467.38,53.18,-24.43,13,21,2,5,1,-0.2588190451025208,-0.9659258262890683,0.29904079225608665,0.9542403285162769,501.86,110.05701754385966,12.3424,14.0995,0.33286175427410036,445.35,24.24,429.80333333333346,1041.3066666666668,False,False,False,False,False,False,True,False,False,False
2026-02-22 17:00:00,1.94,7.2,29.6,58.6,437.8,193.91,19,0,1.6,408.92,36.04,64.97,17,22,2,6,1,-0.9659258262890683,-0.25881904510252063,0.12533323356430426,0.9921147013144779,631.71,258.8975409836066,3.104,17.3456,0.6930395276313498,467.38,53.18,444.51000000000005,921.9866666666668,False,False,False,False,False,False,True,False,False,False
2026-02-23 07:00:00,4.14,231.2,30.1,65.7,201.37,319.41,-24,1,0.02,517.14,18.82,-16.3,7,23,2,0,0,0.9659258262890683,-0.25881904510252063,-0.7793379649314737,-0.626603811364461,520.78,112.23706896551724,0.0828,19.7757,0.3866699950074888,408.92,36.04,440.5500000000001,708.7933333333335,False,False,False,False,False,False,True,False,False,False
2026-02-23 14:00:00,8.4,71.6,15.5,34.3,76.37,653.6,24,1,2.45,497.05,74.42,27.25,14,23,2,0,0,-0.4999999999999997,-0.8660254037844388,0.9488760116444965,0.3156490369471025,729.97,82.0191011235955,20.580000000000002,5.3165,0.10462073783854131,517.14,18.82,464.48,551.4500000000002,False,False,False,False,False,False,True,False,False,False
2026-02-24 02:00:00,5.63,336.5,33.2,50.3,300.94,202.59,12,0,1.62,596.44,10.44,-28.7,2,24,2,1,0,0.49999999999999994,0.8660254037844387,-0.39874906892524664,0.9170600743851238,503.53,82.14192495921696,9.1206,16.6996,0.5976605167517328,497.05,74.42,474.3700000000001,627.4866666666668,False,False,False,False,False,False,True,False,False,False
2026-02-24 04:00:00,8.47,303.3,28.0,86.6,124.49,478.36,-2,1,3.4,732.49,38.14,37.27,4,24,2,1,0,0.8660254037844386,0.5000000000000001,-0.8358073613682703,0.5490228179981318,602.85,67.20735785953177,28.798000000000002,24.247999999999998,0.2065024467114539,596.44,10.44,536.8766666666668,584.7600000000001,False,False,False,False,False,False,True,False,False,False
2026-02-24 09:00:00,11.02,11.2,14.5,83.0,267.14,127.12,24,1,0.46,670.51,101.01,-36.42,9,24,2,1,0,0.7071067811865476,-0.7071067811865475,0.19423435121997196,0.9809551553491915,394.26,34.223958333333336,5.0692,12.035,0.6775731750621418,732.49,38.14,608.6600000000001,612.1166666666668,False,False,False,False,False,False,True,False,False,False
2026-02-24 11:00:00,9.15,86.7,13.4,51.1,182.15,670.25,-18,1,4.89,421.34,103.53,-42.36,11,24,2,1,0,0.258819045102521,-0.9659258262890682,0.9983418166140283,0.05756402695956731,852.4,88.33160621761658,44.7435,6.8474,0.21369075551384328,670.51,101.01,666.4800000000001,500.2133333333334,False,False,False,False,False,False,True,False,False,False
2026-02-24 16:00:00,7.16,240.1,34.9,88.3,74.0,862.2,28,0,2.0,732.73,76.84,69.98,16,24,2,1,0,-0.8660254037844384,-0.5000000000000004,-0.8668967489356025,-0.4984877397538308,936.2,122.21932114882507,14.32,30.816699999999997,0.07904293954283273,421.34,103.53,608.1133333333333,616.5033333333334,False,False,False,False,False,False,True,False,False,False
2026-02-24 19:00:00,7.76,223.7,17.9,44.1,499.7,147.54,-18,0,0.89,419.89,32.23,41.62,19,24,2,1,0,-0.9659258262890684,0.2588190451025203,-0.6908824110768583,-0.7229671459095682,647.24,78.35835351089588,6.9064,7.8938999999999995,0.7720474630739756,732.73,76.84,608.1933333333334,727.6200000000002,False,False,False,False,False,False,True,False,False,False
2026-02-24 23:00:00,6.16,276.0,34.3,69.5,203.41,505.55,-18,0,0.81,687.29,81.24,4.15,23,24,2,1,0,-0.25881904510252157,0.9659258262890681,-0.9945218953682734,0.10452846326765299,708.96,106.45045045045045,4.9896,23.8385,0.28691322500564204,419.89,32.23,524.6533333333333,811.9466666666668,False,False,False,False,False,False,True,False,False,False
2026-02-25 08:00:00,10.48,100.7,27.8,90.3,434.67,913.36,-20,1,1.41,428.64,92.02,-2.09,8,25,2,2,0,0.8660254037844387,-0.4999999999999998,0.9826127965436152,-0.1856666153855773,1348.03,122.77140255009107,14.7768,25.1034,0.3224483134648339,687.29,81.24,613.3033333333334,764.1333333333336,False,False,False,False,False,False,True,False,False,False
2026-02-25 09:00:00,8.64,68.9,27.2,51.6,221.71,299.16,27,0,1.44,634.01,42.44,62.4,9,25,2,2,0,0.7071067811865476,-0.7071067811865475,0.932953534825489,0.35999680812005125,520.87,56.98796498905908,12.441600000000001,14.0352,0.4256532340123255,428.64,92.02,511.94000000000005,901.4100000000002,False,False,False,False,False,False,True,False,False,False
2026-02-25 10:00:00,1.72,181.5,18.0,62.7,383.02,1154.91,12,1,0.38,404.93,78.49,57.22,10,25,2,2,0,0.49999999999999994,-0.8660254037844387,-0.026176948307873177,-0.9996573249755573,1537.93,692.7612612612613,0.6536,11.286000000000001,0.2490490464455469,634.01,42.44,583.3133333333334,859.2866666666669,False,False,False,False,False,False,True,False,False,False
2026-02-25 20:00:00,6.58,217.4,23.4,77.8,306.67,703.83,24,0,0.87,580.16,68.1,-43.4,20,25,2,2,0,-0.8660254037844386,0.5000000000000001,-0.6073758397232868,-0.794414620535418,1010.5,142.72598870056498,5.7246,18.205199999999998,0.3034834240475012,404.93,78.49,489.1933333333334,1135.6100000000004,False,False,False,False,False,False,True,False,False,False
2026-02-26 00:00:00,5.5,138.1,27.0,72.5,299.98,304.61,23,0,4.16,513.61,86.56,86.91,0,26,2,3,0,0.0,1.0,0.6678325554710469,-0.7443115462311538,604.59,100.765,22.880000000000003,19.575,0.4961709588316049,580.16,68.1,539.7,1023.1000000000004,False,False,False,False,False,False,True,False,False,False
2026-02-26 03:00:00,2.03,102.3,10.5,94.0,87.66,496.07,-14,0,3.24,667.5,84.41,55.96,3,26,2,3,0,0.7071067811865475,0.7071067811865476,0.9770455744352636,-0.21303038627497647,583.73,230.72332015810278,6.5771999999999995,9.87,0.15017216863961078,513.61,86.56,499.5666666666668,1051.006666666667,False,False,False,False,False,False,True,False,False,False
2026-02-26 12:00:00,1.73,282.2,24.6,89.9,424.74,570.46,18,1,4.75,469.97,84.85,19.24,12,26,2,3,0,1.2246467991473532e-16,-1.0,-0.9774158942860959,0.21132479645538854,995.2,446.2780269058296,8.2175,22.115400000000005,0.4267885852090032,667.5,84.41,587.09,732.9400000000002,False,False,False,False,False,False,True,False,False,False
2026-02-27 11:00:00,3.71,280.3,32.0,44.9,244.41,1171.33,-2,0,0.71,505.2,57.97,-40.74,11,27,2,4,0,0.258819045102521,-0.9659258262890682,-0.9838850379335415,0.17880221511634978,1415.74,336.28028503562945,2.6340999999999997,14.368,0.17263763120346956,469.97,84.85,550.3600000000001,727.8400000000003,False,False,False,False,False,False,True,False,False,False
2026-02-27 16:00:00,10.12,55.7,21.2,62.7,95.1,1106.17,-29,1,2.27,420.75,16.0,-12.83,16,27,2,4,0,-0.8660254037844384,-0.5000000000000004,0.8260982944957639,0.5635260489375714,1201.27,113.11393596986818,22.972399999999997,13.2924,0.07916621575499264,505.2,57.97,547.5566666666667,998.2233333333335,False,False,False,False,False,False,True,False,False,False
2026-02-28 13:00:00,7.87,30.9,26.8,44.8,355.42,541.46,22,0,4.04,447.35,78.36,79.39,13,28,2,5,1,-0.2588190451025208,-0.9659258262890683,0.51354125205817,0.8580649057236446,896.8800000000001,107.15412186379929,31.794800000000002,12.0064,0.3962848987601463,420.75,16.0,465.3066666666668,1204.0700000000002,False,False,False,False,False,False,True,False,False,False
2026-03-03 07:00:00,1.99,296.2,21.2,57.1,323.91,168.55,29,1,3.12,695.02,67.53,87.11,7,3,3,1,0,0.9659258262890683,-0.25881904510252063,-0.8972583696743285,0.44150585279174503,492.46000000000004,197.77510040160644,6.2088,12.1052,0.6577386995898145,447.35,78.36,457.7666666666667,1171.2966666666669,False,False,False,False,False,False,True,False,False,False
2026-03-03 12:00:00,2.62,262.8,20.8,66.0,436.26,691.41,2,1,0.67,720.44,33.13,68.96,12,3,3,1,0,1.2246467991473532e-16,-1.0,-0.9921147013144779,-0.12533323356430373,1127.67,361.4326923076923,1.7554,13.728,0.38686849876293594,695.02,67.53,521.0400000000001,863.5366666666669,False,False,False,False,False,False,True,False,False,False
2026-03-03 16:00:00,7.61,256.0,23.9,89.5,401.79,450.68,10,1,3.0,510.88,35.46,26.08,16,3,3,1,0,-0.8660254037844384,-0.5000000000000004,-0.9702957262759965,-0.24192189559966779,852.47,105.1134401972873,22.830000000000002,21.390499999999996,0.47132450408812043,720.44,33.13,620.9366666666667,839.0033333333336,False,False,False,False,False,False,True,False,False,False
2026-03-03 20:00:00,1.15,94.5,16.3,62.4,359.65,717.8,25,0,4.39,609.94,87.26,-21.3,20,3,3,1,0,-0.8660254037844386,0.5000000000000001,0.996917333733128,-0.07845909572784487,1077.4499999999998,652.9999999999999,5.048499999999999,10.1712,0.33379739199034764,510.88,35.46,642.1133333333333,824.2000000000002,False,False,False,False,False,False,True,False,False,False
2026-03-04 07:00:00,2.52,180.5,13.6,77.3,148.22,617.6,2,1,2.24,737.7,14.71,24.64,7,4,3,2,0,0.9659258262890683,-0.25881904510252063,-0.008726535498373713,-0.9999619230641713,765.82,253.58278145695365,5.644800000000001,10.5128,0.19354417487137968,609.94,87.26,613.7533333333334,1019.1966666666667,False,False,False,False,False,False,True,False,False,False
2026-01-01 02:00:00,1.98,180.2,24.8,50.5,432.11,164.68,-2,0,3.95,739.65,93.5,4.35,2,1,1,3,0,0.49999999999999994,0.8660254037844387,-0.0034906514152233926,-0.9999939076577904,596.79,240.64112903225805,7.821000000000001,12.524000000000001,0.7240570384892508,571.7814935064936,61.91720779220779,572.2647835497836,886.2754978354978,False,False,False,False,False,False,False,True,False,False
2026-01-01 08:00:00,6.25,246.0,22.6,47.1,58.36,949.37,7,0,4.41,689.05,117.08,89.23,8,1,1,3,0,0.8660254037844387,-0.4999999999999998,-0.913545457642601,-0.4067366430758001,1007.73,149.29333333333332,27.5625,10.6446,0.05791233763011918,739.65,93.5,739.65,596.79,False,False,False,False,False,False,False,True,False,False
2026-01-01 11:00:00,2.65,111.4,23.5,69.4,468.18,468.34,-17,1,3.36,511.6,61.55,-9.71,11,1,1,3,0,0.258819045102521,-0.9659258262890682,0.9310558158625283,-0.36487678433761966,936.52,297.3079365079365,8.904,16.309,0.49991457737154577,689.05,117.08,714.3499999999999,802.26,False,False,False,False,False,False,False,True,False,False
2026-01-01 12:00:00,0.8,161.3,13.3,92.6,372.85,610.69,12,0,2.44,701.49,61.5,-26.82,12,1,1,3,0,1.2246467991473532e-16,-1.0,0.32061299058567605,-0.9472102777460288,983.5400000000001,756.5692307692308,1.952,12.3158,0.37908981841104583,511.6,61.55,646.7666666666667,847.0133333333333,False,False,False,False,False,False,False,True,False,False
2026-01-01 17:00:00,2.76,127.6,13.4,83.8,127.44,645.06,13,1,0.04,683.83,13.04,50.31,17,1,1,3,0,-0.9659258262890683,-0.25881904510252063,0.7922896433551907,-0.6101451639012676,772.5,236.9631901840491,0.1104,11.2292,0.16497087378640776,701.49,61.5,634.0466666666667,975.93,False,False,False,False,False,False,False,True,False,False
2026-01-03 01:00:00,10.98,193.4,23.6,59.5,263.19,622.75,-11,0,1.44,526.84,57.94,-7.58,1,3,1,5,1,0.25881904510252074,0.9659258262890683,-0.2317479034941573,-0.9727758782093966,885.94,77.17247386759583,15.8112,14.042,0.29707429397024626,683.83,13.04,632.3066666666667,897.52,False,False,False,False,False,False,False,True,False,False
2026-01-03 06:00:00,8.57,14.0,26.5,35.8,424.14,885.46,10,0,3.54,664.99,60.61,93.55,6,3,1,5,1,1.0,6.123233995736766e-17,0.24192189559966773,0.9702957262759965,1309.6,144.38809261300992,30.3378,9.487,0.32386988393402566,526.84,57.94,637.3866666666667,880.66,False,False,False,False,False,False,False,True,False,False
2026-01-03 19:00:00,1.21,287.5,32.9,42.8,163.81,1043.79,-16,0,1.04,407.61,31.45,63.36,19,3,1,5,1,-0.9659258262890684,0.2588190451025203,-0.9537169507482268,0.30070579950427345,1207.6,706.1988304093567,1.2584,14.081199999999999,0.13564922159655515,664.99,60.61,625.22,989.3466666666667,False,False,False,False,False,False,False,True,False,False
2026-01-03 22:00:00,2.36,327.7,18.0,92.3,470.85,539.23,-3,0,4.6,651.17,118.5,40.96,22,3,1,5,1,-0.5000000000000004,0.8660254037844384,-0.5343523493898269,0.8452618332218558,1010.08,353.17482517482523,10.855999999999998,16.613999999999997,0.46615119594487564,407.61,31.45,533.1466666666666,1134.3799999999999,False,False,False,False,False,False,False,True,False,False
2026-01-04 02:00:00,4.58,157.6,28.0,43.6,443.02,1100.69,-21,0,2.99,464.62,35.75,99.92,2,4,1,6,1,0.49999999999999994,0.8660254037844387,0.3810703763502743,-0.924546033612313,1543.71,303.87992125984255,13.6942,12.208,0.28698395424010986,651.17,118.5,574.59,1175.76,False,False,False,False,False,False,False,True,False,False
2026-01-04 10:00:00,7.95,91.0,14.8,81.5,261.99,382.68,-27,1,0.84,626.52,30.99,47.72,10,4,1,6,1,0.49999999999999994,-0.8660254037844387,0.9998476951563913,-0.017452406437283477,644.6700000000001,76.2923076923077,6.678,12.062000000000001,0.4063939690073991,464.62,35.75,507.8,1253.7966666666666,False,False,False,False,False,False,False,True,False,False
2026-01-04 12:00:00,9.86,96.5,22.1,55.9,189.57,111.26,-28,0,3.83,725.61,90.37,68.29,12,4,1,6,1,1.2246467991473532e-16,-1.0,0.9935718556765875,-0.11320321376790671,300.83,29.037644787644787,37.763799999999996,12.353900000000001,0.6301565668317655,626.52,30.99,580.77,1066.1533333333334,False,False,False,False,False,False,False,True,False,False
2026-01-04 13:00:00,11.32,328.4,18.9,41.1,253.1,124.38,11,0,4.69,594.03,19.78,99.21,13,4,1,6,1,-0.2588190451025208,-0.9659258262890683,-0.5239859059700797,0.8517269341430473,377.48,31.93570219966159,53.09080000000001,7.7679,0.6704990992900286,725.61,90.37,605.5833333333334,829.7366666666667,False,False,False,False,False,False,False,True,False,False
2026-01-04 16:00:00,2.24,92.6,26.0,66.2,490.67,363.44,-8,0,2.35,598.31,71.23,84.32,16,4,1,6,1,-0.8660254037844384,-0.5000000000000004,0.9989705697907147,-0.04536298812925356,854.11,311.71897810218974,5.264000000000001,17.212,0.5744810387420825,594.03,19.78,648.72,440.99333333333334,False,False,False,False,False,False,False,True,False,False
2026-01-05 03:00:00,1.17,38.7,25.6,72.8,423.02,900.91,3,0,0.92,736.63,49.65,56.98,3,5,1,0,0,0.7071067811865475,0.7071067811865476,0.6252426563357052,0.7804304073383297,1323.9299999999998,792.7724550898203,1.0764,18.6368,0.3195184035409727,598.31,71.23,639.3166666666666,510.8066666666667,False,False,False,False,False,False,False,True,False,False
2026-01-05 08:00:00,4.47,359.8,33.7,35.7,328.59,572.84,-2,1,4.48,415.71,78.94,82.23,8,5,1,0,0,0.8660254037844387,-0.4999999999999998,-0.00349065141522376,0.9999939076577904,901.4300000000001,181.37424547283703,20.0256,12.0309,0.36452081692422034,736.63,49.65,642.9899999999999,851.84,False,False,False,False,False,False,False,True,False,False
2026-01-05 11:00:00,1.41,238.6,11.9,33.8,53.25,106.22,-19,1,4.8,654.35,40.57,53.85,11,5,1,0,0,0.258819045102521,-0.9659258262890682,-0.8535507972753275,-0.5210096318405762,159.47,83.49214659685865,6.768,4.0222,0.3339186053803223,415.71,78.94,583.55,1026.49,False,False,False,False,False,False,False,True,False,False
2026-01-07 09:00:00,10.88,147.9,16.7,68.0,237.67,956.24,-23,0,1.37,662.79,86.27,11.43,9,7,1,2,0,0.7071067811865476,-0.7071067811865475,0.5313985795180828,-0.8471219213821372,1193.91,104.91300527240773,14.905600000000002,11.356,0.19906860651137856,654.35,40.57,602.23,794.9433333333333,False,False,False,False,False,False,False,True,False,False
2026-01-07 15:00:00,10.0,6.0,22.2,87.0,367.16,837.73,-28,0,1.68,512.75,97.65,29.24,15,7,1,2,0,-0.7071067811865471,-0.7071067811865479,0.10452846326765347,0.9945218953682733,1204.89,114.75142857142858,16.8,19.314,0.3047249126476276,662.79,86.27,577.6166666666667,751.6033333333335,False,False,False,False,False,False,False,True,False,False
2026-01-07 17:00:00,4.56,85.1,16.7,77.6,245.57,169.34,-12,0,2.49,597.24,50.02,91.32,17,7,1,2,0,-0.9659258262890683,-0.25881904510252063,0.9963452961909064,0.08541692313736754,414.90999999999997,81.99802371541502,11.3544,12.9592,0.5918632956544793,512.75,97.65,609.9633333333334,852.7566666666668,False,False,False,False,False,False,False,True,False,False
2026-01-08 06:00:00,7.07,7.2,14.9,67.3,95.17,971.44,16,0,3.32,439.3,17.26,77.46,6,8,1,3,0,1.0,6.123233995736766e-17,0.12533323356430426,0.9921147013144779,1066.6100000000001,140.89960369881112,23.4724,10.0277,0.08922661516393057,597.24,50.02,590.9266666666666,937.9033333333335,False,False,False,False,False,False,False,True,False,False
2026-01-09 00:00:00,4.9,312.1,23.2,36.2,130.28,983.44,-11,1,2.41,424.38,69.61,86.75,0,9,1,4,0,0.0,1.0,-0.7419758409756162,0.6704266189587993,1113.72,206.24444444444444,11.809000000000001,8.3984,0.1169773372122257,439.3,17.26,516.43,895.4700000000001,False,False,False,False,False,False,False,True,False,False
2026-01-09 03:00:00,6.32,175.6,12.2,43.9,399.59,1041.93,-17,1,3.59,737.75,13.96,46.53,3,9,1,4,0,0.7071067811865475,0.7071067811865476,0.07671902812681887,-0.9970527522269202,1441.52,211.366568914956,22.6888,5.3557999999999995,0.2772004550751984,424.38,69.61,486.97333333333336,865.08,False,False,False,False,False,False,False,True,False,False
2026-01-10 00:00:00,1.92,227.4,11.6,53.7,127.31,171.55,30,0,4.93,400.44,116.37,5.05,0,10,1,5,1,0.0,1.0,-0.7360970871197342,-0.6768759696826608,298.86,123.49586776859505,9.465599999999998,6.2292,0.42598541122933814,737.75,13.96,533.8100000000001,1207.2833333333335,False,False,False,False,False,False,False,True,False,False
2026-01-10 03:00:00,4.62,135.3,20.1,79.1,138.05,559.2,24,0,0.8,468.82,15.93,29.73,3,10,1,5,1,0.7071067811865475,0.7071067811865476,0.7033947028105039,-0.7107994738729925,697.25,136.181640625,3.696,15.8991,0.19799211186805307,400.44,116.37,520.8566666666667,951.3666666666668,False,False,False,False,False,False,False,True,False,False
2026-01-11 03:00:00,1.62,242.4,17.7,40.7,427.4,123.13,5,1,1.16,532.11,20.07,-36.51,3,11,1,6,1,0.7071067811865475,0.7071067811865476,-0.8862035792312145,-0.4632960351198621,550.53,259.6839622641509,1.8792,7.2039,0.7763427969411295,468.82,15.93,535.67,812.5433333333334,False,False,False,False,False,False,False,True,False,False
2026-01-11 05:00:00,9.67,321.3,26.6,93.7,426.98,362.59,30,1,3.97,405.82,49.96,14.01,5,11,1,6,1,0.9659258262890683,0.25881904510252074,-0.6252426563357051,0.7804304073383298,789.5699999999999,77.63716814159291,38.389900000000004,24.9242,0.5407753587395672,532.11,20.07,467.1233333333333,515.5466666666667,False,False,False,False,False,False,False,True,False,False
2026-01-11 07:00:00,6.79,119.1,21.5,44.8,87.32,722.12,-10,0,2.57,483.45,118.18,66.74,7,11,1,6,1,0.9659258262890683,-0.25881904510252063,0.8737722230354653,-0.4863353804234904,809.44,111.03429355281207,17.4503,9.632,0.10787705080055346,405.82,49.96,468.9166666666667,679.1166666666667,False,False,False,False,False,False,False,True,False,False
2026-01-11 10:00:00,1.34,140.2,10.6,69.6,458.55,526.85,-27,1,0.86,555.33,48.82,37.39,10,11,1,6,1,0.49999999999999994,-0.8660254037844387,0.6401096994849558,-0.7682835235935231,985.4000000000001,535.5434782608696,1.1524,7.377599999999998,0.4653440227318855,483.45,118.18,473.79333333333335,716.5133333333333,False,False,False,False,False,False,False,True,False,False
2026-01-11 13:00:00,9.5,76.3,15.7,88.1,275.33,557.68,25,0,3.54,484.19,58.84,-49.63,13,11,1,6,1,-0.2588190451025208,-0.9659258262890683,0.9715491199976461,0.23683814606561876,833.01,83.301,33.63,13.831699999999998,0.3305242434064417,555.33,48.82,481.5333333333333,861.4700000000001,False,False,False,False,False,False,False,True,False,False
2026-01-12 07:00:00,1.19,224.1,35.0,51.0,256.62,1030.98,5,1,4.75,594.95,95.5,89.11,7,12,1,0,0,0.9659258262890683,-0.25881904510252063,-0.6959127965923143,-0.7181262977631889,1287.6,761.8934911242603,5.6525,17.85,0.19930102516309414,484.19,58.84,507.6566666666667,875.9500000000002,False,False,False,False,False,False,False,True,False,False
2026-01-12 08:00:00,8.46,111.2,25.2,71.9,163.3,846.31,11,0,1.74,584.08,61.6,7.46,8,12,1,0,0,0.8660254037844387,-0.4999999999999998,0.9323238012155122,-0.3616245700820923,1009.6099999999999,112.67968749999997,14.720400000000001,18.1188,0.16174562454809285,594.95,95.5,544.8233333333334,1035.3366666666668,False,False,False,False,False,False,False,True,False,False
2026-01-12 21:00:00,10.62,297.2,18.4,34.3,285.82,926.98,-24,0,3.33,517.3,77.38,54.77,21,12,1,0,0,-0.7071067811865477,0.7071067811865474,-0.8894163732912977,0.4570979270586938,1212.8,109.06474820143885,35.364599999999996,6.311199999999999,0.23566952506596306,584.08,61.6,554.4066666666666,1043.4066666666668,False,False,False,False,False,False,False,True,False,False
2026-01-13 13:00:00,9.04,5.0,27.0,75.3,431.94,748.2,-26,0,2.27,746.26,31.75,-37.05,13,13,1,1,0,-0.2588190451025208,-0.9659258262890683,0.08715574274765817,0.9961946980917455,1180.14,123.70440251572329,20.520799999999998,20.331,0.36600742284813664,517.3,77.38,565.4433333333333,1170.0033333333333,False,False,False,False,False,False,False,True,False,False
2026-01-14 05:00:00,6.41,62.1,30.8,64.1,61.86,188.04,1,1,3.61,570.37,59.03,60.82,5,14,1,2,0,0.9659258262890683,0.25881904510252074,0.8837656300886935,0.46792981426057334,249.89999999999998,36.164978292329955,23.1401,19.7428,0.24753901560624253,746.26,31.75,615.88,1134.1833333333334,False,False,False,False,False,False,False,True,False,False
2026-01-14 06:00:00,3.81,314.1,13.1,77.1,382.61,366.56,18,0,1.62,561.34,100.02,62.47,6,14,1,2,0,1.0,6.123233995736766e-17,-0.7181262977631889,0.6959127965923142,749.1700000000001,173.8213457076566,6.1722,10.1001,0.5107118544522604,570.37,59.03,611.3100000000001,880.9466666666668,False,False,False,False,False,False,False,True,False,False
2026-01-14 15:00:00,5.92,294.4,34.9,53.9,300.23,462.05,28,0,1.1,595.37,61.72,50.15,15,14,1,2,0,-0.7071067811865471,-0.7071067811865479,-0.9106836608061771,0.4131044298245417,762.28,118.73520249221184,6.5120000000000005,18.8111,0.3938578999842578,561.34,100.02,625.9900000000001,726.4033333333335,False,False,False,False,False,False,False,True,False,False
2026-01-15 02:00:00,10.74,308.2,24.0,61.5,443.1,1040.41,25,1,3.48,418.1,79.15,22.22,2,15,1,3,0,0.49999999999999994,0.8660254037844387,-0.7858568931754019,0.6184083953575542,1483.5100000000002,131.98487544483987,37.3752,14.76,0.2986835275798612,595.37,61.72,575.6933333333333,587.1166666666668,False,False,False,False,False,False,False,True,False,False
2026-01-15 09:00:00,2.58,36.4,16.5,57.7,63.85,440.2,14,0,3.32,627.9,108.67,7.65,9,15,1,3,0,0.7071067811865476,-0.7071067811865475,0.5934188866037015,0.8048937973559142,504.05,163.6525974025974,8.5656,9.5205,0.1266739410772741,418.1,79.15,524.9366666666666,998.3200000000002,False,False,False,False,False,False,False,True,False,False
2026-01-16 06:00:00,11.23,184.9,33.6,83.2,245.93,405.54,-13,1,3.44,476.1,46.53,20.69,6,16,1,4,0,1.0,6.123233995736766e-17,-0.08541692313736736,-0.9963452961909064,651.47,55.53878942881501,38.6312,27.955200000000005,0.37750011512425746,627.9,108.67,547.1233333333333,916.6133333333336,False,False,False,False,False,False,False,True,False,False
2026-01-16 15:00:00,11.96,299.5,30.3,43.1,487.08,720.89,-25,1,3.02,475.01,30.69,-28.09,15,16,1,4,0,-0.7071067811865471,-0.7071067811865479,-0.8703556959398998,0.4924235601034669,1207.97,96.94783306581058,36.1192,13.0593,0.4032219343195609,476.1,46.53,507.36666666666673,879.6766666666668,False,False,False,False,False,False,False,True,False,False
2026-01-16 21:00:00,10.82,285.8,32.4,60.2,367.3,571.18,-13,1,2.65,572.65,13.41,-49.38,21,16,1,4,0,-0.7071067811865477,0.7071067811865474,-0.9622179935292853,0.27228024704057474,938.48,82.90459363957598,28.673,19.5048,0.39137754667121305,475.01,30.69,526.3366666666667,787.8300000000003,False,False,False,False,False,False,False,True,False,False
2026-01-17 15:00:00,9.31,93.0,13.0,79.1,299.23,332.14,-8,1,2.53,456.63,75.9,-8.46,15,17,1,5,1,-0.7071067811865471,-0.7071067811865479,0.9986295347545738,-0.05233595624294384,631.37,64.3598369011213,23.554299999999998,10.283,0.47393762769849695,572.65,13.41,507.92,932.6400000000002,False,False,False,False,False,False,False,True,False,False
2026-01-19 04:00:00,10.36,18.7,31.5,87.8,210.94,483.89,-10,0,2.45,588.8,22.27,67.54,4,19,1,0,0,0.8660254037844386,0.5000000000000001,0.32061299058567627,0.9472102777460288,694.8299999999999,63.98066298342541,25.382,27.656999999999996,0.30358504958047294,456.63,75.9,501.43,925.9400000000002,False,False,False,False,False,False,False,True,False,False
2026-01-19 07:00:00,8.44,359.8,27.3,88.2,456.25,1171.33,5,0,3.13,450.5,33.49,-33.04,7,19,1,0,0,0.9659258262890683,-0.25881904510252063,-0.00349065141522376,0.9999939076577904,1627.58,182.05592841163312,26.417199999999998,24.0786,0.28032416225316115,588.8,22.27,539.36,754.8933333333334,False,False,False,False,False,False,False,True,False,False
2026-01-19 12:00:00,7.93,54.5,32.5,76.1,143.75,837.29,-25,0,0.15,532.61,27.48,-13.28,12,19,1,0,0,1.2246467991473532e-16,-1.0,0.8141155183563192,0.5807029557109398,981.04,116.37485172004745,1.1895,24.7325,0.14652817418250022,450.5,33.49,498.64333333333326,984.5933333333334,False,False,False,False,False,False,False,True,False,False
2026-01-19 22:00:00,9.15,229.5,11.4,61.3,387.87,212.84,20,0,1.45,422.92,73.2,98.32,22,19,1,0,0,-0.5000000000000004,0.8660254037844384,-0.7604059656000312,-0.6494480483301834,600.71,62.24974093264249,13.2675,6.988199999999999,0.6456859383063375,532.61,27.48,523.9699999999999,1101.15,False,False,False,False,False,False,False,True,False,False
2026-01-20 07:00:00,3.4,175.5,15.0,56.5,431.46,116.4,28,0,1.44,591.39,10.47,-35.93,7,20,1,1,0,0.9659258262890683,-0.25881904510252063,0.07845909572784507,-0.996917333733128,547.86,140.47692307692307,4.896,8.475,0.7875369619975906,422.92,73.2,468.6766666666667,1069.7766666666669,False,False,False,False,False,False,False,True,False,False
2026-01-20 19:00:00,8.78,301.0,26.1,56.1,304.17,269.37,-21,1,0.56,567.84,10.03,66.17,19,20,1,1,0,-0.9659258262890684,0.2588190451025203,-0.8571673007021123,0.5150380749100542,573.54,61.803879310344826,4.9168,14.642100000000001,0.5303379014541271,591.39,10.47,515.64,709.8700000000002,False,False,False,False,False,False,False,True,False,False
2026-01-21 04:00:00,8.22,20.1,31.8,47.6,367.06,708.74,-9,1,0.7,585.11,30.7,-44.47,4,21,1,2,0,0.8660254037844386,0.5000000000000001,0.34365969458561607,0.9390942520947091,1075.8,123.3715596330275,5.7540000000000004,15.136800000000001,0.34119724855921174,567.84,10.03,527.3833333333333,574.0366666666669,False,False,False,False,False,False,False,True,False,False
2026-01-21 12:00:00,1.04,202.2,28.7,45.1,443.77,141.8,-1,1,4.59,624.85,47.76,48.56,12,21,1,2,0,1.2246467991473532e-16,-1.0,-0.3778407868184669,-0.9258705848099948,585.5699999999999,380.2402597402597,4.7736,12.943700000000002,0.7578427856618338,585.11,30.7,581.4466666666667,732.4000000000001,False,False,False,False,False,False,False,True,False,False
2026-01-23 14:00:00,11.02,43.7,12.4,56.2,217.61,469.02,-7,0,4.28,435.76,107.45,-45.64,14,23,1,4,0,-0.4999999999999997,-0.8660254037844388,0.6908824110768584,0.7229671459095681,686.63,59.603298611111114,47.1656,6.968800000000001,0.3169246901533577,624.85,47.76,592.6,744.9699999999999,False,False,False,False,False,False,False,True,False,False
2026-01-24 00:00:00,6.39,231.9,32.9,31.2,399.27,948.99,15,0,4.1,537.67,27.99,41.79,0,24,1,5,1,0.0,1.0,-0.7869350219613376,-0.6170358751407484,1348.26,195.68359941944848,26.198999999999998,10.264800000000001,0.2961372435583641,435.76,107.45,548.5733333333334,782.6666666666666,False,False,False,False,False,False,False,True,False,False
2026-01-24 21:00:00,9.45,238.9,32.0,41.0,387.74,717.22,0,1,0.75,610.63,95.09,-6.66,21,24,1,5,1,-0.7071067811865477,0.7071067811865474,-0.8562670846003281,-0.516533328866642,1104.96,111.05125628140705,7.0874999999999995,13.12,0.35090863017665797,537.67,27.99,532.7600000000001,873.4866666666668,False,False,False,False,False,False,False,True,False,False
2026-01-25 05:00:00,11.91,180.3,25.6,32.9,333.85,508.56,-30,0,3.64,517.38,114.69,59.17,5,25,1,6,1,0.9659258262890683,0.25881904510252074,-0.005235963831419576,-0.9999862922474267,842.4100000000001,67.88154713940371,43.3524,8.4224,0.39630346268444105,610.63,95.09,528.02,1046.6166666666668,False,False,False,False,False,False,False,True,False,False
2026-01-26 07:00:00,11.46,140.2,15.5,65.7,202.52,551.37,-29,0,1.76,427.46,63.57,52.62,7,26,1,0,0,0.9659258262890683,-0.25881904510252063,0.6401096994849558,-0.7682835235935231,753.89,63.03428093645484,20.169600000000003,10.1835,0.2686333549987399,517.38,114.69,555.2266666666667,1098.5433333333335,False,False,False,False,False,False,False,True,False,False
2026-01-26 09:00:00,3.92,115.1,26.3,66.7,108.81,616.78,24,0,3.21,434.16,115.1,18.96,9,26,1,0,0,0.7071067811865476,-0.7071067811865475,0.9055687990111397,-0.42419942274538996,725.5899999999999,164.16063348416287,12.5832,17.5421,0.1499607216196475,427.46,63.57,518.4900000000001,900.4200000000002,False,False,False,False,False,False,False,True,False,False
2026-01-26 11:00:00,4.18,317.3,10.0,88.6,203.39,1080.35,9,0,4.52,739.13,89.33,18.97,11,26,1,0,0,0.258819045102521,-0.9659258262890682,-0.6781596698680706,0.7349145951499598,1283.7399999999998,274.30341880341877,18.893599999999996,8.86,0.15843550874787732,434.16,115.1,459.6666666666667,773.9633333333336,False,False,False,False,False,False,False,True,False,False
2026-01-26 15:00:00,7.8,112.1,16.6,36.4,93.63,521.21,-29,1,4.45,698.59,61.0,10.3,15,26,1,0,0,-0.7071067811865471,-0.7071067811865479,0.9265286308718373,-0.3762242631393655,614.84,74.07710843373494,34.71,6.0424,0.15228352091601066,739.13,89.33,533.5833333333334,921.0733333333334,False,False,False,False,False,False,False,True,False,False
2026-01-27 11:00:00,2.79,10.5,24.2,77.2,243.39,1167.06,-6,0,2.85,451.28,111.86,88.49,11,27,1,1,0,0.258819045102521,-0.9659258262890682,0.18223552549214747,0.9832549075639546,1410.4499999999998,428.70820668693005,7.9515,18.6824,0.17256194831436777,698.59,61.0,623.96,874.7233333333335,False,False,False,False,False,False,False,True,False,False
2026-01-27 15:00:00,5.02,129.4,28.2,57.9,107.86,746.1,-23,0,4.24,559.25,56.84,-12.15,15,27,1,1,0,-0.7071067811865471,-0.7071067811865479,0.7727335734973508,-0.6347305132022678,853.96,154.70289855072465,21.2848,16.3278,0.12630568176495385,451.28,111.86,629.6666666666667,1103.01,False,False,False,False,False,False,False,True,False,False
2026-01-29 07:00:00,4.35,169.1,25.7,42.6,277.93,155.23,8,0,4.89,707.01,113.23,-43.94,7,29,1,3,0,0.9659258262890683,-0.25881904510252063,0.18909544298989156,-0.9819587126964436,433.15999999999997,89.31134020618556,21.271499999999996,10.9482,0.6416335765075262,559.25,56.84,569.7066666666667,959.7500000000001,False,False,False,False,False,False,False,True,False,False
2026-01-29 09:00:00,7.81,209.6,34.3,62.8,486.29,267.92,27,0,2.68,421.46,76.6,59.49,9,29,1,3,0,0.7071067811865476,-0.7071067811865475,-0.4939418665842307,-0.8694949295052191,754.21,90.75932611311674,20.9308,21.540399999999995,0.6447673724824651,707.01,113.23,572.5133333333333,899.19,False,False,False,False,False,False,False,True,False,False
2026-01-30 17:00:00,3.93,118.6,22.3,59.9,147.17,271.89,6,0,2.31,565.76,108.46,35.94,17,30,1,4,0,-0.9659258262890683,-0.25881904510252063,0.8779829754279805,-0.47869185794060676,419.05999999999995,94.59593679458239,9.0783,13.3577,0.35119076027299195,421.46,76.6,562.5733333333334,680.4433333333335,False,False,False,False,False,False,False,True,False,False
2026-01-31 01:00:00,2.36,319.9,34.8,56.5,235.3,178.88,-21,1,4.17,463.94,59.56,-25.17,1,31,1,5,1,0.25881904510252074,0.9659258262890683,-0.6441236297613867,0.7649214009184316,414.18,144.8181818181818,9.841199999999999,19.662,0.5681104833647207,565.76,108.46,564.7433333333333,535.4766666666668,False,False,False,False,False,False,False,True,False,False
2026-01-31 06:00:00,10.67,17.2,32.0,40.2,52.57,820.42,-9,1,3.38,683.18,81.09,44.05,6,31,1,5,1,1.0,6.123233995736766e-17,0.29570805004404666,0.9552783621223436,872.99,78.15487914055505,36.0646,12.864,0.06021833010687408,463.94,59.56,483.72,529.1500000000002,False,False,False,False,False,False,False,True,False,False
2026-01-31 17:00:00,8.99,167.5,27.8,65.7,317.71,577.86,-11,1,0.88,519.69,95.19,-29.66,17,31,1,5,1,-0.9659258262890683,-0.25881904510252063,0.21643961393810274,-0.9762960071199334,895.5699999999999,94.36986301369862,7.9112,18.2646,0.3547573054032627,683.18,81.09,570.9599999999999,568.7433333333335,False,False,False,False,False,False,False,True,False,False
2026-01-31 19:00:00,10.63,94.4,12.0,56.1,61.42,612.56,-20,0,1.32,603.84,67.92,94.9,19,31,1,5,1,-0.9659258262890684,0.2588190451025203,0.9970527522269202,-0.07671902812681869,673.9799999999999,60.55525606469001,14.031600000000001,6.732,0.09113030060239177,519.69,95.19,555.6033333333334,727.58,False,False,False,False,False,False,False,True,False,False
2026-01-31 21:00:00,3.46,56.5,16.5,80.5,146.64,1015.45,27,1,2.0,467.83,70.6,-44.9,21,31,1,5,1,-0.7071067811865477,0.7071067811865474,0.8338858220671682,0.5519369853120581,1162.0900000000001,293.4570707070707,6.92,13.2825,0.12618643994871306,603.84,67.92,602.2366666666667,814.18,False,False,False,False,False,False,False,True,False,False
2026-02-02 00:00:00,5.12,154.9,25.1,39.5,150.54,116.96,-17,1,0.82,578.19,105.76,7.19,0,2,2,0,0,0.0,1.0,0.42419942274539013,-0.9055687990111396,267.5,47.59786476868327,4.1983999999999995,9.9145,0.5627663551401869,467.83,70.6,530.4533333333334,910.5466666666667,False,False,False,False,False,False,False,True,False,False
2026-02-02 05:00:00,7.8,146.1,30.8,86.6,366.08,615.44,3,0,4.29,675.79,34.28,59.48,5,2,2,0,0,0.9659258262890683,0.25881904510252074,0.5577451089796903,-0.8300122850953674,981.52,118.25542168674697,33.461999999999996,26.6728,0.3729725323987285,578.19,105.76,549.9533333333334,701.1900000000002,False,False,False,False,False,False,False,True,False,False
2026-02-02 09:00:00,2.85,247.0,17.9,31.3,285.65,938.45,-20,1,4.91,716.19,114.61,85.19,9,2,2,0,0,0.7071067811865476,-0.7071067811865475,-0.9205048534524403,-0.3907311284892738,1224.1,365.4029850746268,13.993500000000001,5.6027,0.23335511804591128,675.79,34.28,573.9366666666666,803.7033333333335,False,False,False,False,False,False,False,True,False,False
2026-02-02 13:00:00,2.98,19.9,10.8,92.1,124.65,369.29,13,1,1.59,494.55,45.9,76.95,13,2,2,0,0,-0.2588190451025208,-0.9659258262890683,0.3403795502130501,0.940288127010419,493.94000000000005,141.9367816091954,4.7382,9.9468,0.2523585860630846,716.19,114.61,656.7233333333334,824.3733333333333,False,False,False,False,False,False,False,True,False,False
2026-02-02 16:00:00,11.51,336.3,20.5,63.3,345.87,706.46,-1,0,2.01,699.65,25.69,31.42,16,2,2,0,0,-0.8660254037844384,-0.5000000000000004,-0.4019477766559604,0.9156625933395609,1052.33,87.62114904246461,23.135099999999998,12.976499999999998,0.3286706641452776,494.55,45.9,628.8433333333334,899.8533333333335,False,False,False,False,False,False,False,True,False,False
2026-02-04 00:00:00,5.03,72.4,28.0,63.6,289.86,987.39,10,0,2.93,597.32,72.89,31.84,0,4,2,2,0,0.0,1.0,0.953190667792947,0.30236989075044435,1277.25,230.96745027124774,14.737900000000002,17.808,0.22694069289489138,699.65,25.69,636.7966666666667,923.4566666666666,False,False,False,False,False,False,False,True,False,False
2026-02-04 01:00:00,5.94,28.8,27.2,77.8,112.05,118.19,28,0,3.16,688.56,47.8,69.25,1,4,2,2,0,0.25881904510252074,0.9659258262890683,0.4817536741017153,0.8763066800438636,230.24,35.75155279503105,18.770400000000002,21.1616,0.4866660875608061,597.32,72.89,597.1733333333333,941.1733333333335,False,False,False,False,False,False,False,True,False,False
2026-02-04 11:00:00,8.63,281.8,21.2,64.6,354.09,1188.52,30,0,4.52,461.28,89.78,51.96,11,4,2,2,0,0.258819045102521,-0.9659258262890682,-0.978867388761685,0.20449605184179065,1542.61,168.96056955093098,39.0076,13.695199999999998,0.22953954661255924,688.56,47.8,661.8433333333334,853.2733333333334,False,False,False,False,False,False,False,True,False,False
2026-02-04 23:00:00,8.77,67.3,20.3,73.7,268.01,544.42,18,1,0.56,449.0,115.92,22.73,23,4,2,2,0,-0.25881904510252157,0.9659258262890681,0.9225380894562464,0.3859060423243187,812.43,87.64077669902912,4.9112,14.961100000000002,0.32988688256219,461.28,89.78,582.3866666666667,1016.7000000000002,False,False,False,False,False,False,False,True,False,False
2026-02-05 05:00:00,1.89,303.0,30.2,91.7,56.97,307.92,-24,0,1.57,740.87,117.52,5.95,5,5,2,3,0,0.9659258262890683,0.25881904510252074,-0.8386705679454243,0.5446390350150266,364.89,152.67364016736403,2.9673,27.6934,0.15612924442982817,449.0,115.92,532.9466666666666,861.7600000000001,False,False,False,False,False,False,False,True,False,False
2026-02-05 08:00:00,6.99,333.4,16.1,53.6,237.07,159.07,-5,1,1.61,409.86,12.9,61.87,8,5,2,3,0,0.8660254037844387,-0.4999999999999998,-0.4477590878387703,0.8941542368393679,396.14,52.88918558077436,11.253900000000002,8.629600000000002,0.5984500429141213,740.87,117.52,550.3833333333333,906.6433333333333,False,False,False,False,False,False,False,True,False,False
2026-02-05 16:00:00,9.27,67.9,34.5,42.1,308.49,186.55,23,1,4.91,495.91,19.41,72.49,16,5,2,3,0,-0.8660254037844384,-0.5000000000000004,0.9265286308718373,0.3762242631393654,495.04,50.66939611054248,45.5157,14.5245,0.6231617647058824,409.86,12.9,533.2433333333333,524.4866666666667,False,False,False,False,False,False,False,True,False,False
2026-02-05 21:00:00,7.43,31.0,12.5,37.0,370.86,210.98,0,0,3.52,527.95,64.41,76.8,21,5,2,3,0,-0.7071067811865477,0.7071067811865474,0.5150380749100542,0.8571673007021123,581.84,73.3720050441362,26.1536,4.625,0.6373917228103946,495.91,19.41,548.88,418.69000000000005,False,False,False,False,False,False,False,True,False,False
2026-02-06 19:00:00,4.37,201.6,18.3,87.9,200.63,165.48,3,1,3.33,479.7,110.75,49.98,19,6,2,4,0,-0.9659258262890684,0.2588190451025203,-0.3681245526846779,-0.9297764858882515,366.11,75.17659137577002,14.552100000000001,16.085700000000003,0.5480046980415721,527.95,64.41,477.90666666666675,491.00666666666683,False,False,False,False,False,False,False,True,False,False
2026-02-07 01:00:00,1.48,317.3,27.1,33.3,70.5,233.93,-12,0,2.03,455.62,111.21,89.75,1,7,2,5,1,0.25881904510252074,0.9659258262890683,-0.6781596698680706,0.7349145951499598,304.43,153.75252525252526,3.0043999999999995,9.0243,0.23158033045363466,479.7,110.75,501.1866666666667,480.99666666666684,False,False,False,False,False,False,False,True,False,False
2026-02-07 09:00:00,1.72,339.1,13.5,65.6,198.29,1106.58,6,0,4.73,642.95,55.65,-34.57,9,7,2,5,1,0.7071067811865476,-0.7071067811865475,-0.35673799931962497,0.9342044743210296,1304.87,587.7792792792793,8.1356,8.856,0.15196149808026854,455.62,111.21,487.75666666666666,417.4600000000001,False,False,False,False,False,False,False,True,False,False
2026-02-07 17:00:00,1.87,284.6,32.1,81.4,341.0,888.52,25,0,4.73,436.02,61.03,14.13,17,7,2,5,1,-0.9659258262890683,-0.25881904510252063,-0.9677091704819712,0.2520693582431136,1229.52,518.7848101265822,8.845100000000002,26.129400000000004,0.2773440041642267,642.95,55.65,526.09,658.4700000000001,False,False,False,False,False,False,False,True,False,False
2026-02-07 23:00:00,5.54,98.0,32.6,54.4,191.53,134.6,-8,1,1.19,454.58,26.54,53.44,23,7,2,5,1,-0.25881904510252157,0.9659258262890681,0.9902680687415704,-0.13917310096006535,326.13,53.99503311258278,6.5926,17.7344,0.5872811455554534,436.02,61.03,511.53,946.2733333333334,False,False,False,False,False,False,False,True,False,False
2026-02-08 01:00:00,3.52,90.7,14.8,52.3,421.82,582.27,0,0,0.61,666.76,71.76,-15.6,1,8,2,6,1,0.25881904510252074,0.9659258262890683,0.999925369660452,-0.012217000835247235,1004.0899999999999,249.773631840796,2.1471999999999998,7.740399999999999,0.420101783704648,454.58,26.54,511.18333333333334,953.5066666666668,False,False,False,False,False,False,False,True,False,False
2026-02-08 15:00:00,10.45,275.1,17.6,46.0,144.27,138.48,-5,0,0.61,600.42,73.0,0.38,15,8,2,6,1,-0.7071067811865471,-0.7071067811865479,-0.9960410654107695,0.08889429686644201,282.75,25.82191780821918,6.374499999999999,8.096,0.510238726790451,666.76,71.76,519.12,853.2466666666668,False,False,False,False,False,False,False,True,False,False
2026-02-08 16:00:00,7.41,89.2,34.3,88.7,63.68,387.17,-8,0,4.83,723.34,13.11,-43.27,16,8,2,6,1,-0.8660254037844384,-0.5000000000000004,0.9999025240093042,0.013962180339145352,450.85,56.99747155499368,35.7903,30.4241,0.14124431629144948,600.42,73.0,573.92,537.6566666666668,False,False,False,False,False,False,False,True,False,False
2026-02-08 18:00:00,3.78,36.7,20.2,93.9,306.28,1100.3,30,0,4.54,621.67,81.45,72.84,18,8,2,6,1,-1.0,-1.8369701987210297e-16,0.5976251469755212,0.801775644243754,1406.58,328.6401869158879,17.1612,18.9678,0.21774801291074805,723.34,13.11,663.5066666666667,579.2300000000001,False,False,False,False,False,False,False,True,False,False
2026-02-09 06:00:00,6.78,290.8,13.2,68.7,425.99,494.64,13,0,0.76,441.69,38.88,-22.87,6,9,2,0,0,1.0,6.123233995736766e-17,-0.9348256763960143,0.3551069624081373,920.63,126.46016483516483,5.1528,9.0684,0.4627157489979688,621.67,81.45,648.4766666666666,713.3933333333334,False,False,False,False,False,False,False,True,False,False
2026-02-09 07:00:00,3.37,249.4,33.3,86.7,229.61,1106.13,-9,1,1.23,727.2,28.96,18.68,7,9,2,0,0,0.9659258262890683,-0.25881904510252063,-0.9360595357389733,-0.35184164840470183,1335.7400000000002,345.15245478036184,4.1451,28.8711,0.1718972255079581,441.69,38.88,595.5666666666666,926.0200000000001,False,False,False,False,False,False,False,True,False,False
2026-02-09 16:00:00,7.44,326.5,19.9,90.9,189.47,894.1,-5,1,3.74,440.14,64.1,7.74,16,9,2,0,0,-0.8660254037844384,-0.5000000000000004,-0.5519369853120584,0.833885822067168,1083.57,136.46977329974808,27.8256,18.089100000000002,0.17485718504572847,727.2,28.96,596.8533333333334,1220.9833333333336,False,False,False,False,False,False,False,True,False,False
2026-02-10 15:00:00,3.1,106.6,29.6,83.1,352.45,973.14,-3,1,4.37,434.31,81.15,65.58,15,10,2,1,0,-0.7071067811865471,-0.7071067811865479,0.9583225744651332,-0.28568836740497344,1325.59,368.21944444444443,13.547,24.597599999999996,0.2658816074351798,440.14,64.1,536.3433333333332,1113.3133333333335,False,False,False,False,False,False,False,True,False,False
2026-02-10 17:00:00,0.96,159.1,13.2,46.6,196.14,763.62,16,1,0.64,711.29,30.74,8.4,17,10,2,1,0,-0.9659258262890683,-0.25881904510252063,0.35673799931962524,-0.9342044743210295,959.76,657.3698630136986,0.6144,6.1512,0.2043635908977244,434.31,81.15,533.8833333333333,1248.3000000000002,False,False,False,False,False,False,False,True,False,False
2026-02-10 18:00:00,4.25,124.8,20.5,47.1,425.66,835.79,15,1,0.34,650.85,34.51,38.93,18,10,2,1,0,-1.0,-1.8369701987210297e-16,0.8211492091337041,-0.5707135676844316,1261.45,265.5684210526316,1.445,9.6555,0.33743707638035597,711.29,30.74,528.58,1122.9733333333334,False,False,False,False,False,False,False,True,False,False
2026-02-11 06:00:00,5.63,47.4,26.0,55.9,473.18,470.62,-16,1,1.35,440.35,105.27,9.56,6,11,2,2,0,1.0,6.123233995736766e-17,0.7360970871197343,0.6768759696826608,943.8,153.96411092985318,7.6005,14.533999999999999,0.5013562195380378,650.85,34.51,598.8166666666666,1182.2666666666669,False,False,False,False,False,False,False,True,False,False
2026-02-11 09:00:00,1.5,91.2,28.3,34.5,489.64,939.64,-26,0,3.91,494.96,47.0,-36.76,9,11,2,2,0,0.7071067811865476,-0.7071067811865475,0.9997806834748455,-0.020942419883356926,1429.28,714.64,5.865,9.7635,0.34257808127168926,440.35,105.27,600.83,1055.0033333333333,False,False,False,False,False,False,False,True,False,False
2026-02-11 13:00:00,10.04,83.9,13.8,31.6,457.46,922.55,12,0,4.28,564.02,103.82,95.68,13,11,2,2,0,-0.2588190451025208,-0.9659258262890683,0.9943379441332046,0.10626407133623308,1380.01,130.93074003795067,42.971199999999996,4.3608,0.3314903515191919,494.96,47.0,528.72,1211.51,False,False,False,False,False,False,False,True,False,False
2026-02-11 17:00:00,11.33,5.8,13.7,59.3,495.59,1113.54,-29,1,4.08,438.76,48.29,-26.95,17,11,2,2,0,-0.9659258262890683,-0.25881904510252063,0.10105629718294634,0.9948807088287882,1609.1299999999999,136.0211327134404,46.2264,8.1241,0.3079863031576069,564.02,103.82,499.77666666666664,1251.03,False,False,False,False,False,False,False,True,False,False
2026-02-11 21:00:00,3.67,26.2,19.1,84.3,338.04,569.92,-22,1,3.84,644.79,13.55,95.85,21,11,2,2,0,-0.7071067811865477,0.7071067811865474,0.4415058527917452,0.8972583696743285,907.96,217.73621103117506,14.092799999999999,16.101300000000002,0.3723071500947178,438.76,48.29,499.2466666666667,1472.8066666666666,False,False,False,False,False,False,False,True,False,False
2026-02-11 23:00:00,8.56,78.4,19.9,58.5,119.06,907.47,9,1,0.08,558.23,69.83,12.94,23,11,2,2,0,-0.25881904510252157,0.9659258262890681,0.9795752495993441,0.20107792114596457,1026.53,113.30353200883002,0.6848000000000001,11.641499999999999,0.1159829717592277,644.79,13.55,549.19,1299.0333333333335,False,False,False,False,False,False,False,True,False,False
2026-02-12 06:00:00,4.95,291.2,24.4,64.6,269.63,1129.5,-1,0,3.62,629.97,83.95,-2.75,6,12,2,3,0,1.0,6.123233995736766e-17,-0.9323238012155123,0.3616245700820922,1399.13,256.7211009174312,17.919,15.762399999999998,0.1927126142674376,558.23,69.83,547.2600000000001,1181.2066666666667,False,False,False,False,False,False,False,True,False,False
2026-02-12 22:00:00,5.03,308.5,19.5,61.2,426.47,234.29,1,1,0.89,466.31,27.04,38.8,22,12,2,3,0,-0.5000000000000004,0.8660254037844384,-0.782608156852414,0.6225146366376193,660.76,119.48643761301989,4.4767,11.934000000000001,0.6454234517827956,629.97,83.95,610.9966666666668,1111.206666666667,False,False,False,False,False,False,False,True,False,False
2026-02-13 21:00:00,8.11,1.4,29.8,31.2,444.29,747.51,-14,0,0.19,433.64,12.8,95.94,21,13,2,4,0,-0.7071067811865477,0.7071067811865474,0.024432178152653153,0.9997014897811831,1191.8,138.4204413472706,1.5409,9.2976,0.37278905856687367,466.31,27.04,551.5033333333334,1028.8066666666668,False,False,False,False,False,False,False,True,False,False
2026-02-14 03:00:00,10.96,310.3,20.3,74.5,241.64,305.22,-20,0,2.77,692.25,67.02,3.62,3,14,2,5,1,0.7071067811865475,0.7071067811865476,-0.762668329695688,0.6467897795104599,546.86,47.719022687609076,30.3592,15.123500000000002,0.4418681198112862,433.64,12.8,509.97333333333336,1083.8966666666668,False,False,False,False,False,False,False,True,False,False
2026-02-14 19:00:00,10.59,103.3,29.8,67.4,173.59,457.93,-24,0,1.64,734.81,10.04,96.4,19,14,2,5,1,-0.9659258262890684,0.2588190451025203,0.9731788727770883,-0.23004973718810434,631.52,56.94499549143372,17.3676,20.0852,0.27487648847225743,692.25,67.02,530.7333333333333,799.8066666666668,False,False,False,False,False,False,False,True,False,False
2026-02-15 01:00:00,6.4,326.1,10.3,43.9,452.71,700.27,-7,1,1.62,681.59,57.26,-47.0,1,15,2,6,1,0.25881904510252074,0.9659258262890683,-0.55774510897969,0.8300122850953675,1152.98,167.09855072463768,10.368000000000002,4.5217,0.39264341098718103,734.81,10.04,620.2333333333333,790.0600000000001,False,False,False,False,False,False,False,True,False,False
2026-02-15 04:00:00,10.37,317.3,25.3,94.1,469.71,428.97,12,0,0.65,568.14,91.18,-31.57,4,15,2,6,1,0.8660254037844386,0.5000000000000001,-0.6781596698680706,0.7349145951499598,898.6800000000001,82.67525298988042,6.7405,23.8073,0.5226665776472158,681.59,57.26,702.8833333333333,777.1200000000002,False,False,False,False,False,False,False,True,False,False
2026-02-15 18:00:00,2.56,181.1,31.8,75.2,484.61,249.79,-30,1,3.69,657.99,25.08,10.62,18,15,2,6,1,-1.0,-1.8369701987210297e-16,-0.01919744239968968,-0.9998157121216442,734.4,240.0,9.4464,23.913600000000002,0.6598720043572985,568.14,91.18,661.5133333333333,894.3933333333334,False,False,False,False,False,False,False,True,False,False
2026-02-16 07:00:00,2.05,102.8,31.0,67.3,55.04,1147.66,-6,0,2.62,569.45,15.56,-14.48,7,16,2,0,0,0.9659258262890683,-0.25881904510252063,0.9751493543055633,-0.22154849761946732,1202.7,471.64705882352945,5.3709999999999996,20.862999999999996,0.045763698345389535,657.99,25.08,635.9066666666666,928.6866666666668,False,False,False,False,False,False,False,True,False,False
2026-02-16 12:00:00,9.51,20.6,29.7,81.0,244.78,714.6,-26,1,3.03,452.43,107.64,-11.14,12,16,2,0,0,1.2246467991473532e-16,-1.0,0.35184164840470183,0.9360595357389733,959.38,95.84215784215785,28.815299999999997,24.057,0.2551439471325231,569.45,15.56,598.5266666666668,945.2600000000001,False,False,False,False,False,False,False,True,False,False
2026-02-16 14:00:00,9.26,79.0,27.7,38.5,296.82,865.89,9,0,2.33,719.06,31.1,-25.52,14,16,2,0,0,-0.4999999999999997,-0.8660254037844388,0.981627183447664,0.19080899537654492,1162.71,119.13012295081968,21.5758,10.6645,0.25528291663441444,452.43,107.64,559.9566666666667,965.4933333333333,False,False,False,False,False,False,False,True,False,False
2026-02-16 21:00:00,10.78,113.9,22.7,64.7,80.57,756.33,18,1,3.27,695.78,71.76,-45.29,21,16,2,0,0,-0.7071067811865477,0.7071067811865474,0.9142539552342638,-0.4051415867798625,836.9000000000001,74.19326241134753,35.2506,14.686900000000001,0.09627195602819928,719.06,31.1,580.3133333333334,1108.2633333333333,False,False,False,False,False,False,False,True,False,False
2026-02-17 00:00:00,11.16,4.6,10.7,46.4,259.19,427.57,11,1,1.91,551.82,101.86,63.35,0,17,2,1,0,0.0,1.0,0.08019892432885892,0.9967788784562471,686.76,58.898799313893655,21.3156,4.964799999999999,0.37740986662007103,695.78,71.76,622.4233333333333,986.33,False,False,False,False,False,False,False,True,False,False
2026-02-17 01:00:00,11.56,286.4,25.1,80.5,478.21,161.04,-28,1,4.94,570.02,73.0,40.65,1,17,2,1,0,0.25881904510252074,0.9659258262890683,-0.9593139745400576,0.2823414568428762,639.25,53.00580431177446,57.10640000000001,20.2055,0.7480797809933516,551.82,101.86,655.5533333333333,895.4566666666666,False,False,False,False,False,False,False,True,False,False
2026-02-18 15:00:00,11.95,335.3,11.2,93.2,51.97,551.85,-6,1,2.08,452.02,49.62,22.04,15,18,2,2,0,-0.7071067811865471,-0.7071067811865479,-0.4178670738010768,0.9085081775267217,603.82,48.4995983935743,24.855999999999998,10.4384,0.08606869596899737,570.02,73.0,605.8733333333333,720.9699999999999,False,False,False,False,False,False,False,True,False,False
2026-02-18 18:00:00,6.63,7.0,14.9,86.1,409.67,467.64,-29,0,4.06,729.87,117.87,70.92,18,18,2,2,0,-1.0,-1.8369701987210297e-16,0.12186934340514748,0.992546151641322,877.31,123.04488078541374,26.917799999999996,12.828899999999999,0.4669615073349216,452.02,49.62,524.62,643.2766666666666,False,False,False,False,False,False,False,True,False,False
2026-02-19 01:00:00,3.11,327.2,13.3,63.9,242.98,1155.83,29,1,2.98,617.44,72.99,26.28,1,19,2,3,0,0.25881904510252074,0.9659258262890683,-0.54170821028274,0.8405666034956842,1398.81,387.4819944598338,9.2678,8.4987,0.1737047919302836,729.87,117.87,583.9699999999999,706.7933333333334,False,False,False,False,False,False,False,True,False,False
2026-02-20 10:00:00,8.76,177.0,29.7,77.4,404.54,512.54,-15,1,3.76,656.18,44.22,25.8,10,20,2,4,0,0.49999999999999994,-0.8660254037844387,0.05233595624294381,-0.9986295347545738,917.0799999999999,99.03671706263498,32.937599999999996,22.987800000000004,0.44111745976359756,617.44,72.99,599.7766666666666,959.98,False,False,False,False,False,False,False,True,False,False
2026-02-21 05:00:00,1.09,77.5,21.3,69.4,94.45,228.2,-10,0,0.29,550.84,13.94,-29.15,5,21,2,5,1,0.9659258262890683,0.25881904510252074,0.9762960071199334,0.2164396139381029,322.65,202.92452830188677,0.3161,14.782200000000003,0.2927320626065396,656.18,44.22,667.83,1064.3999999999999,False,False,False,False,False,False,False,True,False,False
2026-02-21 09:00:00,4.13,327.9,24.3,43.8,219.07,774.38,29,0,1.03,439.07,73.53,-13.89,9,21,2,5,1,0.7071067811865476,-0.7071067811865475,-0.5313985795180837,0.8471219213821367,993.45,214.56803455723545,4.2539,10.6434,0.22051436911772104,550.84,13.94,608.1533333333333,879.5133333333333,False,False,False,False,False,False,False,True,False,False
2026-02-21 14:00:00,11.71,75.7,15.7,69.3,473.86,569.03,-3,1,3.61,686.64,30.0,-43.77,14,21,2,5,1,-0.4999999999999997,-0.8660254037844388,0.9690157314068695,0.246999012722743,1042.8899999999999,85.4127764127764,42.2731,10.8801,0.45437198554018166,439.07,73.53,548.6966666666666,744.3933333333333,False,False,False,False,False,False,False,True,False,False
2026-02-21 18:00:00,11.81,145.1,12.9,58.9,95.1,584.59,2,0,0.98,475.09,77.16,-35.37,18,21,2,5,1,-1.0,-1.8369701987210297e-16,0.5721458734455162,-0.8201518758737721,679.69,55.214459788789604,11.5738,7.5981000000000005,0.13991672674307404,686.64,30.0,558.85,786.3299999999999,False,False,False,False,False,False,False,True,False,False
2026-02-22 10:00:00,2.04,242.3,26.4,30.8,150.75,120.18,26,0,4.02,638.06,116.09,39.14,10,22,2,6,1,0.49999999999999994,-0.8660254037844387,-0.8853936257544157,-0.4648420457246199,270.93,106.66535433070867,8.2008,8.1312,0.5564167866238512,475.09,77.16,533.6,905.3433333333332,False,False,False,False,False,False,False,True,False,False
2026-02-22 14:00:00,4.5,49.1,24.1,51.5,453.21,680.7,4,0,1.89,478.53,97.71,-3.18,14,22,2,6,1,-0.4999999999999997,-0.8660254037844388,0.7558534691676395,0.6547408137173397,1133.91,226.782,8.504999999999999,12.4115,0.39968780591052194,638.06,116.09,599.93,664.5033333333333,False,False,False,False,False,False,False,True,False,False
2026-02-23 09:00:00,6.32,45.5,16.3,66.8,64.45,360.86,-8,0,4.38,470.45,18.88,-23.1,9,23,2,0,0,0.7071067811865476,-0.7071067811865475,0.7132504491541816,0.7009092642998509,425.31,62.36217008797654,27.6816,10.888399999999999,0.15153652629846465,478.53,97.71,530.56,694.8433333333334,False,False,False,False,False,False,False,True,False,False
2026-02-23 11:00:00,10.37,130.4,23.0,37.1,358.87,903.62,-21,0,1.24,734.67,49.42,0.7,11,23,2,0,0,0.258819045102521,-0.9659258262890682,0.7615383075367367,-0.6481199010631309,1262.49,116.1444342226311,12.858799999999999,8.533000000000001,0.2842557168769654,470.45,18.88,529.0133333333333,610.0500000000001,False,False,False,False,False,False,False,True,False,False
2026-02-23 18:00:00,0.61,196.8,31.8,58.8,366.33,1180.49,-11,1,0.76,550.46,50.54,62.73,18,23,2,0,0,-1.0,-1.8369701987210297e-16,-0.28903179694447184,-0.9573194975320671,1546.82,1393.5315315315315,0.4636,18.6984,0.2368278144839089,734.67,49.42,561.2166666666666,940.57,False,False,False,False,False,False,False,True,False,False
2026-02-24 14:00:00,5.96,334.3,14.6,38.1,295.71,521.86,27,0,2.06,485.53,85.42,-49.66,14,24,2,1,0,-0.4999999999999997,-0.8660254037844388,-0.4336590845875442,0.9010770213220917,817.5699999999999,126.55882352941175,12.2776,5.5626,0.361693799919273,550.46,50.54,585.1933333333333,1078.2066666666667,False,False,False,False,False,False,False,True,False,False
2026-02-25 01:00:00,2.59,135.7,28.3,86.3,428.24,858.07,23,1,4.29,477.9,59.52,-48.07,1,25,2,2,0,0.25881904510252074,0.9659258262890683,0.6984152854310062,-0.7156927337037355,1286.31,416.28155339805824,11.111099999999999,24.4229,0.3329213020189535,485.53,85.42,590.2199999999999,1208.96,False,False,False,False,False,False,False,True,False,False
2026-02-25 06:00:00,2.03,90.2,14.6,87.6,68.92,722.09,21,1,0.47,578.57,75.6,37.88,6,25,2,2,0,1.0,6.123233995736766e-17,0.9999939076577904,-0.0034906514152236758,791.01,312.6521739130435,0.9540999999999998,12.789599999999998,0.08712911341196698,477.9,59.52,504.62999999999994,1216.8999999999999,False,False,False,False,False,False,False,True,False,False
2026-02-25 11:00:00,9.42,311.6,16.3,30.9,332.47,802.61,9,0,1.55,620.47,30.7,-7.9,11,25,2,2,0,0.258819045102521,-0.9659258262890682,-0.747798090498532,0.6639262126522415,1135.08,114.42338709677419,14.601,5.0367,0.2929044648835325,578.57,75.6,514.0,964.9633333333333,False,False,False,False,False,False,False,True,False,False
2026-02-26 08:00:00,2.17,95.4,13.4,88.1,457.81,691.07,-17,0,2.05,679.13,79.59,94.06,8,26,2,3,0,0.8660254037844387,-0.4999999999999998,0.99556196460308,-0.09410831331851438,1148.88,430.2921348314607,4.448499999999999,11.805399999999999,0.39848374068658166,620.47,30.7,558.98,1070.8,False,False,False,False,False,False,False,True,False,False
2026-02-26 18:00:00,1.79,262.6,30.1,45.1,279.15,294.78,-15,0,4.54,630.25,35.82,93.43,18,26,2,3,0,-1.0,-1.8369701987210297e-16,-0.9916711623830905,-0.12879559657756204,573.93,250.62445414847159,8.1266,13.575100000000003,0.48638335685536566,679.13,79.59,626.0566666666667,1024.99,False,False,False,False,False,False,False,True,False,False
2026-02-27 05:00:00,8.96,88.9,24.8,80.4,419.74,135.73,-2,0,0.12,645.81,48.48,68.85,5,27,2,4,0,0.9659258262890683,0.25881904510252074,0.9998157121216442,0.01919744239968964,555.47,58.717758985200845,1.0752000000000002,19.939200000000003,0.7556483698489567,630.25,35.82,643.2833333333333,952.63,False,False,False,False,False,False,False,True,False,False
2026-02-27 12:00:00,11.2,47.2,22.1,39.6,413.76,497.81,29,1,4.42,679.06,114.38,-44.11,12,27,2,4,0,1.2246467991473532e-16,-1.0,0.7337298645028764,0.6794413042615165,911.5699999999999,77.91196581196581,49.504,8.751600000000002,0.4538982195552728,645.81,48.48,651.73,759.4266666666667,False,False,False,False,False,False,False,True,False,False
2026-02-27 13:00:00,0.78,216.3,23.6,72.5,168.53,761.51,-5,1,2.65,635.54,49.27,34.96,13,27,2,4,0,-0.2588190451025208,-0.9659258262890683,-0.5920131787992196,-0.8059282822485158,930.04,726.59375,2.067,17.11,0.1812072599027999,679.06,114.38,651.7066666666666,680.3233333333333,False,False,False,False,False,False,False,True,False,False
2026-02-27 19:00:00,1.25,155.7,19.7,82.5,249.64,1048.62,9,1,2.11,640.46,25.75,34.75,19,27,2,4,0,-0.9659258262890684,0.2588190451025203,0.4115143586051091,-0.9114032766354451,1298.2599999999998,741.862857142857,2.6374999999999997,16.2525,0.19228813950980544,635.54,49.27,653.4699999999999,799.0266666666666,False,False,False,False,False,False,False,True,False,False
2026-02-28 08:00:00,5.78,233.3,21.6,32.1,337.8,349.91,7,0,0.23,650.53,19.32,-24.7,8,28,2,5,1,0.8660254037844387,-0.4999999999999998,-0.8017756442437538,-0.5976251469755214,687.71,109.5079617834395,1.3294000000000001,6.933600000000001,0.4911954166727254,640.46,25.75,651.6866666666666,1046.6233333333332,False,False,False,False,False,False,False,True,False,False
2026-03-01 01:00:00,4.13,72.5,27.9,70.1,426.41,431.57,7,1,1.37,403.65,37.2,57.67,1,1,3,6,1,0.25881904510252074,0.9659258262890683,0.9537169507482269,0.30070579950427306,857.98,185.3088552915767,5.6581,19.557899999999997,0.496992936898296,650.53,19.32,642.1766666666666,972.0033333333332,False,False,False,False,False,False,False,True,False,False
2026-03-01 05:00:00,7.37,24.1,20.2,44.5,404.91,798.45,0,0,4.85,574.75,109.15,21.28,5,1,3,6,1,0.9659258262890683,0.25881904510252074,0.40833046038138493,0.9128341772330428,1203.3600000000001,152.90470139771284,35.744499999999995,8.988999999999999,0.3364828480255285,403.65,37.2,564.88,947.9833333333332,False,False,False,False,False,False,False,True,False,False
2026-03-01 12:00:00,9.94,146.9,34.8,75.8,142.93,200.38,27,0,2.92,490.73,30.47,-46.65,12,1,3,6,1,1.2246467991473532e-16,-1.0,0.5461019610144292,-0.8377187166204387,343.31,32.88409961685824,29.0248,26.378399999999996,0.41632926509568613,574.75,109.15,542.9766666666666,916.35,False,False,False,False,False,False,False,True,False,False
2026-03-01 20:00:00,1.67,326.7,34.9,31.3,298.3,820.31,8,1,4.89,699.08,98.42,53.31,20,1,3,6,1,-0.8660254037844386,0.5000000000000001,-0.5490228179981321,0.8358073613682699,1118.61,515.4884792626727,8.1663,10.923699999999998,0.26667024253314386,490.73,30.47,489.71000000000004,801.5500000000001,False,False,False,False,False,False,False,True,False,False
2026-03-02 00:00:00,1.06,147.6,10.5,34.7,102.0,215.43,12,0,0.4,530.18,31.15,83.87,0,2,3,0,0,0.0,1.0,0.5358267949789967,-0.8443279255020151,317.43,203.48076923076923,0.42400000000000004,3.6435000000000004,0.3213306870806162,699.08,98.42,588.1866666666666,888.4266666666666,False,False,False,False,False,False,False,True,False,False
2026-03-02 02:00:00,5.54,25.4,16.9,62.0,392.25,288.66,5,0,2.86,699.95,45.32,-3.38,2,2,3,0,0,0.49999999999999994,0.8660254037844387,0.4289351334031458,0.9033352928633008,680.9100000000001,112.73344370860929,15.8444,10.478,0.5760673216724677,530.18,31.15,573.3299999999999,593.1166666666667,False,False,False,False,False,False,False,True,False,False
2026-03-02 11:00:00,1.16,265.9,30.2,30.9,221.5,1194.56,-20,0,0.98,473.82,29.15,61.25,11,2,3,0,0,0.258819045102521,-0.9659258262890682,-0.997440782930944,-0.0714974443326861,1416.06,853.0481927710844,1.1367999999999998,9.3318,0.1564199257093626,699.95,45.32,643.07,705.65,False,False,False,False,False,False,False,True,False,False
2026-03-02 15:00:00,1.06,45.5,25.1,66.0,230.3,173.14,-26,0,2.34,709.7,16.18,-39.18,15,2,3,0,0,-0.7071067811865471,-0.7071067811865479,0.7132504491541816,0.7009092642998509,403.44,258.6153846153846,2.4804,16.566000000000003,0.5708407693833036,473.82,29.15,567.9833333333333,804.8000000000001,False,False,False,False,False,False,False,True,False,False
2026-03-02 16:00:00,7.09,340.5,30.7,32.1,493.78,1148.35,-13,0,4.49,486.5,111.22,-18.1,16,2,3,0,0,-0.8660254037844384,-0.5000000000000004,-0.3338068592337713,0.9426414910921783,1642.1299999999999,216.35441370223978,31.8341,9.854700000000001,0.3006948292766103,709.7,16.18,627.8233333333334,833.4700000000001,False,False,False,False,False,False,False,True,False,False
2026-03-02 18:00:00,4.26,278.9,16.9,90.1,245.74,520.24,-18,0,3.44,718.31,75.02,92.7,18,2,3,0,0,-1.0,-1.8369701987210297e-16,-0.9879598657693891,0.154710386299468,765.98,160.9201680672269,14.654399999999999,15.226899999999999,0.3208177759210423,486.5,111.22,556.6733333333333,1153.8766666666668,False,False,False,False,False,False,False,True,False,False
2026-03-02 21:00:00,3.65,259.2,21.2,80.7,95.08,899.41,-23,1,0.84,654.3,100.27,-32.78,21,2,3,0,0,-0.7071067811865477,0.7071067811865474,-0.9822872507286887,-0.18738131458572463,994.49,239.63614457831324,3.066,17.1084,0.09560679343180926,718.31,75.02,638.17,937.1833333333334,False,False,False,False,False,False,False,True,False,False
2026-03-02 23:00:00,8.96,78.9,12.3,63.8,231.34,771.82,-24,0,0.82,678.23,29.15,39.92,23,2,3,0,0,-0.25881904510252157,0.9659258262890681,0.9812926639922451,0.19252196652590745,1003.1600000000001,106.04228329809725,7.3472,7.8474,0.23061126839188165,654.3,100.27,619.7033333333333,1134.2,False,False,False,False,False,False,False,True,False,False
2026-03-04 01:00:00,4.11,269.9,15.4,45.8,457.47,1025.86,-6,0,2.4,646.07,66.26,-16.96,1,4,3,2,0,0.25881904510252074,0.9659258262890683,-0.9999984769132877,-0.0017453283658983838,1483.33,321.763557483731,9.864,7.0531999999999995,0.3084074346234486,678.23,29.15,683.6133333333333,921.21,False,False,False,False,False,False,False,True,False,False
2026-03-04 03:00:00,0.88,171.4,18.1,34.2,148.91,907.64,9,1,0.4,515.18,118.4,-39.76,3,4,3,2,0,0.7071067811865475,0.7071067811865476,0.14953534344370964,-0.9887563810470058,1056.55,765.6159420289855,0.35200000000000004,6.190200000000001,0.14093985140315177,646.07,66.26,659.5333333333333,1160.3266666666666,False,False,False,False,False,False,False,True,False,False
2026-01-02 00:00:00,1.49,236.4,19.6,34.4,62.81,512.77,-16,0,1.79,436.36,83.28,-21.28,0,2,1,4,0,0.0,1.0,-0.8329212407100994,-0.5533915492433442,575.5799999999999,289.2361809045226,2.6671,6.7424,0.10912470898919353,553.6751748251748,67.88552447552448,553.7449417249417,950.6175757575759,False,False,False,False,False,False,False,False,True,False
2026-01-02 06:00:00,7.83,243.7,13.7,87.8,457.86,326.76,-14,0,3.1,517.7,83.29,28.53,6,2,1,4,0,1.0,6.123233995736766e-17,-0.8964864303834406,-0.44307119082417973,784.62,94.19207683073229,24.273,12.028599999999999,0.5835436262139635,436.36,83.28,436.36,575.5799999999999,False,False,False,False,False,False,False,False,True,False
2026-01-02 12:00:00,4.04,37.7,33.7,50.4,355.53,233.19,-30,0,4.43,402.06,104.57,-34.18,12,2,1,4,0,1.2246467991473532e-16,-1.0,0.6115270401858311,0.79122353296749,588.72,129.6740088105727,17.897199999999998,16.9848,0.6039033836119038,517.7,83.29,477.03000000000003,680.0999999999999,False,False,False,False,False,False,False,False,True,False
2026-01-02 16:00:00,7.21,46.9,32.4,86.3,58.31,726.38,8,1,2.79,687.35,27.38,44.66,16,2,1,4,0,-0.8660254037844384,-0.5000000000000004,0.7301622766207524,0.6832737736807991,784.69,101.77561608300908,20.1159,27.961199999999998,0.07430959996941468,402.06,104.57,452.04,649.64,False,False,False,False,False,False,False,False,True,False
2026-01-02 19:00:00,7.87,35.1,12.8,44.0,405.68,919.65,23,1,0.53,548.92,65.02,49.23,19,2,1,4,0,-0.9659258262890684,0.2588190451025203,0.5750052520432786,0.8181497174250234,1325.33,158.34289127837513,4.1711,5.632000000000001,0.30609734933940985,687.35,27.38,535.7033333333334,719.3433333333334,False,False,False,False,False,False,False,False,True,False
2026-01-03 21:00:00,6.32,281.1,32.6,41.3,231.3,337.17,-15,1,2.73,590.03,100.01,-17.52,21,3,1,5,1,-0.7071067811865477,0.7071067811865474,-0.9812926639922451,0.19252196652590764,568.47,83.3533724340176,17.253600000000002,13.463799999999999,0.4068816296374479,548.92,65.02,546.11,899.58,False,False,False,False,False,False,False,False,True,False
2026-01-04 04:00:00,1.82,274.4,16.4,31.3,356.69,863.7,-21,1,3.33,472.37,87.81,25.96,4,4,1,6,1,0.8660254037844386,0.5000000000000001,-0.9970527522269202,0.07671902812681812,1220.39,526.0301724137931,6.0606,5.1331999999999995,0.29227542015257413,590.03,100.01,608.7666666666667,892.8299999999999,False,False,False,False,False,False,False,False,True,False
2026-01-04 05:00:00,10.66,337.0,14.8,73.6,356.05,222.98,-22,0,1.86,643.4,39.91,77.4,5,4,1,6,1,0.9659258262890683,0.25881904510252074,-0.3907311284892739,0.9205048534524403,579.03,51.884408602150536,19.8276,10.8928,0.6149076904478179,472.37,87.81,537.1066666666666,1038.0633333333333,False,False,False,False,False,False,False,False,True,False
2026-01-04 07:00:00,4.95,62.9,10.0,88.4,474.05,373.56,-7,0,3.53,431.87,83.23,-10.89,7,4,1,6,1,0.9659258262890683,-0.25881904510252063,0.8902128046111265,0.4555449072335155,847.61,155.52477064220184,17.4735,8.84,0.5592784417361758,643.4,39.91,568.5999999999999,789.2966666666667,False,False,False,False,False,False,False,False,True,False
2026-01-04 09:00:00,5.58,265.5,12.0,82.3,68.89,797.46,2,1,1.21,499.73,24.93,-4.28,9,4,1,6,1,0.7071067811865476,-0.7071067811865475,-0.996917333733128,-0.07845909572784468,866.35,142.49177631578948,6.7518,9.876,0.0795175160154672,431.87,83.23,515.88,882.3433333333334,False,False,False,False,False,False,False,False,True,False
2026-01-05 00:00:00,2.37,234.8,24.3,39.3,234.28,425.69,-22,0,4.64,723.55,65.72,-32.63,0,5,1,0,0,0.0,1.0,-0.8171448983351284,-0.5764323161697934,659.97,229.9547038327526,10.9968,9.549900000000001,0.3549858326893647,499.73,24.93,525.0,764.3299999999999,False,False,False,False,False,False,False,False,True,False
2026-01-05 02:00:00,2.9,214.6,13.5,50.1,466.49,886.34,11,0,0.61,602.26,101.98,0.81,2,5,1,0,0,0.49999999999999994,0.8660254037844387,-0.5678437450531013,-0.8231363685344418,1352.83,397.8911764705882,1.769,6.7635000000000005,0.3448252921653127,723.55,65.72,551.7166666666666,791.3100000000001,False,False,False,False,False,False,False,False,True,False
2026-01-05 23:00:00,7.25,293.7,32.2,94.5,499.06,1192.49,28,0,2.28,406.04,51.9,-47.64,23,5,1,0,0,-0.25881904510252157,0.9659258262890681,-0.9156625933395611,0.40194777665596,1691.55,218.26451612903224,16.529999999999998,30.429000000000002,0.29503118441665926,602.26,101.98,608.5133333333332,959.7166666666666,False,False,False,False,False,False,False,False,True,False
2026-01-06 16:00:00,7.18,303.5,16.1,35.5,298.78,1114.34,-13,0,0.22,488.67,52.61,40.4,16,6,1,1,0,-0.8660254037844384,-0.5000000000000004,-0.8338858220671683,0.551936985312058,1413.12,184.0,1.5796,5.7155000000000005,0.21143285778985507,406.04,51.9,577.2833333333333,1234.7833333333333,False,False,False,False,False,False,False,False,True,False
2026-01-06 22:00:00,0.75,229.4,15.4,72.3,236.33,473.69,24,0,4.94,523.58,72.69,98.04,22,6,1,1,0,-0.5000000000000004,0.8660254037844384,-0.759271307334881,-0.6507742172658506,710.02,568.016,3.705,11.1342,0.3328497788794682,488.67,52.61,498.98999999999995,1485.8333333333333,False,False,False,False,False,False,False,False,True,False
2026-01-07 02:00:00,3.72,358.6,15.4,52.3,370.43,599.46,0,1,4.99,594.4,38.12,96.79,2,7,1,2,0,0.49999999999999994,0.8660254037844387,-0.024432178152652764,0.9997014897811831,969.8900000000001,229.83175355450237,18.562800000000003,8.0542,0.3819299095773747,523.58,72.69,472.7633333333333,1271.5633333333333,False,False,False,False,False,False,False,False,True,False
2026-01-07 03:00:00,2.02,170.8,31.5,56.7,310.98,981.33,21,0,4.9,652.29,61.06,-32.49,3,7,1,2,0,0.7071067811865475,0.7071067811865476,0.15988118769183476,-0.9871362650729879,1292.31,512.8214285714286,9.898000000000001,17.860500000000002,0.24063885600204288,594.4,38.12,535.5500000000001,1031.01,False,False,False,False,False,False,False,False,True,False
2026-01-07 05:00:00,7.91,155.5,23.0,63.2,362.3,1111.48,-23,0,2.28,454.98,20.32,-40.66,5,7,1,2,0,0.9659258262890683,0.25881904510252074,0.4146932426562392,-0.9099612708765431,1473.78,175.24137931034483,18.034799999999997,14.536000000000001,0.2458304495922051,652.29,61.06,590.09,990.7400000000001,False,False,False,False,False,False,False,False,True,False
2026-01-07 10:00:00,4.91,217.5,26.4,89.8,207.71,202.66,3,0,4.63,477.98,14.92,86.16,10,7,1,2,0,0.49999999999999994,-0.8660254037844387,-0.6087614290087207,-0.7933533402912352,410.37,75.8539741219963,22.7333,23.707199999999997,0.5061529838925848,454.98,20.32,567.2233333333334,1245.3266666666666,False,False,False,False,False,False,False,False,True,False
2026-01-07 18:00:00,9.7,76.1,21.4,90.7,269.64,1093.3,12,1,1.84,698.33,21.05,92.67,18,7,1,2,0,-1.0,-1.8369701987210297e-16,0.9707164815781908,0.2402280424772638,1362.94,133.62156862745098,17.848,19.4098,0.19783702877602827,477.98,14.92,528.4166666666666,1058.82,False,False,False,False,False,False,False,False,True,False
2026-01-09 10:00:00,11.54,203.7,12.4,77.1,108.71,368.22,-16,0,4.68,591.03,104.68,41.15,10,9,1,4,0,0.49999999999999994,-0.8660254037844387,-0.40194777665596004,-0.9156625933395611,476.93,39.61212624584718,54.00719999999999,9.5604,0.22793701381754133,698.33,21.05,543.7633333333333,1082.3633333333335,False,False,False,False,False,False,False,False,True,False
2026-01-09 22:00:00,2.45,342.8,27.2,34.9,276.19,861.0,27,1,2.95,638.09,109.39,12.32,22,9,1,4,0,-0.5000000000000004,0.8660254037844384,-0.29570805004404693,0.9552783621223436,1137.19,385.4881355932203,7.227500000000001,9.492799999999999,0.24287058451094362,591.03,104.68,589.1133333333333,750.0799999999999,False,False,False,False,False,False,False,False,True,False
2026-01-10 05:00:00,8.37,224.3,15.4,70.7,118.9,931.96,25,1,3.07,515.66,91.54,73.75,5,10,1,5,1,0.9659258262890683,0.25881904510252074,-0.698415285431006,-0.7156927337037358,1050.8600000000001,118.47350620067647,25.695899999999995,10.8878,0.11314542374816816,638.09,109.39,642.4833333333332,992.3533333333335,False,False,False,False,False,False,False,False,True,False
2026-01-10 06:00:00,11.41,160.9,26.7,71.5,171.17,957.96,-15,0,2.75,566.09,111.45,60.4,6,10,1,5,1,1.0,6.123233995736766e-17,0.32721789897910375,-0.944948912157531,1129.13,94.80520570948784,31.3775,19.0905,0.15159459052544877,515.66,91.54,581.5933333333334,888.3266666666668,False,False,False,False,False,False,False,False,True,False
2026-01-10 13:00:00,7.88,150.8,30.6,44.0,179.9,1111.56,7,1,0.61,499.41,10.22,65.44,13,10,1,5,1,-0.2588190451025208,-0.9659258262890683,0.48785965913873264,-0.8729220772698097,1291.46,154.11217183770884,4.8068,13.464,0.139299707308008,566.09,111.45,573.2800000000001,1105.7266666666667,False,False,False,False,False,False,False,False,True,False
2026-01-10 21:00:00,11.5,347.7,27.3,32.5,251.7,354.03,-27,0,4.69,735.14,46.96,30.5,21,10,1,5,1,-0.7071067811865477,0.7071067811865474,-0.21303038627497678,0.9770455744352636,605.73,50.4775,53.935,8.8725,0.41553167252736367,499.41,10.22,527.0533333333333,1157.1499999999999,False,False,False,False,False,False,False,False,True,False
2026-01-10 22:00:00,7.39,62.9,19.8,70.0,320.46,208.28,-27,0,0.54,532.07,94.65,62.37,22,10,1,5,1,-0.5000000000000004,0.8660254037844384,0.8902128046111265,0.4555449072335155,528.74,67.01394169835235,3.9906,13.86,0.6060823845368234,735.14,46.96,600.2133333333334,1008.7733333333335,False,False,False,False,False,False,False,False,True,False
2026-01-11 16:00:00,10.55,148.0,26.0,60.1,362.18,199.92,-22,1,2.69,459.62,73.61,84.68,16,11,1,6,1,-0.8660254037844384,-0.5000000000000004,0.5299192642332049,-0.848048096156426,562.1,50.86877828054298,28.3795,15.626000000000001,0.6443337484433375,532.07,94.65,588.8733333333333,808.6433333333334,False,False,False,False,False,False,False,False,True,False
2026-01-11 18:00:00,3.08,7.1,13.4,86.1,433.84,363.57,26,0,1.35,427.06,31.52,47.96,18,11,1,6,1,-1.0,-1.8369701987210297e-16,0.1236014767404927,0.9923319378854887,797.41,222.74022346368713,4.158,11.5374,0.5440613987785455,459.62,73.61,575.61,565.5233333333334,False,False,False,False,False,False,False,False,True,False
2026-01-12 00:00:00,4.34,244.9,26.3,46.0,264.19,704.07,11,0,1.8,698.78,78.52,75.63,0,12,1,0,0,0.0,1.0,-0.9055687990111397,-0.4241994227453898,968.26,200.05371900826447,7.812,12.097999999999999,0.27285026749013697,427.06,31.52,472.9166666666667,629.4166666666666,False,False,False,False,False,False,False,False,True,False
2026-01-13 11:00:00,7.06,16.1,22.4,66.0,160.16,217.87,11,1,3.28,422.68,87.78,-0.55,11,13,1,1,0,0.258819045102521,-0.9659258262890682,0.2773146533023778,0.9607791541575941,378.03,50.00396825396825,23.156799999999997,14.783999999999999,0.4236700790942518,698.78,78.52,528.4866666666667,775.9233333333333,False,False,False,False,False,False,False,False,True,False
2026-01-14 00:00:00,6.11,181.2,11.8,40.7,287.88,1061.04,9,0,2.56,662.28,100.5,20.92,0,14,1,2,0,0.0,1.0,-0.020942419883356867,-0.9997806834748455,1348.92,204.07261724659608,15.6416,4.802600000000001,0.213415176585713,422.68,87.78,516.1733333333333,714.5666666666666,False,False,False,False,False,False,False,False,True,False
2026-01-14 17:00:00,7.7,180.7,12.8,33.4,249.12,1032.37,21,0,4.35,412.88,18.84,15.55,17,14,1,2,0,-0.9659258262890683,-0.25881904510252063,-0.01221700083524673,-0.999925369660452,1281.4899999999998,156.2792682926829,33.495,4.2752,0.19439870775425486,662.28,100.5,594.5799999999999,898.4033333333333,False,False,False,False,False,False,False,False,True,False
2026-01-15 01:00:00,7.14,307.2,22.6,86.7,355.51,734.61,-13,0,0.14,503.38,105.93,43.17,1,15,1,3,0,0.25881904510252074,0.9659258262890683,-0.7965299180241967,0.6045991148623744,1090.12,142.68586387434553,0.9996,19.594200000000004,0.3261200601768613,412.88,18.84,499.2799999999999,1002.8133333333332,False,False,False,False,False,False,False,False,True,False
2026-01-15 05:00:00,5.44,94.6,25.3,54.8,393.91,166.49,19,1,1.56,711.4,33.45,87.52,5,15,1,3,0,0.9659258262890683,0.25881904510252074,0.9967788784562471,-0.08019892432885875,560.4000000000001,94.34343434343435,8.486400000000001,13.8644,0.7029086366880799,503.38,105.93,526.18,1240.1766666666665,False,False,False,False,False,False,False,False,True,False
2026-01-15 17:00:00,7.58,314.5,18.8,85.0,90.64,1036.2,30,1,1.82,405.12,116.56,12.42,17,15,1,3,0,-0.9659258262890683,-0.25881904510252063,-0.7132504491541813,0.7009092642998511,1126.8400000000001,139.46039603960398,13.7956,15.98,0.08043732916829363,711.4,33.45,542.5533333333333,977.3366666666667,False,False,False,False,False,False,False,False,True,False
2026-01-17 06:00:00,9.24,110.6,10.2,54.0,457.68,544.74,21,0,4.98,620.35,37.73,40.22,6,17,1,5,1,1.0,6.123233995736766e-17,0.9360595357389734,-0.3518416484047016,1002.4200000000001,102.91786447638604,46.01520000000001,5.507999999999999,0.456575088286347,405.12,116.56,539.9666666666666,925.7866666666667,False,False,False,False,False,False,False,False,True,False
2026-01-17 14:00:00,9.49,135.8,10.0,51.5,262.53,156.89,0,0,4.87,415.71,73.28,90.62,14,17,1,5,1,-0.4999999999999997,-0.8660254037844388,0.6971651028545642,-0.716910607650483,419.41999999999996,41.983983983983975,46.216300000000004,5.15,0.6259358161270325,620.35,37.73,578.9566666666666,896.5533333333334,False,False,False,False,False,False,False,False,True,False
2026-01-18 03:00:00,7.92,267.1,34.8,86.7,365.08,305.16,9,0,3.14,517.43,83.66,20.46,3,18,1,6,1,0.7071067811865475,0.7071067811865476,-0.9987193571841863,-0.050592940076713014,670.24,79.60095011876484,24.8688,30.171599999999998,0.5447004058247792,415.71,73.28,480.3933333333332,849.5600000000001,False,False,False,False,False,False,False,False,True,False
2026-01-20 13:00:00,10.26,22.6,30.3,62.2,306.11,840.73,13,0,1.9,662.56,93.89,7.27,13,20,1,1,0,-0.2588190451025208,-0.9659258262890683,0.38429532265980376,0.9232102171129809,1146.8400000000001,106.58364312267659,19.494,18.846600000000002,0.2669160475742039,517.43,83.66,517.8299999999999,697.36,False,False,False,False,False,False,False,False,True,False
2026-01-20 21:00:00,7.45,108.4,25.5,71.5,71.59,791.0,9,0,1.05,511.53,111.67,-17.93,21,20,1,1,0,-0.7071067811865477,0.7071067811865474,0.9488760116444965,-0.3156490369471026,862.59,108.50188679245284,7.822500000000001,18.2325,0.08299423828238213,662.56,93.89,531.9,745.5,False,False,False,False,False,False,False,False,True,False
2026-01-20 23:00:00,10.03,134.0,22.5,54.0,249.98,354.29,-16,1,0.12,640.17,80.38,-14.13,23,20,1,1,0,-0.25881904510252157,0.9659258262890681,0.7193398003386511,-0.6946583704589974,604.27,57.38556505223172,1.2035999999999998,12.15,0.4136892448739802,511.53,111.67,563.8399999999998,893.2233333333334,False,False,False,False,False,False,False,False,True,False
2026-01-21 03:00:00,10.15,355.2,27.3,41.2,160.38,928.53,-10,0,0.87,402.28,60.82,74.9,3,21,1,2,0,0.7071067811865475,0.7071067811865476,-0.08367784333231584,0.9964928592495043,1088.9099999999999,102.24507042253519,8.8305,11.247600000000002,0.14728489957847757,640.17,80.38,604.7533333333332,871.2333333333335,False,False,False,False,False,False,False,False,True,False
2026-01-21 18:00:00,11.33,41.9,25.4,37.4,161.31,704.99,-26,1,3.84,532.17,54.74,59.88,18,21,1,2,0,-1.0,-1.8369701987210297e-16,0.6678325554710466,0.744311546231154,866.3,73.229078613694,43.5072,9.4996,0.18620570241255918,402.28,60.82,517.9933333333332,851.9233333333333,False,False,False,False,False,False,False,False,True,False
2026-01-21 20:00:00,9.42,7.9,12.3,75.6,247.75,179.95,26,1,1.55,513.98,111.06,40.69,20,21,1,2,0,-0.8660254037844386,0.5000000000000001,0.13744454603714665,0.9905094632383088,427.7,43.11491935483871,14.601,9.2988,0.5792611643675474,532.17,54.74,524.8733333333333,853.1599999999999,False,False,False,False,False,False,False,False,True,False
2026-01-22 00:00:00,6.76,48.8,17.7,92.0,409.41,661.29,25,0,1.94,509.4,18.86,89.24,0,22,1,3,0,0.0,1.0,0.7524149088957244,0.6586894601186806,1070.7,147.4793388429752,13.1144,16.284,0.38237601569066965,513.98,111.06,482.80999999999995,794.3033333333333,False,False,False,False,False,False,False,False,True,False
2026-01-22 05:00:00,6.49,337.5,24.8,82.6,136.86,747.67,-16,1,1.61,508.94,110.77,76.47,5,22,1,3,0,0.9659258262890683,0.25881904510252074,-0.38268343236508956,0.9238795325112868,884.53,126.54220314735335,10.448900000000002,20.4848,0.15472623879348357,509.4,18.86,518.5166666666665,788.2333333333332,False,False,False,False,False,False,False,False,True,False
2026-01-22 07:00:00,10.62,56.1,27.0,36.1,414.26,594.65,-5,0,3.08,516.33,83.64,68.63,7,22,1,3,0,0.9659258262890683,-0.25881904510252063,0.8300122850953675,0.5577451089796901,1008.91,90.72931654676259,32.7096,9.747,0.4106015402761396,508.94,110.77,510.7733333333333,794.3100000000001,False,False,False,False,False,False,False,False,True,False
2026-01-22 15:00:00,7.35,234.1,18.9,61.0,491.92,938.95,12,1,1.1,550.01,34.42,-33.46,15,22,1,3,0,-0.7071067811865471,-0.7071067811865479,-0.8100416404457959,-0.5863723567357895,1430.8700000000001,182.27643312101912,8.085,11.528999999999998,0.343790840537575,516.33,83.64,511.5566666666666,988.0466666666666,False,False,False,False,False,False,False,False,True,False
2026-01-22 21:00:00,7.96,18.4,31.0,67.9,102.28,355.85,-25,0,4.11,401.62,111.49,-39.67,21,22,1,3,0,-0.7071067811865477,0.7071067811865474,0.31564903694710245,0.9488760116444965,458.13,54.15248226950354,32.7156,21.049,0.223255407853666,550.01,34.42,525.0933333333334,1108.1033333333335,False,False,False,False,False,False,False,False,True,False
2026-01-23 08:00:00,4.47,287.4,23.9,36.0,355.45,182.8,-26,0,2.65,463.95,104.45,96.04,8,23,1,4,0,0.8660254037844387,-0.4999999999999998,-0.954240328516277,0.29904079225608626,538.25,108.29979879275655,11.8455,8.604,0.6603808639108221,401.62,111.49,489.32,965.9700000000001,False,False,False,False,False,False,False,False,True,False
2026-01-23 16:00:00,9.04,281.0,33.3,55.0,129.67,705.33,-13,0,3.37,620.57,79.31,20.67,16,23,1,4,0,-0.8660254037844384,-0.5000000000000004,-0.9816271834476639,0.1908089953765451,835.0,87.52620545073376,30.464799999999997,18.314999999999998,0.15529341317365267,463.95,104.45,471.8599999999999,809.0833333333334,False,False,False,False,False,False,False,False,True,False
2026-01-24 06:00:00,0.91,195.9,28.4,75.4,153.04,1041.16,8,0,3.3,466.58,11.65,49.91,6,24,1,5,1,1.0,6.123233995736766e-17,-0.2739592186924324,-0.9617413095492113,1194.2,846.950354609929,3.003,21.413600000000002,0.12815273823480153,620.57,79.31,495.37999999999994,610.46,False,False,False,False,False,False,False,False,True,False
2026-01-24 22:00:00,5.8,301.1,32.3,80.4,202.59,686.86,17,0,2.81,445.78,115.85,29.29,22,24,1,5,1,-0.5000000000000004,0.8660254037844384,-0.8562670846003279,0.5165333288666425,889.45,141.1825396825397,16.298,25.9692,0.22776997020630727,466.58,11.65,517.0333333333333,855.8166666666667,False,False,False,False,False,False,False,False,True,False
2026-01-25 02:00:00,9.18,56.4,19.8,74.7,367.27,939.73,-17,0,1.3,617.15,117.97,72.37,2,25,1,6,1,0.49999999999999994,0.8660254037844387,0.8329212407100994,0.5533915492433441,1307.0,135.0206611570248,11.934,14.790600000000001,0.2810022953328232,445.78,115.85,510.97666666666663,972.8833333333336,False,False,False,False,False,False,False,False,True,False
2026-01-25 04:00:00,6.69,303.3,26.5,82.7,407.88,954.51,17,1,1.28,472.43,117.03,-49.48,4,25,1,6,1,0.8660254037844386,0.5000000000000001,-0.8358073613682703,0.5490228179981318,1362.3899999999999,189.4840055632823,8.5632,21.9155,0.29938563847356486,617.15,117.97,509.8366666666666,1130.216666666667,False,False,False,False,False,False,False,False,True,False
2026-01-25 19:00:00,3.19,70.2,23.0,35.2,141.11,528.08,-24,1,4.83,729.93,65.57,38.8,19,25,1,6,1,-0.9659258262890684,0.2588190451025203,0.9408807689542256,0.33873792024529126,669.19,181.35230352303526,15.4077,8.096,0.21086686890120893,472.43,117.03,511.78666666666663,1186.28,False,False,False,False,False,False,False,False,True,False
2026-01-25 21:00:00,2.65,202.6,10.8,91.3,276.08,1188.85,-27,0,2.8,452.73,116.66,85.83,21,25,1,6,1,-0.7071067811865477,0.7071067811865474,-0.3842953226598035,-0.923210217112981,1464.9299999999998,465.0571428571428,7.419999999999999,9.8604,0.18845951683698198,729.93,65.57,606.5033333333332,1112.8600000000004,False,False,False,False,False,False,False,False,True,False
2026-01-26 05:00:00,4.3,162.8,24.5,44.4,205.0,112.58,-16,1,3.1,613.31,20.2,29.52,5,26,1,0,0,0.9659258262890683,0.25881904510252074,0.2957080500440464,-0.9552783621223437,317.58,66.1625,13.33,10.878,0.6455066439952138,452.73,116.66,551.6966666666666,1165.5033333333333,False,False,False,False,False,False,False,False,True,False
2026-01-26 19:00:00,2.69,280.0,17.9,62.8,474.05,788.23,3,0,2.41,457.15,87.56,64.54,19,26,1,0,0,-0.9659258262890684,0.2588190451025203,-0.9848077530122081,0.17364817766692997,1262.28,395.69905956112854,6.4829,11.2412,0.37555059099407423,613.31,20.2,598.6566666666665,817.2333333333335,False,False,False,False,False,False,False,False,True,False
2026-01-26 23:00:00,11.49,132.2,31.4,77.6,217.58,1154.56,8,0,4.09,487.73,17.54,-21.12,23,26,1,0,0,-0.25881904510252157,0.9659258262890681,0.7408045962867502,-0.6717205893229901,1372.1399999999999,114.44036697247705,46.994099999999996,24.3664,0.15856982523649193,457.15,87.56,507.72999999999985,1014.93,False,False,False,False,False,False,False,False,True,False
2026-01-27 08:00:00,10.96,260.5,16.3,82.3,450.38,561.62,-10,0,2.97,697.04,54.84,80.07,8,27,1,1,0,0.8660254037844387,-0.4999999999999998,-0.9862856015372314,-0.1650476058606773,1012.0,88.30715532286212,32.5512,13.4149,0.4450395256916996,487.73,17.54,519.3966666666665,984.0,False,False,False,False,False,False,False,False,True,False
2026-01-27 23:00:00,9.0,258.2,20.3,79.8,104.73,1184.2,20,0,2.35,613.0,44.91,-5.83,23,27,1,1,0,-0.25881904510252157,0.9659258262890681,-0.9788673887616849,-0.204496051841791,1288.93,135.67684210526318,21.150000000000002,16.1994,0.08125344277811829,697.04,54.84,547.3066666666665,1215.4733333333334,False,False,False,False,False,False,False,False,True,False
2026-01-28 04:00:00,4.84,60.6,25.1,71.1,308.73,307.18,14,0,4.82,686.29,18.47,72.7,4,28,1,2,0,0.8660254037844386,0.5000000000000001,0.8712138111201894,0.49090375361514094,615.9100000000001,115.33895131086145,23.3288,17.8461,0.5012583007257554,613.0,44.91,599.2566666666665,1224.3566666666668,False,False,False,False,False,False,False,False,True,False
2026-01-29 01:00:00,11.29,165.0,15.8,40.6,110.49,951.0,-14,0,2.06,601.3,113.62,-41.31,1,29,1,3,0,0.25881904510252074,0.9659258262890683,0.258819045102521,-0.9659258262890682,1061.49,90.03307888040713,23.2574,6.4148000000000005,0.10408953452222819,686.29,18.47,665.4433333333332,972.2800000000001,False,False,False,False,False,False,False,False,True,False
2026-01-29 21:00:00,8.5,297.9,19.7,56.6,294.69,886.16,21,0,3.24,717.61,17.8,-21.47,21,29,1,3,0,-0.7071067811865477,0.7071067811865474,-0.8837656300886936,0.4679298142605731,1180.85,131.20555555555555,27.540000000000003,11.1502,0.24955752212389382,601.3,113.62,633.5299999999999,988.776666666667,False,False,False,False,False,False,False,False,True,False
2026-01-30 14:00:00,4.95,356.6,22.3,54.6,325.49,1010.23,10,1,4.93,475.18,58.9,8.64,14,30,1,4,0,-0.4999999999999997,-0.8660254037844388,-0.05930637357596173,0.9982398279237653,1335.72,245.0862385321101,24.4035,12.175800000000002,0.24368131045428681,717.61,17.8,668.3999999999999,952.7500000000001,False,False,False,False,False,False,False,False,True,False
2026-01-31 13:00:00,4.78,329.5,13.0,47.2,272.83,730.44,-14,0,4.35,580.46,92.62,2.58,13,31,1,5,1,-0.2588190451025208,-0.9659258262890683,-0.5075383629607042,0.8616291604415257,1003.27,190.01325757575756,20.793,6.136,0.2719407537352856,475.18,58.9,598.03,1192.6866666666667,False,False,False,False,False,False,False,False,True,False
2026-01-31 22:00:00,5.85,341.1,31.3,48.6,425.51,604.65,-15,1,2.97,468.81,89.03,14.08,22,31,1,5,1,-0.5000000000000004,0.8660254037844384,-0.32391741819814956,0.9460853588275453,1030.1599999999999,162.2299212598425,17.3745,15.2118,0.41305234138386276,580.46,92.62,591.0833333333334,1173.28,False,False,False,False,False,False,False,False,True,False
2026-02-01 14:00:00,10.26,260.2,32.5,45.4,189.97,1104.57,7,1,4.77,579.98,55.44,17.06,14,1,2,6,1,-0.4999999999999997,-0.8660254037844388,-0.9854078984834901,-0.17020949916603276,1294.54,120.31040892193309,48.9402,14.755,0.14674710708050737,468.81,89.03,508.1499999999999,1123.0500000000002,False,False,False,False,False,False,False,False,True,False
2026-02-01 19:00:00,9.03,174.3,28.2,76.5,468.1,1198.14,16,0,4.82,544.32,88.52,33.32,19,1,2,6,1,-0.9659258262890684,0.2588190451025203,0.09931974974363872,-0.9950555699612263,1666.2400000000002,174.84155299055618,43.5246,21.572999999999997,0.2809319185711542,579.98,55.44,543.0833333333333,1109.3233333333335,False,False,False,False,False,False,False,False,True,False
2026-02-01 21:00:00,10.22,198.6,17.0,50.7,499.85,439.23,3,0,1.67,664.45,114.43,90.61,21,1,2,6,1,-0.7071067811865477,0.7071067811865474,-0.31895930929806965,-0.9477684100095858,939.08,87.60074626865672,17.0674,8.619000000000002,0.5322762703922989,544.32,88.52,531.0366666666665,1330.3133333333335,False,False,False,False,False,False,False,False,True,False
2026-02-01 22:00:00,5.04,302.8,33.8,59.2,127.19,1064.54,-11,0,4.13,540.51,13.57,-48.08,22,1,2,6,1,-0.5000000000000004,0.8660254037844384,-0.8405666034956845,0.5417082102827396,1191.73,215.11371841155236,20.8152,20.0096,0.10672719491831203,664.45,114.43,596.25,1299.9533333333336,False,False,False,False,False,False,False,False,True,False
2026-02-03 02:00:00,0.51,190.1,28.3,48.2,256.07,399.29,-27,0,3.44,690.61,85.17,2.82,2,3,2,1,0,0.49999999999999994,0.8660254037844387,-0.1753667260919871,-0.9845031799744366,655.36,648.8712871287129,1.7544,13.640600000000001,0.3907318115234375,540.51,13.57,583.0933333333332,1265.6833333333336,False,False,False,False,False,False,False,False,True,False
2026-02-03 07:00:00,10.15,3.6,15.5,82.3,210.6,171.25,-2,0,2.82,733.04,33.19,73.87,7,3,2,1,0,0.9659258262890683,-0.25881904510252063,0.06279051952931337,0.9980267284282716,381.85,35.85446009389671,28.623,12.756499999999999,0.5515254681157522,690.61,85.17,631.8566666666666,928.7233333333335,False,False,False,False,False,False,False,False,True,False
2026-02-03 12:00:00,8.91,152.8,29.8,36.5,441.52,348.9,26,1,2.83,553.69,41.52,-42.46,12,3,2,1,0,1.2246467991473532e-16,-1.0,0.45709792705869406,-0.8894163732912975,790.42,83.99787460148778,25.215300000000003,10.877,0.5585891045267073,733.04,33.19,654.7199999999999,742.9800000000001,False,False,False,False,False,False,False,False,True,False
2026-02-03 15:00:00,7.1,107.6,15.7,32.8,326.59,327.79,-12,1,3.71,594.53,56.1,-22.65,15,3,2,1,0,-0.7071067811865471,-0.7071067811865479,0.953190667792947,-0.3023698907504444,654.38,86.10263157894737,26.340999999999998,5.1495999999999995,0.49908310156178365,553.69,41.52,659.1133333333332,609.2100000000002,False,False,False,False,False,False,False,False,True,False
2026-02-03 19:00:00,10.82,47.0,16.8,60.2,211.75,1191.39,0,1,2.76,518.76,45.92,38.08,19,3,2,1,0,-0.9659258262890684,0.2588190451025203,0.7313537016191705,0.6819983600624985,1403.14,123.95229681978799,29.8632,10.113600000000002,0.1509115270037202,594.53,56.1,627.0866666666666,608.8833333333334,False,False,False,False,False,False,False,False,True,False
2026-02-04 05:00:00,1.51,290.7,19.1,60.1,476.9,1180.73,20,0,3.54,477.89,96.96,-34.46,5,4,2,2,0,0.9659258262890683,0.25881904510252074,-0.9354440308298675,0.3534748437792567,1657.63,824.6915422885573,5.3454,11.4791,0.28769990890608876,518.76,45.92,555.66,949.3133333333335,False,False,False,False,False,False,False,False,True,False
2026-02-04 14:00:00,2.76,183.1,26.9,70.5,443.74,972.13,-11,0,3.32,721.14,104.39,86.87,14,4,2,2,0,-0.4999999999999997,-0.8660254037844388,-0.054078812984775355,-0.9985366703262117,1415.87,434.31595092024537,9.163199999999998,18.964499999999997,0.3134044792247876,477.89,96.96,530.3933333333333,1238.3833333333334,False,False,False,False,False,False,False,False,True,False
2026-02-05 01:00:00,6.57,359.5,20.2,59.9,304.91,750.84,11,0,2.2,634.99,27.94,68.4,1,5,2,3,0,0.25881904510252074,0.9659258262890683,-0.008726535498373636,0.9999619230641713,1055.75,149.32814710042433,14.454000000000002,12.0998,0.2888089036230168,721.14,104.39,572.5966666666666,1492.2133333333334,False,False,False,False,False,False,False,False,True,False
2026-02-05 19:00:00,8.17,96.7,27.6,60.5,370.58,339.5,23,0,2.23,716.74,105.27,68.37,19,5,2,3,0,-0.9659258262890684,0.2588190451025203,0.9931706495384861,-0.11667073709933316,710.0799999999999,81.90080738177623,18.2191,16.698,0.5218848580441641,634.99,27.94,611.3399999999999,1376.4166666666667,False,False,False,False,False,False,False,False,True,False
2026-02-07 06:00:00,6.06,133.4,19.2,33.3,109.1,526.63,-3,0,0.17,698.98,74.0,92.65,6,7,2,5,1,1.0,6.123233995736766e-17,0.7265746709709759,-0.6870875108044229,635.73,96.91006097560977,1.0302,6.393599999999999,0.17161373539081054,716.74,105.27,690.9566666666666,1060.5666666666668,False,False,False,False,False,False,False,False,True,False
2026-02-07 08:00:00,1.36,317.4,17.8,47.8,498.27,982.11,1,0,3.75,463.93,23.07,51.63,8,7,2,5,1,0.8660254037844387,-0.4999999999999998,-0.6768759696826608,0.7360970871197342,1480.38,795.9032258064516,5.1000000000000005,8.5084,0.3365824990880719,698.98,74.0,683.57,800.5200000000001,False,False,False,False,False,False,False,False,True,False
2026-02-07 18:00:00,0.92,163.4,31.6,63.2,478.76,1069.61,-2,1,1.03,402.73,37.11,-31.23,18,7,2,5,1,-1.0,-1.8369701987210297e-16,0.28568836740497344,-0.9583225744651332,1548.37,1090.4014084507041,0.9476000000000001,19.9712,0.3092025807784961,463.93,23.07,626.55,942.0633333333335,False,False,False,False,False,False,False,False,True,False
2026-02-08 02:00:00,5.35,331.5,21.0,45.7,379.11,707.44,12,0,2.28,676.41,101.52,14.52,2,8,2,6,1,0.49999999999999994,0.8660254037844387,-0.47715876025960874,0.8788171126619652,1086.5500000000002,185.73504273504278,12.197999999999999,9.597000000000001,0.3489116929731719,402.73,37.11,521.88,1221.4933333333336,False,False,False,False,False,False,False,False,True,False
2026-02-08 11:00:00,1.64,193.3,22.4,62.1,289.55,1085.07,-21,0,0.68,615.73,109.31,-47.75,11,8,2,6,1,0.258819045102521,-0.9659258262890682,-0.2300497371881045,-0.9731788727770883,1374.62,642.3457943925234,1.1152,13.9104,0.21064003142686707,676.41,101.52,514.3566666666666,1371.766666666667,False,False,False,False,False,False,False,False,True,False
2026-02-08 13:00:00,11.61,111.0,29.3,77.9,345.1,1079.46,13,0,2.38,585.9,98.96,-24.22,13,8,2,6,1,-0.2588190451025208,-0.9659258262890683,0.9335804264972017,-0.35836794954530027,1424.56,117.63501238645748,27.6318,22.824700000000004,0.2422502386701859,615.73,109.31,564.9566666666666,1336.5133333333335,False,False,False,False,False,False,False,False,True,False
2026-02-09 00:00:00,4.16,40.8,17.2,58.7,385.74,908.96,-24,1,1.51,430.86,60.69,-6.03,0,9,2,0,0,0.0,1.0,0.6534206039901054,0.7569950556517564,1294.7,277.83261802575106,6.2816,10.0964,0.29793774619603,585.9,98.96,626.0133333333332,1295.2433333333336,False,False,False,False,False,False,False,False,True,False
2026-02-10 00:00:00,5.17,96.4,33.8,54.5,59.1,479.94,-18,0,2.69,421.42,40.42,-4.75,0,10,2,1,0,0.0,1.0,0.9937679191605964,-0.11146893220632556,539.04,95.06878306878306,13.9073,18.421,0.10963935886019592,430.86,60.69,544.1633333333333,1364.6266666666668,False,False,False,False,False,False,False,False,True,False
2026-02-11 15:00:00,11.26,111.4,34.9,83.3,312.72,331.46,-8,1,2.91,491.65,107.85,18.24,15,11,2,2,0,-0.7071067811865471,-0.7071067811865479,0.9310558158625283,-0.36487678433761966,644.1800000000001,54.77721088435375,32.766600000000004,29.071699999999996,0.4854543761060573,421.42,40.42,479.39333333333326,1086.1000000000001,False,False,False,False,False,False,False,False,True,False
2026-02-12 03:00:00,9.68,266.7,17.9,65.9,169.33,776.58,15,0,2.42,463.39,96.1,56.67,3,12,2,3,0,0.7071067811865475,0.7071067811865476,-0.9983418166140283,-0.05756402695956744,945.9100000000001,92.91846758349706,23.4256,11.7961,0.17901280248649448,491.65,107.85,447.97666666666663,825.9733333333335,False,False,False,False,False,False,False,False,True,False
2026-02-12 07:00:00,3.75,106.1,11.6,82.6,473.51,250.66,14,0,1.5,447.43,119.78,-2.75,7,12,2,3,0,0.9659258262890683,-0.25881904510252063,0.9607791541575942,-0.2773146533023776,724.17,170.39294117647057,5.625,9.581599999999998,0.6538658049905409,463.39,96.1,458.81999999999994,709.7100000000002,False,False,False,False,False,False,False,False,True,False
2026-02-12 17:00:00,2.58,325.2,13.9,66.1,222.7,461.1,-4,0,1.55,646.78,110.4,28.2,17,12,2,3,0,-0.9659258262890683,-0.25881904510252063,-0.5707135676844323,0.8211492091337037,683.8,222.012987012987,3.999,9.187899999999999,0.3256800233986546,447.43,119.78,467.48999999999995,771.4200000000002,False,False,False,False,False,False,False,False,True,False
2026-02-13 00:00:00,5.61,32.2,24.1,44.0,244.5,179.54,17,0,1.84,608.21,119.92,6.31,0,13,2,4,0,0.0,1.0,0.53287627607073,0.846193166127564,424.03999999999996,69.40098199672667,10.322400000000002,10.604000000000001,0.5765965474955194,646.78,110.4,519.1999999999999,784.6266666666669,False,False,False,False,False,False,False,False,True,False
2026-02-13 02:00:00,3.13,83.1,17.4,41.0,243.24,883.07,23,0,4.0,401.52,50.97,71.77,2,13,2,4,0,0.49999999999999994,0.8660254037844387,0.9927573419294455,0.12013683883464721,1126.31,310.27823691460054,12.52,7.1339999999999995,0.21596185774786694,608.21,119.92,567.4733333333332,610.6700000000001,False,False,False,False,False,False,False,False,True,False
2026-02-13 05:00:00,5.95,27.2,14.8,60.1,230.65,193.14,-10,1,4.53,517.1,105.87,-39.43,5,13,2,4,0,0.9659258262890683,0.25881904510252074,0.4570979270586942,0.8894163732912975,423.78999999999996,65.70387596899224,26.953500000000002,8.8948,0.5442554095188655,401.52,50.97,552.17,744.7166666666667,False,False,False,False,False,False,False,False,True,False
2026-02-13 08:00:00,5.1,214.6,18.7,39.0,236.07,868.06,0,1,2.86,448.95,88.15,0.58,8,13,2,4,0,0.8660254037844387,-0.4999999999999998,-0.5678437450531013,-0.8231363685344418,1104.1299999999999,197.16607142857143,14.585999999999999,7.292999999999999,0.21380634526731454,517.1,105.87,508.9433333333333,658.0466666666667,False,False,False,False,False,False,False,False,True,False
2026-02-13 11:00:00,10.67,32.3,13.1,43.3,474.25,1011.39,15,1,2.88,620.31,44.12,-11.64,11,13,2,4,0,0.258819045102521,-0.9659258262890682,0.5343523493898262,0.8452618332218562,1485.6399999999999,133.00268576544315,30.729599999999998,5.672299999999999,0.31922269190382596,448.95,88.15,455.85666666666657,884.7433333333335,False,False,False,False,False,False,False,False,True,False
2026-02-13 22:00:00,0.94,85.7,25.7,50.3,258.12,1115.49,15,0,1.6,486.67,34.17,-42.43,22,13,2,4,0,-0.5000000000000004,0.8660254037844384,0.9971851335251157,0.07497872682632775,1373.6100000000001,953.8958333333335,1.504,12.927099999999998,0.18791359993011114,620.31,44.12,528.7866666666665,1004.5200000000001,False,False,False,False,False,False,False,False,True,False
2026-02-14 14:00:00,10.42,0.5,20.3,44.4,197.83,822.32,6,0,2.36,572.33,27.63,98.84,14,14,2,5,1,-0.4999999999999997,-0.8660254037844388,0.008726535498373935,0.9999619230641713,1020.1500000000001,93.42032967032968,24.591199999999997,9.013200000000001,0.19392246238298289,486.67,34.17,518.6433333333333,1321.1266666666668,False,False,False,False,False,False,False,False,True,False
2026-02-16 09:00:00,7.47,112.6,26.1,71.9,109.33,629.16,11,0,4.15,498.97,15.48,69.58,9,16,2,0,0,0.7071067811865476,-0.7071067811865475,0.923210217112981,-0.38429532265980354,738.49,92.65872020075282,31.000500000000002,18.765900000000002,0.14804533575268453,572.33,27.63,559.7699999999999,1293.1333333333334,False,False,False,False,False,False,False,False,True,False
2026-02-16 16:00:00,5.48,156.0,11.0,66.4,60.4,998.79,-26,0,4.26,668.83,45.1,86.22,16,16,2,0,0,-0.8660254037844384,-0.5000000000000004,0.40673664307580043,-0.9135454576426008,1059.19,177.12207357859532,23.3448,7.304000000000001,0.05702470755955022,498.97,15.48,519.3233333333333,1044.0833333333337,False,False,False,False,False,False,False,False,True,False
2026-02-18 08:00:00,11.55,327.4,34.2,37.5,213.41,594.7,-30,0,4.32,613.82,111.39,-8.9,8,18,2,2,0,0.8660254037844387,-0.4999999999999998,-0.5387707850068634,0.8424523970071474,808.11,67.06307053941909,49.89600000000001,12.825,0.2640853349172761,668.83,45.1,580.0433333333332,939.276666666667,False,False,False,False,False,False,False,False,True,False
2026-02-19 00:00:00,7.44,25.9,30.3,85.2,396.13,467.67,19,0,3.1,573.7,50.89,-21.39,0,19,2,3,0,0.0,1.0,0.43680178836770217,0.8995577789551803,863.8,108.79093198992442,23.064000000000004,25.8156,0.45858995137763375,613.82,111.39,593.8733333333333,868.5966666666668,False,False,False,False,False,False,False,False,True,False
2026-02-19 03:00:00,8.49,28.0,21.3,82.4,217.31,540.77,23,0,1.08,648.59,54.89,57.38,3,19,2,3,0,0.7071067811865475,0.7071067811865476,0.4694715627858908,0.882947592858927,758.0799999999999,84.32480533926584,9.1692,17.5512,0.28665840016884764,573.7,50.89,618.7833333333333,910.3666666666668,False,False,False,False,False,False,False,False,True,False
2026-02-19 05:00:00,11.89,109.2,29.1,30.3,378.06,956.89,19,0,1.27,448.12,57.33,24.66,5,19,2,3,0,0.9659258262890683,0.25881904510252074,0.9443763702374811,-0.3288666467385832,1334.95,107.74414850686037,15.1003,8.8173,0.28320161803812877,648.59,54.89,612.0366666666667,809.9966666666668,False,False,False,False,False,False,False,False,True,False
2026-02-19 19:00:00,3.24,95.6,20.6,66.1,139.71,325.78,-2,0,3.1,414.02,95.71,7.38,19,19,2,3,0,-0.9659258262890684,0.2588190451025203,0.9952273999818312,-0.09758289975914933,465.49,124.46256684491978,10.044,13.6166,0.300135341253303,448.12,57.33,556.8033333333333,985.6100000000001,False,False,False,False,False,False,False,False,True,False
2026-02-20 00:00:00,7.96,339.6,16.4,33.6,177.05,225.33,11,1,3.96,532.23,72.51,-1.4,0,20,2,4,0,0.0,1.0,-0.3485720473218147,0.9372819894918917,402.38,47.56264775413711,31.5216,5.5104,0.44000695859635175,414.02,95.71,503.5766666666666,852.8400000000001,False,False,False,False,False,False,False,False,True,False
2026-02-20 08:00:00,10.48,334.8,34.0,82.8,343.64,284.1,-1,0,2.49,686.34,10.36,-4.76,8,20,2,4,0,0.8660254037844387,-0.4999999999999998,-0.4257792915650722,0.9048270524660197,627.74,57.17122040072859,26.095200000000002,28.151999999999997,0.5474240927772644,532.23,72.51,464.78999999999996,734.2733333333335,False,False,False,False,False,False,False,False,True,False
2026-02-20 12:00:00,1.56,290.4,24.7,76.7,393.63,643.18,23,0,4.15,678.76,22.86,55.29,12,20,2,4,0,1.2246467991473532e-16,-1.0,-0.9372819894918916,0.34857204732181507,1036.81,503.3058252427184,6.474000000000001,18.9449,0.37965490301983973,686.34,10.36,544.1966666666666,498.53666666666686,False,False,False,False,False,False,False,False,True,False
2026-02-22 04:00:00,2.93,114.2,21.3,60.7,273.13,713.85,17,1,4.23,450.99,61.26,35.56,4,22,2,6,1,0.8660254037844386,0.5000000000000001,0.912120116172273,-0.4099230338415728,986.98,287.74927113702626,12.393900000000002,12.9291,0.27673306449978724,678.76,22.86,632.4433333333333,688.9766666666668,False,False,False,False,False,False,False,False,True,False
2026-02-22 08:00:00,5.79,292.3,16.8,91.0,183.32,410.89,-12,0,4.61,539.95,105.05,-45.73,8,22,2,6,1,0.8660254037844387,-0.4999999999999998,-0.9252097183857819,0.3794561595290055,594.21,94.46899841017489,26.6919,15.288,0.3085104592652429,450.99,61.26,605.3633333333332,883.8433333333336,False,False,False,False,False,False,False,False,True,False
2026-02-22 09:00:00,3.0,312.2,15.2,33.5,295.25,840.76,-7,1,0.92,473.27,46.18,53.54,9,22,2,6,1,0.7071067811865476,-0.7071067811865475,-0.7408045962867505,0.6717205893229896,1136.01,324.57428571428574,2.7600000000000002,5.092,0.25990088115421517,539.95,105.05,556.5666666666666,872.666666666667,False,False,False,False,False,False,False,False,True,False
2026-02-22 13:00:00,2.79,274.8,27.2,46.5,424.24,441.02,-19,0,2.53,522.36,61.0,48.88,13,22,2,6,1,-0.2588190451025208,-0.9659258262890683,-0.9964928592495044,0.08367784333231543,865.26,262.99696048632217,7.0587,12.648,0.49030349259182215,473.27,46.18,488.06999999999994,905.7333333333336,False,False,False,False,False,False,False,False,True,False
2026-02-22 16:00:00,6.77,317.7,12.9,63.2,57.97,1072.92,-14,0,4.5,744.18,29.19,-41.13,16,22,2,6,1,-0.8660254037844384,-0.5000000000000004,-0.6730125135097736,0.7396310949786093,1130.89,155.55570839064652,30.464999999999996,8.152800000000001,0.05126051163243109,522.36,61.0,511.85999999999996,865.1600000000002,False,False,False,False,False,False,False,False,True,False
2026-02-23 06:00:00,1.28,343.3,16.8,61.5,332.21,1006.22,16,0,2.19,660.82,22.4,-0.75,6,23,2,0,0,1.0,6.123233995736766e-17,-0.2873605198497119,0.9578224948453149,1338.43,751.9269662921348,2.8032,10.332,0.24820872215954512,744.18,29.19,579.9366666666666,1044.0533333333335,False,False,False,False,False,False,False,False,True,False
2026-02-23 19:00:00,5.21,157.0,27.6,42.1,132.2,879.48,2,0,3.63,651.79,45.26,68.7,19,23,2,0,0,-0.9659258262890684,0.2588190451025203,0.39073112848927377,-0.9205048534524404,1011.6800000000001,177.1768826619965,18.9123,11.6196,0.13067373082397593,660.82,22.4,642.4533333333333,1111.5266666666669,False,False,False,False,False,False,False,False,True,False
2026-02-23 21:00:00,8.47,298.1,26.3,84.0,376.75,138.68,4,0,3.74,747.61,47.6,89.97,21,23,2,0,0,-0.7071067811865477,0.7071067811865474,-0.8821268660176675,0.47101188121941034,515.4300000000001,57.46153846153847,31.677800000000005,22.092000000000002,0.7309430960557204,651.79,45.26,685.5966666666665,1160.3333333333337,False,False,False,False,False,False,False,False,True,False
2026-02-23 23:00:00,4.0,14.0,33.9,71.2,423.0,900.64,5,1,2.2,461.58,42.54,44.33,23,23,2,0,0,-0.25881904510252157,0.9659258262890681,0.24192189559966773,0.9702957262759965,1323.6399999999999,294.1422222222222,8.8,24.136799999999997,0.31957329787555533,747.61,47.6,686.7399999999999,955.1800000000003,False,False,False,False,False,False,False,False,True,False
2026-02-24 12:00:00,7.04,86.4,21.7,60.6,237.07,182.44,-2,1,0.65,590.94,36.58,21.64,12,24,2,1,0,1.2246467991473532e-16,-1.0,0.9980267284282716,0.0627905195293133,419.51,55.637931034482754,4.5760000000000005,13.1502,0.5651116779099425,461.58,42.54,620.3266666666665,950.2500000000003,False,False,False,False,False,False,False,False,True,False
2026-02-25 15:00:00,7.9,269.2,31.2,46.9,434.55,1174.9,20,1,3.26,523.42,65.77,62.92,15,25,2,2,0,-0.7071067811865471,-0.7071067811865479,-0.9999025240093042,-0.013962180339145475,1609.45,191.60119047619048,25.753999999999998,14.6328,0.26999906800459783,590.94,36.58,600.0433333333332,752.8600000000002,False,False,False,False,False,False,False,False,True,False
2026-02-26 07:00:00,1.7,301.0,18.1,52.4,433.15,841.34,-11,0,3.55,512.96,49.76,24.93,7,26,2,3,0,0.9659258262890683,-0.25881904510252063,-0.8571673007021123,0.5150380749100542,1274.49,579.3136363636363,6.034999999999999,9.4844,0.3398614347699864,523.42,65.77,525.3133333333332,1117.5333333333335,False,False,False,False,False,False,False,False,True,False
2026-02-26 09:00:00,10.59,161.5,32.2,48.9,277.87,588.56,-17,1,0.5,518.62,10.11,1.53,9,26,2,3,0,0.7071067811865476,-0.7071067811865475,0.31730465640509214,-0.9483236552061993,866.43,78.12714156898106,5.295,15.745800000000001,0.32070680839767784,512.96,49.76,542.4399999999999,1101.1500000000003,False,False,False,False,False,False,False,False,True,False
2026-02-26 11:00:00,5.87,238.9,32.0,36.5,368.67,1010.45,-2,0,3.42,477.86,108.37,37.47,11,26,2,3,0,0.258819045102521,-0.9659258262890682,-0.8562670846003281,-0.516533328866642,1379.1200000000001,216.50235478806908,20.0754,11.68,0.26732264052439236,518.62,10.11,518.3333333333333,1250.1233333333334,False,False,False,False,False,False,False,False,True,False
2026-02-26 23:00:00,4.93,189.8,12.3,59.9,375.86,548.07,17,0,1.07,749.89,35.55,-47.97,23,26,2,3,0,-0.25881904510252157,0.9659258262890681,-0.1702094991660329,-0.9854078984834901,923.9300000000001,170.15285451197056,5.2751,7.3677,0.4068057103893152,477.86,108.37,503.1466666666667,1173.346666666667,False,False,False,False,False,False,False,False,True,False
2026-02-27 02:00:00,10.1,176.6,20.1,64.1,323.12,146.5,16,0,1.01,471.06,53.91,-7.59,2,27,2,4,0,0.49999999999999994,0.8660254037844387,0.05930637357596161,-0.9982398279237653,469.62,44.30377358490566,10.201,12.8841,0.6880456539329671,749.89,35.55,582.1233333333333,1056.4933333333338,False,False,False,False,False,False,False,False,True,False
2026-02-27 04:00:00,1.79,289.0,11.7,59.1,437.42,402.03,13,0,3.7,662.79,97.75,-17.11,4,27,2,4,0,0.8660254037844386,0.5000000000000001,-0.945518575599317,0.3255681544571563,839.45,366.57205240174676,6.623,6.9147,0.5210792780987551,471.06,53.91,566.27,924.2233333333337,False,False,False,False,False,False,False,False,True,False
2026-02-27 15:00:00,8.84,179.1,32.5,78.9,272.96,716.52,-28,0,1.45,489.69,74.14,-1.51,15,27,2,4,0,-0.7071067811865471,-0.7071067811865479,0.01570731731182071,-0.9998766324816606,989.48,105.94004282655247,12.818,25.6425,0.27586206896551724,662.79,97.75,627.9133333333333,744.3333333333336,False,False,False,False,False,False,False,False,True,False
2026-02-28 02:00:00,10.99,200.4,18.6,33.7,355.93,1023.31,24,1,4.4,573.41,55.07,43.91,2,28,2,5,1,0.49999999999999994,0.8660254037844387,-0.3485720473218151,-0.9372819894918916,1379.24,120.03829416884247,48.356,6.2682,0.25806241118297035,489.69,74.14,541.18,766.1833333333337,False,False,False,False,False,False,False,False,True,False
2026-02-28 04:00:00,0.96,120.8,16.7,68.2,99.04,400.21,18,1,1.96,613.04,110.32,-1.51,4,28,2,5,1,0.8660254037844386,0.5000000000000001,0.8589598969306645,-0.5120428648705714,499.25,341.95205479452056,1.8816,11.3894,0.1983775663495243,573.41,55.07,575.2966666666665,1069.3900000000003,False,False,False,False,False,False,False,False,True,False
2026-02-28 15:00:00,6.54,332.4,10.2,40.5,454.89,491.7,0,1,4.68,507.04,33.21,87.29,15,28,2,5,1,-0.7071067811865471,-0.7071067811865479,-0.4632960351198621,0.8862035792312145,946.5899999999999,134.4588068181818,30.6072,4.130999999999999,0.4805565239438406,613.04,110.32,558.7133333333333,955.9900000000002,False,False,False,False,False,False,False,False,True,False
2026-03-01 06:00:00,10.5,10.1,27.2,47.0,208.15,525.94,6,1,1.71,509.2,15.2,-37.1,6,1,3,6,1,1.0,6.123233995736766e-17,0.1753667260919871,0.9845031799744366,734.09,66.73545454545454,17.955,12.783999999999999,0.28354833875955265,507.04,33.21,564.4966666666666,941.6933333333336,False,False,False,False,False,False,False,False,True,False
2026-03-01 07:00:00,10.74,88.1,16.2,63.3,125.2,1099.95,13,0,3.98,722.53,82.68,14.34,7,1,3,6,1,0.9659258262890683,-0.25881904510252063,0.9994502159417571,0.033155178388526496,1225.15,108.9991103202847,42.745200000000004,10.254599999999998,0.1021915683793821,509.2,15.2,543.0933333333332,726.6433333333335,False,False,False,False,False,False,False,False,True,False
2026-03-01 11:00:00,8.21,330.6,32.8,32.3,157.54,678.19,-17,0,3.1,414.12,108.27,86.98,11,1,3,6,1,0.258819045102521,-0.9659258262890682,-0.4909037536151403,0.8712138111201897,835.73,95.95063145809414,25.451000000000004,10.594399999999998,0.1885058571548227,722.53,82.68,579.5899999999999,968.6100000000002,False,False,False,False,False,False,False,False,True,False
2026-03-01 14:00:00,5.34,186.2,15.8,36.1,61.25,739.97,-15,1,3.1,640.69,65.39,-3.96,14,1,3,6,1,-0.4999999999999997,-0.8660254037844388,-0.10799935570602266,-0.9941509639723154,801.22,137.19520547945206,16.554,5.7038,0.07644591997204263,414.12,108.27,548.6166666666667,931.6566666666671,False,False,False,False,False,False,False,False,True,False
2026-03-01 16:00:00,10.59,289.6,34.0,36.7,194.62,464.0,8,0,0.85,531.1,76.69,80.96,16,1,3,6,1,-0.8660254037844384,-0.5000000000000004,-0.9420574527872965,0.3354515697502557,658.62,59.38863841298467,9.0015,12.478000000000002,0.2954966444991042,640.69,65.39,592.4466666666666,954.0333333333336,False,False,False,False,False,False,False,False,True,False
2026-03-01 19:00:00,2.71,205.9,14.0,79.0,112.84,326.62,10,1,1.42,422.22,91.32,92.24,19,1,3,6,1,-0.9659258262890684,0.2588190451025203,-0.4368017883677024,-0.8995577789551803,439.46000000000004,136.90342679127727,3.8482,11.06,0.2567696718700223,531.1,76.69,528.6366666666667,765.1900000000002,False,False,False,False,False,False,False,False,True,False
2026-03-01 21:00:00,10.98,44.1,14.5,46.2,173.32,147.74,3,0,1.32,597.38,115.93,92.71,21,1,3,6,1,-0.7071067811865477,0.7071067811865474,0.6959127965923144,0.7181262977631888,321.06,27.966898954703833,14.4936,6.699000000000001,0.5398367906310346,422.22,91.32,531.3366666666667,633.1000000000003,False,False,False,False,False,False,False,False,True,False
2026-03-03 01:00:00,7.18,222.4,15.3,55.4,416.66,938.17,18,0,3.71,588.83,23.18,80.1,1,3,3,1,0,0.25881904510252074,0.9659258262890683,-0.6743023875837234,-0.7384553406258838,1354.83,176.41015625,26.6378,8.4762,0.30753673892665506,597.38,115.93,516.9,473.0466666666669,False,False,False,False,False,False,False,False,True,False
2026-03-03 02:00:00,9.03,277.2,14.9,87.8,211.64,389.1,-15,1,2.39,577.83,40.26,39.46,2,3,3,1,0,0.49999999999999994,0.8660254037844387,-0.9921147013144779,0.12533323356430423,600.74,63.036726128016795,21.581699999999998,13.0822,0.3522988314412225,588.83,23.18,536.1433333333333,705.1166666666669,False,False,False,False,False,False,False,False,True,False
2026-03-03 10:00:00,11.57,113.2,13.9,88.6,217.34,1106.37,-2,0,2.22,464.2,119.04,36.46,10,3,3,1,0,0.49999999999999994,-0.8660254037844387,0.9191353392552344,-0.39394190959095116,1323.7099999999998,109.66942833471415,25.6854,12.3154,0.16419004162543158,577.83,40.26,588.0133333333333,758.876666666667,False,False,False,False,False,False,False,False,True,False
2026-03-03 23:00:00,3.79,319.3,13.4,39.1,115.01,577.66,2,1,1.36,427.81,97.88,57.01,23,3,3,1,0,-0.25881904510252157,0.9659258262890681,-0.6520984038303919,0.7581343361976525,692.67,161.46153846153845,5.154400000000001,5.239400000000001,0.1660386619891146,464.2,119.04,543.6199999999999,1093.0933333333335,False,False,False,False,False,False,False,False,True,False
2026-03-04 09:00:00,6.19,147.4,30.2,60.6,156.56,150.52,-27,1,1.55,510.46,116.8,-12.94,9,4,3,2,0,0.7071067811865476,-0.7071067811865475,0.5387707850068629,-0.8424523970071477,307.08000000000004,45.90134529147982,9.5945,18.301199999999998,0.5098345707958838,427.81,97.88,489.94666666666654,872.3733333333336,False,False,False,False,False,False,False,False,True,False
2026-01-01 05:00:00,8.56,232.5,25.1,42.2,111.31,818.84,18,1,3.26,577.13,79.8,40.66,5,1,1,3,0,0.9659258262890683,0.25881904510252074,-0.7933533402912349,-0.6087614290087209,930.1500000000001,102.6655629139073,27.9056,10.5922,0.11966887061226683,573.2728205128205,66.00153846153846,572.7220299145299,907.0905128205128,False,False,False,False,False,False,False,False,False,True
2026-01-01 22:00:00,7.23,322.5,16.3,78.4,404.85,1144.44,-15,0,2.7,486.11,84.79,52.58,22,1,1,3,0,-0.5000000000000004,0.8660254037844384,-0.6087614290087209,0.7933533402912349,1549.29,200.42561448900386,19.521,12.779200000000001,0.2613132467130105,577.13,79.8,577.13,930.1500000000001,False,False,False,False,False,False,False,False,False,True
2026-01-02 02:00:00,1.71,60.7,21.4,82.4,489.19,1041.89,-14,0,3.1,430.93,32.36,-41.32,2,2,1,4,0,0.49999999999999994,0.8660254037844387,0.8720692724321206,0.48938245174884626,1531.0800000000002,692.7963800904978,5.301,17.633599999999998,0.31950649214933247,486.11,84.79,531.62,1239.72,False,False,False,False,False,False,False,False,False,True
2026-01-02 18:00:00,4.7,71.0,31.5,56.2,368.06,311.78,21,1,4.34,685.42,36.09,-15.95,18,2,1,4,0,-1.0,-1.8369701987210297e-16,0.9455185755993167,0.32556815445715676,679.8399999999999,130.7384615384615,20.398,17.703000000000003,0.5413920922570017,430.93,32.36,498.0566666666667,1336.8400000000001,False,False,False,False,False,False,False,False,False,True
2026-01-02 20:00:00,5.86,60.1,33.7,53.1,137.18,239.76,-1,1,1.78,433.84,98.06,8.82,20,2,1,4,0,-0.8660254037844386,0.5000000000000001,0.8668967489356028,0.4984877397538303,376.94,59.26729559748427,10.430800000000001,17.894700000000004,0.3639305990343291,685.42,36.09,534.1533333333333,1253.4033333333334,False,False,False,False,False,False,False,False,False,True
2026-01-03 11:00:00,5.72,357.0,23.3,33.5,193.18,1183.43,19,0,1.96,680.33,99.65,-45.98,11,3,1,5,1,0.258819045102521,-0.9659258262890682,-0.05233595624294437,0.9986295347545738,1376.6100000000001,221.31993569131836,11.2112,7.8055,0.14033023151074014,433.84,98.06,516.7299999999999,862.62,False,False,False,False,False,False,False,False,False,True
2026-01-03 15:00:00,1.89,352.8,31.6,36.7,404.3,147.06,10,0,4.65,692.23,117.78,26.48,15,3,1,5,1,-0.7071067811865471,-0.7071067811865479,-0.1253332335643038,0.9921147013144779,551.36,230.6945606694561,8.7885,11.597200000000003,0.733277713290772,680.33,99.65,599.8633333333333,811.1300000000001,False,False,False,False,False,False,False,False,False,True
2026-01-03 17:00:00,11.65,247.2,30.3,36.6,58.96,225.72,-25,0,2.28,691.43,54.5,34.72,17,3,1,5,1,-0.9659258262890683,-0.25881904510252063,-0.9218631515885004,-0.3875155864521032,284.68,23.43045267489712,26.561999999999998,11.0898,0.2071097372488408,692.23,117.78,602.1333333333333,768.3033333333334,False,False,False,False,False,False,False,False,False,True
2026-01-04 03:00:00,5.11,111.7,21.1,62.0,87.8,660.17,19,1,2.44,666.01,70.27,-35.07,3,4,1,6,1,0.7071067811865475,0.7071067811865476,0.9291325715340562,-0.36974675727382944,747.9699999999999,133.32798573975043,12.4684,13.082,0.11738438707434791,691.43,54.5,687.9966666666666,737.5500000000001,False,False,False,False,False,False,False,False,False,True
2026-01-04 21:00:00,4.39,52.6,12.4,45.0,423.58,700.12,11,0,1.53,606.49,89.83,56.47,21,4,1,6,1,-0.7071067811865477,0.7071067811865474,0.7944146205354181,0.6073758397232867,1123.7,229.7955010224949,6.7166999999999994,5.58,0.3769511435436504,666.01,70.27,683.2233333333332,528.0033333333333,False,False,False,False,False,False,False,False,False,True
2026-01-04 23:00:00,5.01,84.6,25.2,52.0,243.69,845.87,-1,0,0.93,408.41,94.14,-2.31,23,4,1,6,1,-0.25881904510252157,0.9659258262890681,0.99556196460308,0.0941083133185145,1089.56,197.74228675136115,4.6593,13.104,0.22365909174345608,606.49,89.83,654.6433333333333,718.7833333333334,False,False,False,False,False,False,False,False,False,True
2026-01-05 20:00:00,1.43,107.8,13.2,79.6,460.06,294.85,-29,1,4.3,655.93,15.63,-0.06,20,5,1,0,0,-0.8660254037844386,0.5000000000000001,0.9521293927421387,-0.3056953049631056,754.9100000000001,391.1450777202073,6.148999999999999,10.507199999999997,0.6094236399040944,408.41,94.14,560.3033333333333,987.0766666666667,False,False,False,False,False,False,False,False,False,True
2026-01-06 00:00:00,10.03,136.2,11.0,74.6,166.36,1194.29,8,0,0.38,583.88,49.01,-6.54,0,6,1,1,0,0.0,1.0,0.6921431738704068,-0.7217602280983622,1360.65,129.21652421652422,3.8114,8.206,0.12226509388895014,655.93,15.63,556.9433333333333,989.39,False,False,False,False,False,False,False,False,False,True
2026-01-06 01:00:00,1.42,31.8,32.8,84.7,375.89,226.26,23,0,0.06,687.6,16.65,5.41,1,6,1,1,0,0.25881904510252074,0.9659258262890683,0.5269557954966776,0.849892692986864,602.15,313.6197916666667,0.0852,27.781599999999997,0.6242464502200449,583.88,49.01,549.4066666666666,1068.3733333333332,False,False,False,False,False,False,False,False,False,True
2026-01-06 15:00:00,6.44,178.8,33.7,52.2,135.86,440.51,16,0,0.42,500.04,87.38,24.31,15,6,1,1,0,-0.7071067811865471,-0.7071067811865479,0.020942419883356666,-0.9997806834748455,576.37,83.05043227665706,2.7048,17.591400000000004,0.23571664035255133,687.6,16.65,642.4699999999999,905.9033333333333,False,False,False,False,False,False,False,False,False,True
2026-01-06 20:00:00,9.81,62.6,11.7,87.1,139.88,999.71,-16,1,3.19,412.2,53.52,36.31,20,6,1,1,0,-0.8660254037844386,0.5000000000000001,0.8878153851364013,0.4601997847838517,1139.5900000000001,110.53249272550923,31.2939,10.190699999999998,0.12274589984117093,500.04,87.38,590.5066666666667,846.39,False,False,False,False,False,False,False,False,False,True
2026-01-07 14:00:00,9.94,33.7,27.3,45.7,113.93,1075.41,7,0,3.59,646.77,102.11,33.91,14,7,1,2,0,-0.4999999999999997,-0.8660254037844388,0.5548444274479993,0.8319541221304825,1189.3400000000001,113.92145593869733,35.684599999999996,12.4761,0.09579262448080447,412.2,53.52,533.2799999999999,772.7033333333334,False,False,False,False,False,False,False,False,False,True
2026-01-07 22:00:00,9.52,58.5,18.2,89.8,310.25,416.73,15,1,0.97,472.56,45.63,23.17,22,7,1,2,0,-0.5000000000000004,0.8660254037844384,0.8526401643540922,0.5224985647159489,726.98,72.55289421157686,9.234399999999999,16.3436,0.42676552312305704,646.77,102.11,519.67,968.4333333333334,False,False,False,False,False,False,False,False,False,True
2026-01-08 19:00:00,4.95,85.2,25.8,38.7,457.01,537.85,28,0,1.01,528.28,57.71,-47.66,19,8,1,3,0,-0.9659258262890684,0.2588190451025203,0.9964928592495044,0.08367784333231544,994.86,182.54311926605504,4.9995,9.984600000000002,0.45937116780250487,472.56,45.63,510.51,1018.6366666666668,False,False,False,False,False,False,False,False,False,True
2026-01-09 16:00:00,7.92,177.3,30.3,93.7,340.88,236.33,20,0,4.95,683.32,23.26,37.54,16,9,1,4,0,-0.8660254037844384,-0.5000000000000004,0.04710645070964251,-0.99888987496197,577.21,68.55225653206651,39.204,28.3911,0.5905649590270439,528.28,57.71,549.2033333333333,970.3933333333334,False,False,False,False,False,False,False,False,False,True
2026-01-10 09:00:00,6.88,59.2,24.9,94.1,119.29,112.13,-21,0,3.27,502.52,38.19,22.19,9,10,1,5,1,0.7071067811865476,-0.7071067811865475,0.8589598969306644,0.5120428648705715,231.42000000000002,31.357723577235774,22.4976,23.430899999999998,0.5154697087546453,683.32,23.26,561.3866666666667,766.35,False,False,False,False,False,False,False,False,False,True
2026-01-10 12:00:00,8.21,255.8,16.4,86.7,156.79,323.47,25,1,3.03,541.68,47.43,78.46,12,10,1,5,1,1.2246467991473532e-16,-1.0,-0.9694453498951389,-0.24530738587880244,480.26,55.13892078071182,24.8763,14.218799999999998,0.32646899596052137,502.52,38.19,571.3733333333333,601.1633333333333,False,False,False,False,False,False,False,False,False,True
2026-01-14 01:00:00,2.03,275.5,31.3,93.6,315.55,438.06,-28,1,0.56,552.59,27.56,-8.26,1,14,1,2,0,0.25881904510252074,0.9659258262890683,-0.9953961983671789,0.09584575252022405,753.61,297.8695652173913,1.1368,29.296799999999998,0.41871790448640545,541.68,47.43,575.84,429.63000000000005,False,False,False,False,False,False,False,False,False,True
2026-01-14 03:00:00,5.32,53.8,26.7,90.6,65.78,448.64,-12,0,3.66,493.35,13.17,70.96,3,14,1,2,0,0.7071067811865475,0.7071067811865476,0.8069603121438019,0.5906056676199254,514.42,88.38831615120274,19.471200000000003,24.1902,0.1278721667120252,552.59,27.56,532.2633333333333,488.43,False,False,False,False,False,False,False,False,False,True
2026-01-14 11:00:00,0.78,26.2,18.2,67.6,280.8,1056.79,-1,0,2.74,615.34,107.16,52.2,11,14,1,2,0,0.258819045102521,-0.9659258262890682,0.4415058527917452,0.8972583696743285,1337.59,1044.9921875,2.1372000000000004,12.303199999999999,0.20992979911632118,493.35,13.17,529.2066666666666,582.7633333333333,False,False,False,False,False,False,False,False,False,True
2026-01-14 13:00:00,11.33,91.2,33.3,67.7,173.08,1177.17,-18,0,4.68,563.31,69.72,5.03,13,14,1,2,0,-0.2588190451025208,-0.9659258262890683,0.9997806834748455,-0.020942419883356926,1350.25,114.13778529163145,53.0244,22.5441,0.128183669690798,615.34,107.16,553.7600000000001,868.54,False,False,False,False,False,False,False,False,False,True
2026-01-14 20:00:00,6.5,47.7,17.1,36.7,329.13,179.95,-16,0,3.24,528.81,40.39,-46.44,20,14,1,2,0,-0.8660254037844386,0.5000000000000001,0.7396310949786097,0.6730125135097733,509.08,72.72571428571429,21.060000000000002,6.2757000000000005,0.6465192111259527,563.31,69.72,557.3333333333334,1067.4199999999998,False,False,False,False,False,False,False,False,False,True
2026-01-14 22:00:00,2.76,196.6,29.7,32.5,382.91,292.0,-11,0,4.1,551.37,16.05,98.24,22,14,1,2,0,-0.5000000000000004,0.8660254037844384,-0.2856883674049736,-0.9583225744651332,674.9100000000001,207.02760736196322,11.315999999999999,9.6525,0.5673497207035012,528.81,40.39,569.1533333333333,1065.6399999999999,False,False,False,False,False,False,False,False,False,True
2026-01-15 03:00:00,7.36,35.7,28.2,49.9,244.52,1171.67,-20,1,4.8,668.66,90.34,98.57,3,15,1,3,0,0.7071067811865475,0.7071067811865476,0.5835412113561176,0.8120835268918062,1416.19,180.176844783715,35.328,14.071799999999998,0.1726604481037149,551.37,16.05,547.8299999999999,844.7466666666666,False,False,False,False,False,False,False,False,False,True
2026-01-15 18:00:00,1.44,45.6,20.1,77.8,303.19,712.94,17,1,3.25,618.67,65.52,25.46,18,15,1,3,0,-1.0,-1.8369701987210297e-16,0.7144726796328034,0.6996633405133654,1016.1300000000001,523.778350515464,4.68,15.6378,0.2983771761487211,668.66,90.34,582.9466666666666,866.7266666666668,False,False,False,False,False,False,False,False,False,True
2026-01-15 20:00:00,2.48,213.7,14.8,39.4,97.05,785.86,27,1,0.66,669.64,29.21,20.09,20,15,1,3,0,-0.8660254037844386,0.5000000000000001,-0.554844427447999,-0.8319541221304827,882.91,296.27852348993287,1.6368,5.8312,0.1099206034590162,618.67,65.52,612.9,1035.7433333333336,False,False,False,False,False,False,False,False,False,True
2026-01-15 21:00:00,6.46,45.8,11.5,50.6,325.62,493.49,9,1,4.07,703.09,82.77,-21.35,21,15,1,3,0,-0.7071067811865477,0.7071067811865474,0.7169106076504828,0.6971651028545646,819.11,117.68821839080461,26.2922,5.819,0.3975290254056232,669.64,29.21,652.3233333333333,1105.0766666666668,False,False,False,False,False,False,False,False,False,True
2026-01-16 01:00:00,9.84,273.2,11.2,32.0,234.26,205.09,-2,0,0.91,523.3,17.31,-0.78,1,16,1,4,0,0.25881904510252074,0.9659258262890683,-0.998440764181981,0.0558215049931637,439.35,42.490328820116055,8.9544,3.5839999999999996,0.5331967679526572,703.09,82.77,663.8000000000001,906.0500000000001,False,False,False,False,False,False,False,False,False,True
2026-01-16 18:00:00,10.62,177.1,12.8,80.4,90.96,736.57,6,0,0.21,528.14,93.83,39.78,18,16,1,4,0,-1.0,-1.8369701987210297e-16,0.050592940076713395,-0.9987193571841861,827.5300000000001,74.41816546762591,2.2302,10.291200000000002,0.1099174652278467,523.3,17.31,632.01,713.79,False,False,False,False,False,False,False,False,False,True
2026-01-16 23:00:00,3.04,120.3,11.4,62.8,245.33,1174.97,-21,1,2.47,463.34,90.44,74.39,23,16,1,4,0,-0.25881904510252157,0.9659258262890681,0.8633955506067718,-0.5045276238150191,1420.3,401.2146892655367,7.508800000000001,7.159199999999999,0.1727311131451102,528.14,93.83,584.8433333333332,695.33,False,False,False,False,False,False,False,False,False,True
2026-01-17 01:00:00,10.38,86.0,10.9,38.6,315.63,455.35,28,0,1.26,557.6,36.74,39.91,1,17,1,5,1,0.25881904510252074,0.9659258262890683,0.9975640502598242,0.06975647374412523,770.98,70.86213235294117,13.078800000000001,4.2074,0.40938805157072816,463.34,90.44,504.9266666666667,895.7266666666668,False,False,False,False,False,False,False,False,False,True
2026-01-17 03:00:00,8.26,109.8,23.6,78.9,430.44,556.59,-14,1,0.69,564.28,97.31,-10.4,3,17,1,5,1,0.7071067811865475,0.7071067811865476,0.9408807689542255,-0.33873792024529137,987.03,112.67465753424658,5.6994,18.620400000000004,0.43609616728974804,557.6,36.74,516.36,1006.2700000000001,False,False,False,False,False,False,False,False,False,True
2026-01-17 09:00:00,2.91,195.9,27.9,79.6,455.83,702.66,11,1,1.96,660.4,13.67,17.79,9,17,1,5,1,0.7071067811865476,-0.7071067811865475,-0.2739592186924324,-0.9617413095492113,1158.49,339.73313782991204,5.7036,22.208399999999997,0.3934690847568818,564.28,97.31,528.4066666666666,1059.4366666666667,False,False,False,False,False,False,False,False,False,True
2026-01-17 10:00:00,11.73,198.6,32.9,77.0,107.32,126.36,-4,1,2.2,570.16,54.38,91.07,10,17,1,5,1,0.49999999999999994,-0.8660254037844387,-0.31895930929806965,-0.9477684100095858,233.68,19.10711365494685,25.806000000000004,25.333,0.45926052721670657,660.4,13.67,594.0933333333334,972.1666666666666,False,False,False,False,False,False,False,False,False,True
2026-01-17 23:00:00,2.88,279.3,31.0,34.6,331.63,368.96,-22,0,1.62,623.84,44.1,17.98,23,17,1,5,1,-0.25881904510252157,0.9659258262890681,-0.9868557164068072,0.1616038211033615,700.5899999999999,207.27514792899407,4.6656,10.726,0.47335816954281396,570.16,54.38,598.2799999999999,793.0666666666666,False,False,False,False,False,False,False,False,False,True
2026-01-18 08:00:00,2.78,126.9,26.7,67.5,137.17,547.55,-16,0,1.43,450.85,33.18,-43.78,8,18,1,6,1,0.8660254037844387,-0.4999999999999998,0.7996846584870904,-0.6004202253258842,684.7199999999999,208.7560975609756,3.9753999999999996,18.0225,0.20033006192312186,623.84,44.1,618.1333333333333,697.5866666666667,False,False,False,False,False,False,False,False,False,True
2026-01-18 09:00:00,9.51,260.2,14.4,81.5,143.77,388.17,0,0,1.74,664.86,94.94,-10.19,9,18,1,6,1,0.7071067811865476,-0.7071067811865475,-0.9854078984834901,-0.17020949916603276,531.94,53.14085914085915,16.5474,11.736,0.2702748430274091,450.85,33.18,548.2833333333333,539.6633333333333,False,False,False,False,False,False,False,False,False,True
2026-01-18 16:00:00,11.5,70.6,18.4,44.5,386.74,569.21,27,0,2.96,413.53,105.89,9.77,16,18,1,6,1,-0.8660254037844384,-0.5000000000000004,0.943222657947601,0.3321611318837034,955.95,79.66250000000001,34.04,8.187999999999999,0.4045609079972802,664.86,94.94,579.85,639.0833333333334,False,False,False,False,False,False,False,False,False,True
2026-01-18 17:00:00,4.83,339.8,15.3,76.6,440.94,304.55,13,0,2.43,573.34,66.5,-40.05,17,18,1,6,1,-0.9659258262890683,-0.25881904510252063,-0.34529819899853426,0.938493022759556,745.49,139.86679174484053,11.7369,11.7198,0.5914767468376504,413.53,105.89,509.74666666666667,724.2033333333334,False,False,False,False,False,False,False,False,False,True
2026-01-18 23:00:00,4.14,252.9,21.2,60.9,280.08,184.28,7,0,1.91,476.98,100.35,65.37,23,18,1,6,1,-0.25881904510252157,0.9659258262890681,-0.95579301479833,-0.2940403252323042,464.36,100.07758620689656,7.907399999999999,12.9108,0.6031527263330174,573.34,66.5,550.5766666666667,744.46,False,False,False,False,False,False,False,False,False,True
2026-01-19 00:00:00,9.8,237.2,18.0,69.2,468.08,620.34,13,1,0.69,608.28,83.9,22.88,0,19,1,0,0,0.0,1.0,-0.8405666034956842,-0.54170821028274,1088.42,105.67184466019417,6.762,12.456000000000001,0.43005457452086504,476.98,100.35,487.95,721.9333333333334,False,False,False,False,False,False,False,False,False,True
2026-01-19 02:00:00,3.98,95.4,34.3,91.0,110.54,967.85,2,1,1.85,557.21,96.05,-18.34,2,19,1,0,0,0.49999999999999994,0.8660254037844387,0.99556196460308,-0.09410831331851438,1078.39,240.71205357142858,7.363,31.212999999999997,0.1025046597242185,608.28,83.9,552.8666666666667,766.09,False,False,False,False,False,False,False,False,False,True
2026-01-19 23:00:00,9.84,288.7,10.6,70.1,169.49,1037.46,22,0,2.07,705.04,91.7,-21.03,23,19,1,0,0,-0.25881904510252157,0.9659258262890681,-0.9472102777460288,0.3206129905856762,1206.95,116.72630560928434,20.368799999999997,7.430599999999999,0.14042835245867683,557.21,96.05,547.4899999999999,877.0566666666667,False,False,False,False,False,False,False,False,False,True
2026-01-20 06:00:00,8.29,184.4,22.9,53.1,451.15,131.09,-27,0,0.24,664.96,71.09,79.72,6,20,1,1,0,1.0,6.123233995736766e-17,-0.07671902812681863,-0.9970527522269202,582.24,66.23890784982936,1.9895999999999998,12.1599,0.7748522945864248,705.04,91.7,623.5099999999999,1124.5866666666668,False,False,False,False,False,False,False,False,False,True
2026-01-20 08:00:00,10.54,225.0,18.0,56.6,496.67,242.34,-4,0,2.47,497.6,67.18,47.96,8,20,1,1,0,0.8660254037844387,-0.4999999999999998,-0.7071067811865475,-0.7071067811865477,739.01,66.9393115942029,26.0338,10.188,0.6720748027766877,664.96,71.09,642.4033333333333,955.86,False,False,False,False,False,False,False,False,False,True
2026-01-20 09:00:00,2.44,340.6,24.8,65.4,355.73,376.83,19,0,0.72,701.9,53.52,-0.02,9,20,1,1,0,0.7071067811865476,-0.7071067811865475,-0.33216113188370294,0.9432226579476011,732.56,249.17006802721087,1.7568,16.219200000000004,0.4855984492737797,497.6,67.18,622.5333333333333,842.7333333333332,False,False,False,False,False,False,False,False,False,True
2026-01-20 10:00:00,1.12,208.7,11.8,65.3,471.51,572.5,22,1,0.67,745.13,42.61,8.01,10,20,1,1,0,0.49999999999999994,-0.8660254037844387,-0.4802234974431887,-0.8771461637055888,1044.01,644.4506172839506,0.7504000000000001,7.7054,0.4516336050420973,701.9,53.52,621.4866666666667,684.6033333333334,False,False,False,False,False,False,False,False,False,True
2026-01-20 16:00:00,10.12,267.6,27.9,90.6,244.45,115.03,-16,1,3.71,570.32,110.39,25.84,16,20,1,1,0,-0.8660254037844384,-0.5000000000000004,-0.9991228300988584,-0.041875653729198985,359.48,33.84934086629002,37.545199999999994,25.277399999999997,0.6800100144653387,745.13,42.61,648.21,838.5266666666666,False,False,False,False,False,False,False,False,False,True
2026-01-21 01:00:00,8.66,176.0,16.9,83.3,112.63,775.43,-23,0,4.61,546.77,27.64,66.12,1,21,1,2,0,0.25881904510252074,0.9659258262890683,0.06975647374412552,-0.9975640502598242,888.06,96.94978165938863,39.9226,14.077699999999998,0.1268270161925996,570.32,110.39,672.4499999999999,712.0166666666668,False,False,False,False,False,False,False,False,False,True
2026-01-22 11:00:00,11.8,26.1,16.9,67.1,216.82,847.46,8,0,4.78,575.34,45.33,-32.46,11,22,1,3,0,0.258819045102521,-0.9659258262890682,0.43993916985591514,0.8980275757606156,1064.28,86.52682926829267,56.404,11.339899999999998,0.2037245837561544,546.77,27.64,620.7399999999999,763.85,False,False,False,False,False,False,False,False,False,True
2026-01-23 00:00:00,3.45,144.3,15.9,34.2,473.08,1190.76,1,1,3.16,683.21,105.17,-30.31,0,23,1,4,0,0.0,1.0,0.5835412113561175,-0.8120835268918063,1663.84,421.22531645569615,10.902000000000001,5.437800000000001,0.2843302240600058,575.34,45.33,564.1433333333333,770.6066666666666,False,False,False,False,False,False,False,False,False,True
2026-01-23 01:00:00,9.15,126.3,21.2,56.2,392.93,1181.54,9,1,2.84,605.45,98.31,49.3,1,23,1,4,0,0.25881904510252074,0.9659258262890683,0.8059282822485158,-0.5920131787992196,1574.47,163.15751295336787,25.986,11.9144,0.24956334512566133,683.21,105.17,601.7733333333332,1205.3933333333332,False,False,False,False,False,False,False,False,False,True
2026-01-23 03:00:00,4.19,289.1,33.9,51.4,66.9,587.16,2,1,3.76,581.74,103.21,85.0,3,23,1,4,0,0.7071067811865475,0.7071067811865476,-0.9449489121575307,0.3272178989791043,654.06,139.45842217484005,15.7544,17.424599999999998,0.10228419411063207,605.45,98.31,621.3333333333334,1434.1966666666667,False,False,False,False,False,False,False,False,False,True
2026-01-23 09:00:00,1.13,254.6,33.3,68.3,153.99,180.7,4,1,1.07,607.86,27.25,-37.97,9,23,1,4,0,0.7071067811865476,-0.7071067811865475,-0.96409540423411,-0.26555611748680913,334.69,205.3312883435583,1.2091,22.7439,0.4600974035674804,581.74,103.21,623.4666666666667,1297.4566666666667,False,False,False,False,False,False,False,False,False,True
2026-01-23 10:00:00,2.85,68.5,10.1,64.6,279.05,315.42,16,1,0.97,603.76,105.1,7.93,10,23,1,4,0,0.49999999999999994,-0.8660254037844387,0.9304175679820246,0.3665012267242973,594.47,177.45373134328358,2.7645,6.5245999999999995,0.4694097263108315,607.86,27.25,598.35,854.4066666666666,False,False,False,False,False,False,False,False,False,True
2026-01-23 15:00:00,10.2,354.9,20.6,87.9,255.08,190.59,-14,1,3.04,715.8,29.2,28.19,15,23,1,4,0,-0.7071067811865471,-0.7071067811865479,-0.08889429686644244,0.9960410654107695,445.67,41.65140186915888,31.008,18.107400000000002,0.5723517400767384,603.76,105.1,597.7866666666666,527.74,False,False,False,False,False,False,False,False,False,True
2026-01-23 18:00:00,1.88,208.3,23.2,60.9,213.87,776.43,-19,0,2.29,497.76,40.93,81.08,18,23,1,4,0,-1.0,-1.8369701987210297e-16,-0.47408820904711646,-0.8804773535091619,990.3,416.0924369747899,4.3052,14.128799999999998,0.2159648591335959,715.8,29.2,642.4733333333332,458.2766666666667,False,False,False,False,False,False,False,False,False,True
2026-01-24 13:00:00,9.73,31.0,26.6,50.0,56.91,1167.08,-3,1,2.14,621.87,92.44,56.49,13,24,1,5,1,-0.2588190451025208,-0.9659258262890683,0.5150380749100542,0.8571673007021123,1223.99,119.64711632453567,20.822200000000002,13.3,0.04649547790423124,497.76,40.93,605.7733333333333,676.8133333333334,False,False,False,False,False,False,False,False,False,True
2026-01-24 14:00:00,4.42,167.0,14.0,32.8,241.9,834.65,5,1,4.36,625.15,81.07,-23.21,14,24,1,5,1,-0.4999999999999997,-0.8660254037844388,0.2249510543438652,-0.9743700647852351,1076.55,218.8109756097561,19.2712,4.592,0.22469927081881938,621.87,92.44,611.81,886.6533333333333,False,False,False,False,False,False,False,False,False,True
2026-01-24 19:00:00,10.46,198.0,28.7,51.3,340.94,755.39,15,0,1.55,503.36,34.69,56.13,19,24,1,5,1,-0.9659258262890684,0.2588190451025203,-0.3090169943749473,-0.9510565162951536,1096.33,100.03010948905109,16.213,14.723099999999999,0.3109830069413407,625.15,81.07,581.5933333333332,1096.9466666666667,False,False,False,False,False,False,False,False,False,True
2026-01-25 10:00:00,0.58,126.0,22.6,50.1,262.61,1116.44,23,1,0.26,557.74,117.87,-12.82,10,25,1,6,1,0.49999999999999994,-0.8660254037844387,0.8090169943749475,-0.587785252292473,1379.0500000000002,1276.8981481481483,0.1508,11.3226,0.19042819332148941,503.36,34.69,583.46,1132.29,False,False,False,False,False,False,False,False,False,True
2026-01-26 06:00:00,1.73,51.4,23.7,63.3,403.99,570.2,-28,0,4.41,443.64,110.02,28.11,6,26,1,0,0,1.0,6.123233995736766e-17,0.7815204724188187,0.6238795967093862,974.19,436.8565022421525,7.6293,15.002099999999999,0.4146932323263429,557.74,117.87,562.0833333333334,1183.9766666666667,False,False,False,False,False,False,False,False,False,True
2026-01-26 12:00:00,2.39,126.1,33.4,86.9,233.82,640.17,28,0,1.81,599.35,82.07,96.98,12,26,1,0,0,1.2246467991473532e-16,-1.0,0.8079898838980306,-0.5891963573533419,873.99,302.4186851211073,4.325900000000001,29.0246,0.26753166512202653,443.64,110.02,501.5799999999999,1149.8566666666666,False,False,False,False,False,False,False,False,False,True
2026-01-26 14:00:00,1.91,260.8,15.8,91.3,393.64,205.24,1,0,0.72,695.12,119.03,53.56,14,26,1,0,0,-0.4999999999999997,-0.8660254037844388,-0.9871362650729879,-0.15988118769183482,598.88,248.4979253112033,1.3752,14.4254,0.6572936147475287,599.35,82.07,533.5766666666667,1075.7433333333333,False,False,False,False,False,False,False,False,False,True
2026-01-26 16:00:00,1.92,281.9,10.9,47.2,208.05,1138.65,15,1,4.94,656.48,53.43,26.76,16,26,1,0,0,-0.8660254037844384,-0.5000000000000004,-0.9785089851017785,0.20620418539662896,1346.7,556.4876033057851,9.4848,5.1448,0.15448875027845846,695.12,119.03,579.37,815.6866666666666,False,False,False,False,False,False,False,False,False,True
2026-01-27 10:00:00,10.71,233.2,32.6,72.2,140.76,109.14,-1,1,0.58,647.06,57.56,44.72,10,27,1,1,0,0.49999999999999994,-0.8660254037844387,-0.8007313709487334,-0.599023598515586,249.89999999999998,22.29259589652096,6.2118,23.537200000000002,0.563265306122449,656.48,53.43,650.3166666666666,939.8566666666667,False,False,False,False,False,False,False,False,False,True
2026-01-27 22:00:00,9.66,13.5,15.0,75.2,153.02,774.28,-15,0,2.33,406.32,70.15,86.32,22,27,1,1,0,-0.5000000000000004,0.8660254037844384,0.2334453638559054,0.9723699203976766,927.3,91.26968503937007,22.5078,11.28,0.16501671519465116,647.06,57.56,666.2199999999999,731.8266666666667,False,False,False,False,False,False,False,False,False,True
2026-01-28 20:00:00,9.42,13.5,29.8,87.0,331.64,377.95,11,0,3.43,558.27,67.48,-10.37,20,28,1,2,0,-0.8660254037844386,0.5000000000000001,0.2334453638559054,0.9723699203976766,709.5899999999999,71.53124999999999,32.3106,25.926,0.46736848039008444,406.32,70.15,569.9533333333333,841.3000000000001,False,False,False,False,False,False,False,False,False,True
2026-01-28 21:00:00,4.44,204.9,17.4,43.1,407.12,459.91,22,1,1.53,431.77,76.02,-4.55,21,28,1,2,0,-0.7071067811865477,0.7071067811865474,-0.42103581336749096,-0.907044014291465,867.03,175.51214574898785,6.793200000000001,7.4994,0.4695569934142994,558.27,67.48,537.2166666666666,628.93,False,False,False,False,False,False,False,False,False,True
2026-01-29 11:00:00,2.21,59.1,18.6,82.4,389.08,490.99,-25,1,0.78,498.7,45.31,12.55,11,29,1,3,0,0.258819045102521,-0.9659258262890682,0.8580649057236446,0.5135412520581701,880.0699999999999,324.7490774907749,1.7238,15.326400000000003,0.4421011964957333,431.77,76.02,465.4533333333332,834.64,False,False,False,False,False,False,False,False,False,True
2026-01-29 12:00:00,7.36,181.3,18.9,81.4,286.3,409.71,19,0,0.93,652.99,86.89,71.96,12,29,1,3,0,1.2246467991473532e-16,-1.0,-0.0226873335727816,-0.9997426093226983,696.01,88.55089058524173,6.8448,15.3846,0.4113446645881525,498.7,45.31,496.2466666666666,818.8966666666666,False,False,False,False,False,False,False,False,False,True
2026-01-30 19:00:00,10.97,308.5,32.1,31.5,190.58,353.46,29,0,3.96,522.88,54.41,50.09,19,30,1,4,0,-0.9659258262890684,0.2588190451025203,-0.782608156852414,0.6225146366376193,544.04,47.43156059285091,43.4412,10.111500000000001,0.3503051246231895,652.99,86.89,527.8199999999999,814.37,False,False,False,False,False,False,False,False,False,True
2026-01-31 00:00:00,11.15,21.5,11.1,40.9,323.94,1198.57,25,1,1.91,578.36,85.62,44.81,0,31,1,5,1,0.0,1.0,0.3665012267242973,0.9304175679820246,1522.51,130.68755364806867,21.296499999999998,4.539899999999999,0.2127670754215079,522.88,54.41,558.1899999999999,706.7066666666668,False,False,False,False,False,False,False,False,False,True
2026-01-31 03:00:00,2.87,113.3,29.9,64.8,236.53,338.98,-6,0,0.17,420.92,71.78,60.0,3,31,1,5,1,0.7071067811865475,0.7071067811865476,0.9184463813430872,-0.3955455025629649,575.51,170.77448071216617,0.48790000000000006,19.375199999999996,0.41099198971347156,578.36,85.62,584.7433333333332,920.8533333333334,False,False,False,False,False,False,False,False,False,True
2026-02-01 02:00:00,5.37,259.7,30.5,83.5,438.63,1184.57,20,1,0.55,564.61,99.27,93.01,2,1,2,6,1,0.49999999999999994,0.8660254037844387,-0.9838850379335415,-0.17880221511635014,1623.1999999999998,276.5247018739352,2.9535000000000005,25.4675,0.27022548053228196,420.92,71.78,507.3866666666666,880.6866666666668,False,False,False,False,False,False,False,False,False,True
2026-02-01 08:00:00,10.96,199.0,22.7,77.2,456.99,631.69,-19,0,3.49,433.28,54.63,42.38,8,1,2,6,1,0.8660254037844387,-0.4999999999999998,-0.32556815445715676,-0.9455185755993167,1088.68,94.99825479930192,38.250400000000006,17.5244,0.419765220266745,564.61,99.27,521.2966666666666,1240.4066666666668,False,False,False,False,False,False,False,False,False,True
2026-02-01 15:00:00,4.68,11.7,14.1,54.7,194.0,355.17,17,0,1.21,698.22,31.62,29.54,15,1,2,6,1,-0.7071067811865471,-0.7071067811865479,0.20278729535651246,0.9792228106217657,549.1700000000001,106.01737451737453,5.6628,7.7127,0.35326037474734595,433.28,54.63,472.93666666666655,1095.7966666666666,False,False,False,False,False,False,False,False,False,True
2026-02-01 18:00:00,7.67,348.8,25.6,93.1,76.16,658.65,-2,0,3.95,455.55,92.98,65.5,18,1,2,6,1,-1.0,-1.8369701987210297e-16,-0.19423435121997162,0.9809551553491916,734.81,89.94002447980415,30.2965,23.8336,0.10364584042133342,698.22,31.62,565.3699999999999,1087.0166666666667,False,False,False,False,False,False,False,False,False,True
2026-02-01 20:00:00,9.76,22.9,33.3,51.0,150.13,864.46,15,1,3.04,426.32,106.11,-9.47,20,1,2,6,1,-0.8660254037844386,0.5000000000000001,0.38912395014020623,0.9211854055657213,1014.59,98.8879142300195,29.6704,16.983,0.1479711016272583,455.55,92.98,529.0166666666665,790.8866666666667,False,False,False,False,False,False,False,False,False,True
2026-02-02 02:00:00,5.68,326.4,32.3,85.9,443.72,430.58,-29,0,3.19,599.27,102.08,-6.27,2,2,2,0,0,0.49999999999999994,0.8660254037844387,-0.5533915492433442,0.8329212407100994,874.3,141.4724919093851,18.1192,27.745700000000003,0.5075145830950475,426.32,106.11,526.6966666666666,766.19,False,False,False,False,False,False,False,False,False,True
2026-02-02 11:00:00,9.11,96.5,21.7,61.7,209.26,955.57,-8,1,0.85,654.43,66.39,52.72,11,2,2,0,0,0.258819045102521,-0.9659258262890682,0.9935718556765875,-0.11320321376790671,1164.83,121.210197710718,7.743499999999999,13.388900000000001,0.1796485324038701,599.27,102.08,493.7133333333333,874.5666666666666,False,False,False,False,False,False,False,False,False,True
2026-02-02 15:00:00,8.72,25.4,10.8,89.1,309.61,250.36,-19,0,1.95,747.28,89.09,-46.96,15,2,2,0,0,-0.7071067811865471,-0.7071067811865479,0.4289351334031458,0.9033352928633008,559.97,60.73427331887201,17.004,9.6228,0.5529046198903512,654.43,66.39,560.0066666666665,1017.9066666666666,False,False,False,False,False,False,False,False,False,True
2026-02-02 22:00:00,3.4,257.0,22.9,89.7,383.07,849.67,23,1,1.6,619.44,14.67,-43.72,22,2,2,0,0,-0.5000000000000004,0.8660254037844384,-0.9743700647852351,-0.22495105434386525,1232.74,316.08717948717947,5.44,20.5413,0.3107467916997907,747.28,89.09,666.9933333333332,866.3666666666664,False,False,False,False,False,False,False,False,False,True
2026-02-03 05:00:00,3.29,173.7,15.3,48.9,316.49,1038.42,-21,1,2.07,673.03,14.83,-31.9,5,3,2,1,0,0.9659258262890683,0.25881904510252074,0.10973431109104564,-0.9939609554551796,1354.91,357.49604221635883,6.8103,7.4817,0.23358747075451505,619.44,14.67,673.7166666666666,985.8466666666667,False,False,False,False,False,False,False,False,False,True
2026-02-03 11:00:00,7.4,138.1,21.3,42.1,69.36,170.55,-23,0,1.73,435.95,117.04,-1.04,11,3,2,1,0,0.258819045102521,-0.9659258262890682,0.6678325554710469,-0.7443115462311538,239.91000000000003,30.36835443037975,12.802,8.9673,0.2891084156558709,673.03,14.83,679.9166666666666,1049.2066666666667,False,False,False,False,False,False,False,False,False,True
2026-02-03 17:00:00,7.96,78.4,17.9,41.6,266.12,247.66,-16,1,2.62,489.98,58.79,-48.72,17,3,2,1,0,-0.9659258262890683,-0.25881904510252063,0.9795752495993441,0.20107792114596457,513.78,60.7304964539007,20.8552,7.4464,0.5179648876951225,435.95,117.04,576.14,942.52,False,False,False,False,False,False,False,False,False,True
2026-02-04 04:00:00,10.5,30.5,24.2,54.6,73.56,513.34,14,0,3.98,460.83,109.4,66.01,4,4,2,2,0,0.8660254037844386,0.5000000000000001,0.5075383629607041,0.8616291604415258,586.9000000000001,53.354545454545466,41.79,13.213199999999999,0.1253365138865224,489.98,58.79,532.9866666666666,702.8666666666668,False,False,False,False,False,False,False,False,False,True
2026-02-04 09:00:00,5.45,245.9,11.0,40.4,210.64,1050.35,-19,0,3.85,739.87,28.6,38.39,9,4,2,2,0,0.7071067811865476,-0.7071067811865475,-0.9128341772330429,-0.4083304603813847,1260.9899999999998,211.93109243697475,20.9825,4.444,0.16704335482438404,460.83,109.4,462.2533333333333,446.8633333333334,False,False,False,False,False,False,False,False,False,True
2026-02-05 22:00:00,6.13,201.3,27.7,39.5,68.13,766.13,17,1,0.11,531.66,16.99,-32.49,22,5,2,3,0,-0.5000000000000004,0.8660254037844384,-0.36325123047297864,-0.9316912275855489,834.26,125.83107088989442,0.6743,10.941499999999998,0.08166518831059862,739.87,28.6,563.56,787.2233333333334,False,False,False,False,False,False,False,False,False,True
2026-02-06 02:00:00,2.77,120.3,13.2,37.5,60.39,635.07,-11,0,0.51,721.96,36.71,-0.59,2,6,2,4,0,0.49999999999999994,0.8660254037844387,0.8633955506067718,-0.5045276238150191,695.46,212.67889908256882,1.4127,4.95,0.08683461306185833,531.66,16.99,577.4533333333333,894.0499999999998,False,False,False,False,False,False,False,False,False,True
2026-02-06 11:00:00,4.49,343.9,23.8,68.1,372.94,744.62,-2,0,2.03,748.89,76.82,48.16,11,6,2,4,0,0.258819045102521,-0.9659258262890682,-0.2773146533023783,0.960779154157594,1117.56,223.95991983967934,9.1147,16.2078,0.33370915208132,721.96,36.71,664.4966666666666,930.2366666666667,False,False,False,False,False,False,False,False,False,True
2026-02-06 20:00:00,11.09,139.1,21.2,62.3,279.18,739.66,29,1,2.53,563.98,101.87,11.7,20,6,2,4,0,-0.8660254037844386,0.5000000000000001,0.6547408137173398,-0.7558534691676395,1018.8399999999999,87.90681622088006,28.057699999999997,13.2076,0.27401751010953634,748.89,76.82,667.5033333333332,882.4266666666666,False,False,False,False,False,False,False,False,False,True
2026-02-06 23:00:00,9.02,2.1,20.4,36.7,460.22,992.55,13,0,1.56,482.92,35.29,99.69,23,6,2,4,0,-0.25881904510252157,0.9659258262890681,0.036643708706556276,0.9993283937786562,1452.77,152.60189075630254,14.0712,7.4868,0.3167879292661605,563.98,101.87,678.2766666666666,943.9533333333333,False,False,False,False,False,False,False,False,False,True
2026-02-08 09:00:00,1.73,42.0,25.1,80.3,96.83,596.28,11,0,3.19,513.44,45.18,6.23,9,8,2,6,1,0.7071067811865476,-0.7071067811865475,0.6691306063588582,0.7431448254773942,693.11,310.8116591928251,5.5187,20.1553,0.139703654542569,482.92,35.29,598.5966666666666,1196.39,False,False,False,False,False,False,False,False,False,True
2026-02-08 12:00:00,9.32,337.2,28.6,43.3,181.53,1052.86,28,0,4.22,489.89,108.07,-39.42,12,8,2,6,1,1.2246467991473532e-16,-1.0,-0.38751558645210327,0.9218631515885004,1234.3899999999999,125.70162932790222,39.3304,12.383799999999999,0.14706049141681318,513.44,45.18,520.1133333333332,1054.9066666666665,False,False,False,False,False,False,False,False,False,True
2026-02-09 17:00:00,1.42,211.5,34.1,31.2,454.99,991.73,-29,0,4.75,424.93,68.3,-34.48,17,9,2,0,0,-0.9659258262890683,-0.25881904510252063,-0.5224985647159487,-0.8526401643540923,1446.72,753.5,6.744999999999999,10.6392,0.31449762220747624,489.89,108.07,495.4166666666666,1126.7566666666667,False,False,False,False,False,False,False,False,False,True
2026-02-10 08:00:00,10.95,115.4,12.6,46.2,215.52,413.61,17,1,4.7,636.27,50.01,74.44,8,10,2,1,0,0.8660254037844387,-0.4999999999999998,0.9033352928633008,-0.42893513340314576,629.13,54.94585152838428,51.464999999999996,5.8212,0.3425683086166611,424.93,68.3,476.0866666666666,1124.74,False,False,False,False,False,False,False,False,False,True
2026-02-10 10:00:00,8.28,86.2,29.9,63.8,424.42,419.72,-23,1,4.63,648.51,28.77,-46.19,10,10,2,1,0,0.49999999999999994,-0.8660254037844387,0.99780146829205,0.06627390040000007,844.1400000000001,96.14350797266516,38.3364,19.0762,0.5027838984054778,636.27,50.01,517.0299999999999,1103.4133333333332,False,False,False,False,False,False,False,False,False,True
2026-02-11 02:00:00,5.39,124.4,30.4,59.6,429.5,178.99,-26,0,3.59,599.51,48.58,48.97,2,11,2,2,0,0.49999999999999994,0.8660254037844387,0.8251134982782952,-0.5649670034249379,608.49,103.30899830220714,19.350099999999998,18.118399999999998,0.7058456178408848,648.51,28.77,569.9033333333333,973.3299999999999,False,False,False,False,False,False,False,False,False,True
2026-02-11 05:00:00,0.9,22.8,17.5,40.4,362.06,156.83,-16,0,3.22,723.5,117.59,-28.31,5,11,2,2,0,0.9659258262890683,0.25881904510252074,0.387515586452103,0.9218631515885005,518.89,370.6357142857143,2.898,7.07,0.6977586771762802,599.51,48.58,628.0966666666666,693.92,False,False,False,False,False,False,False,False,False,True
2026-02-11 11:00:00,11.0,189.9,12.4,51.4,63.85,370.41,2,1,1.9,417.37,77.89,9.26,11,11,2,2,0,0.258819045102521,-0.9659258262890682,-0.17192910027940977,-0.9851093261547739,434.26000000000005,37.76173913043478,20.9,6.3736,0.14703173214203472,723.5,117.59,657.1733333333333,657.1733333333333,False,False,False,False,False,False,False,False,False,True
2026-02-11 12:00:00,4.96,236.0,10.2,63.0,375.71,901.7,-20,1,1.66,572.12,65.34,85.18,12,11,2,2,0,1.2246467991473532e-16,-1.0,-0.8290375725550418,-0.5591929034707466,1277.41,233.95787545787547,8.2336,6.425999999999999,0.29411856804001846,417.37,77.89,580.1266666666666,520.5466666666665,False,False,False,False,False,False,False,False,False,True
2026-02-12 00:00:00,9.3,243.7,18.4,55.6,143.04,666.44,-1,1,4.22,454.94,98.11,-28.79,0,12,2,3,0,0.0,1.0,-0.8964864303834406,-0.44307119082417973,809.48,82.6,39.246,10.2304,0.17670603350298955,572.12,65.34,570.9966666666666,743.52,False,False,False,False,False,False,False,False,False,True
2026-02-12 02:00:00,2.86,202.3,19.4,57.7,107.7,894.37,28,0,4.46,663.03,116.11,34.47,2,12,2,3,0,0.49999999999999994,0.8660254037844387,-0.3794561595290052,-0.925209718385782,1002.07,298.2351190476191,12.7556,11.1938,0.107477521530432,454.94,98.11,481.47666666666663,840.3833333333332,False,False,False,False,False,False,False,False,False,True
2026-02-12 13:00:00,4.84,294.5,16.4,41.2,461.96,1064.73,28,0,1.06,431.43,82.16,-14.15,13,12,2,3,0,-0.2588190451025208,-0.9659258262890683,-0.9099612708765432,0.4146932426562389,1526.69,285.8970037453184,5.1304,6.756799999999999,0.3025892617361743,663.03,116.11,563.3633333333333,1029.6533333333332,False,False,False,False,False,False,False,False,False,True
2026-02-13 03:00:00,1.17,104.8,28.3,76.7,248.58,164.27,5,1,2.3,594.33,46.49,-18.24,3,13,2,4,0,0.7071067811865475,0.7071067811865476,0.9668233886044594,-0.2554457579357904,412.85,247.21556886227546,2.691,21.706100000000003,0.6021073028945138,431.43,82.16,516.4666666666666,1112.7466666666667,False,False,False,False,False,False,False,False,False,True
2026-02-13 07:00:00,4.58,154.0,32.4,77.8,461.83,1097.83,1,0,4.62,524.86,48.88,-25.46,7,13,2,4,0,0.9659258262890683,-0.25881904510252063,0.4383711467890773,-0.898794046299167,1559.6599999999999,307.01968503937,21.1596,25.207199999999997,0.2961094084608184,594.33,46.49,562.93,980.5366666666665,False,False,False,False,False,False,False,False,False,True
2026-02-13 12:00:00,2.25,346.2,24.7,42.1,170.18,726.68,15,1,1.07,576.71,57.77,64.54,12,13,2,4,0,1.2246467991473532e-16,-1.0,-0.23853345757858122,0.971134279909636,896.8599999999999,326.13090909090903,2.4075,10.398700000000002,0.18975090872599962,524.86,48.88,516.8733333333333,1166.3999999999999,False,False,False,False,False,False,False,False,False,True
2026-02-14 07:00:00,10.44,26.7,24.8,49.9,208.01,925.02,-7,0,0.49,633.19,16.27,52.15,7,14,2,5,1,0.9659258262890683,-0.25881904510252063,0.4493189986158966,0.8933713883278376,1133.03,103.56764168190128,5.1156,12.3752,0.18358737191424762,576.71,57.77,565.2999999999998,956.4566666666664,False,False,False,False,False,False,False,False,False,True
2026-02-15 22:00:00,11.81,337.9,21.0,35.8,476.28,139.88,8,0,4.98,742.44,104.8,44.12,22,15,2,6,1,-0.5000000000000004,0.8660254037844384,-0.3762242631393658,0.9265286308718372,616.16,50.053614947197396,58.81380000000001,7.518,0.7729810438847052,633.19,16.27,578.2533333333332,1196.5166666666664,False,False,False,False,False,False,False,False,False,True
2026-02-15 23:00:00,1.08,289.8,10.4,43.7,204.04,1182.42,-16,0,3.66,644.44,32.47,-48.19,23,15,2,6,1,-0.25881904510252157,0.9659258262890681,-0.9408807689542253,0.33873792024529187,1386.46,877.506329113924,3.9528000000000003,4.5448,0.14716616418793185,742.44,104.8,650.7799999999999,882.0166666666664,False,False,False,False,False,False,False,False,False,True
2026-02-17 10:00:00,5.16,351.1,15.2,74.1,154.36,259.12,1,0,3.15,512.86,84.02,17.71,10,17,2,1,0,0.49999999999999994,-0.8660254037844387,-0.15471038629946757,0.9879598657693892,413.48,73.05300353356891,16.254,11.2632,0.3733191448195802,644.44,32.47,673.3566666666666,1045.2166666666665,False,False,False,False,False,False,False,False,False,True
2026-02-17 23:00:00,11.36,56.4,21.6,31.0,304.62,822.28,15,0,3.37,688.64,34.56,-29.36,23,17,2,1,0,-0.25881904510252157,0.9659258262890681,0.8329212407100994,0.5533915492433441,1126.9,95.0168634064081,38.2832,6.696000000000001,0.2703167982962108,512.86,84.02,633.2466666666666,805.3666666666664,False,False,False,False,False,False,False,False,False,True
2026-02-18 13:00:00,8.47,25.8,26.2,62.7,438.2,668.32,0,1,0.11,483.18,60.19,0.39,13,18,2,2,0,-0.2588190451025208,-0.9659258262890683,0.4352310993723275,0.9003187714021935,1106.52,123.35785953177256,0.9317000000000001,16.4274,0.39601633951487547,688.64,34.56,615.3133333333332,975.6133333333332,False,False,False,False,False,False,False,False,False,True
2026-02-18 17:00:00,6.69,281.3,23.7,67.3,318.93,680.27,26,0,0.71,422.07,40.33,10.32,17,18,2,2,0,-0.9659258262890683,-0.25881904510252063,-0.980614658546613,0.19594614424251766,999.2,138.97079276773297,4.7499,15.950099999999999,0.3191853482786229,483.18,60.19,561.5599999999998,882.2999999999998,False,False,False,False,False,False,False,False,False,True
2026-02-19 09:00:00,2.46,344.9,12.8,41.3,464.78,831.72,6,0,2.51,506.84,118.98,-44.76,9,19,2,3,0,0.7071067811865476,-0.7071067811865475,-0.26050450864264907,0.9654726308792249,1296.5,438.0067567567568,6.174599999999999,5.2863999999999995,0.3584882375626687,422.07,40.33,531.2966666666666,1077.54,False,False,False,False,False,False,False,False,False,True
2026-02-19 10:00:00,4.92,181.1,13.9,48.6,469.83,883.99,-6,1,3.03,468.58,77.36,14.09,10,19,2,3,0,0.49999999999999994,-0.8660254037844387,-0.01919744239968968,-0.9998157121216442,1353.82,249.78228782287823,14.907599999999999,6.755400000000001,0.34704022691347447,506.84,118.98,470.69666666666654,1134.073333333333,False,False,False,False,False,False,False,False,False,True
2026-02-19 17:00:00,4.43,68.8,15.7,54.2,260.14,832.94,0,0,3.82,663.32,50.03,38.01,17,19,2,3,0,-0.9659258262890683,-0.25881904510252063,0.9323238012155122,0.3616245700820924,1093.08,221.72008113590263,16.9226,8.509400000000001,0.23798807040655762,468.58,77.36,465.8299999999999,1216.5066666666664,False,False,False,False,False,False,False,False,False,True
2026-02-20 02:00:00,5.62,74.5,34.4,87.9,69.98,473.52,-23,0,3.4,449.48,44.36,66.34,2,20,2,4,0,0.49999999999999994,0.8660254037844387,0.963630453208623,0.26723837607825696,543.5,88.80718954248366,19.108,30.2376,0.12875804967801288,663.32,50.03,546.2466666666666,1247.8,False,False,False,False,False,False,False,False,False,True
2026-02-20 05:00:00,10.43,183.6,12.3,49.2,233.1,961.99,-29,1,3.93,641.46,24.96,2.15,5,20,2,4,0,0.9659258262890683,0.25881904510252074,-0.06279051952931335,-0.9980267284282716,1195.09,109.34034766697164,40.9899,6.0516000000000005,0.1950480716933453,449.48,44.36,527.1266666666667,996.7999999999998,False,False,False,False,False,False,False,False,False,True
2026-02-20 15:00:00,10.47,151.8,33.9,32.7,295.47,112.06,-27,0,3.59,540.58,85.17,76.05,15,20,2,4,0,-0.7071067811865471,-0.7071067811865479,0.47255076486905373,-0.8813034520649924,407.53000000000003,37.14949863263446,37.5873,11.0853,0.7250263784261282,641.46,24.96,584.7533333333332,943.8899999999998,False,False,False,False,False,False,False,False,False,True
2026-02-20 17:00:00,11.62,71.8,33.3,54.2,253.65,398.63,20,0,1.97,609.73,109.98,86.1,17,20,2,4,0,-0.9659258262890683,-0.25881904510252063,0.9499720515246525,0.3123349185122326,652.28,53.81848184818482,22.891399999999997,18.0486,0.38886674434292023,540.58,85.17,543.84,715.3733333333331,False,False,False,False,False,False,False,False,False,True
2026-02-20 19:00:00,3.35,231.6,23.5,66.3,239.54,1032.57,-13,0,4.2,462.11,47.94,15.81,19,20,2,4,0,-0.9659258262890684,0.2588190451025203,-0.7836934573258396,-0.6211477802783105,1272.11,330.4181818181818,14.07,15.580499999999999,0.18830132614317946,609.73,109.98,597.2566666666667,751.6333333333332,False,False,False,False,False,False,False,False,False,True
2026-02-21 03:00:00,3.64,352.0,34.5,89.0,237.52,1164.41,-15,1,0.98,564.35,51.1,88.27,3,21,2,5,1,0.7071067811865475,0.7071067811865476,-0.13917310096006588,0.9902680687415703,1401.93,338.6304347826087,3.5672,30.705,0.16942358034994615,462.11,47.94,537.4733333333332,777.3066666666664,False,False,False,False,False,False,False,False,False,True
2026-02-21 20:00:00,8.33,251.3,17.7,84.3,53.49,795.19,29,0,4.01,633.9,52.71,-10.49,20,21,2,5,1,-0.8660254037844386,0.5000000000000001,-0.9472102777460287,-0.32061299058567655,848.6800000000001,96.11325028312571,33.4033,14.9211,0.06302728943771503,564.35,51.1,545.3966666666665,1108.7733333333333,False,False,False,False,False,False,False,False,False,True
2026-02-22 05:00:00,10.18,275.9,10.6,74.0,468.69,162.28,-4,1,1.78,602.96,85.48,17.98,5,22,2,6,1,0.9659258262890683,0.25881904510252074,-0.9947028171171742,0.10279253678724644,630.97,59.079588014981276,18.1204,7.843999999999999,0.7428086913799388,633.9,52.71,553.4533333333333,1174.24,False,False,False,False,False,False,False,False,False,True
2026-02-22 15:00:00,7.63,82.3,31.5,47.5,236.58,337.52,-16,0,3.48,678.52,90.47,-10.14,15,22,2,6,1,-0.7071067811865471,-0.7071067811865479,0.9909831997148363,0.1339861854182922,574.1,70.61500615006152,26.5524,14.9625,0.412088486326424,602.96,85.48,600.4033333333333,960.5266666666666,False,False,False,False,False,False,False,False,False,True
2026-02-23 05:00:00,3.28,143.9,32.5,67.1,86.53,130.39,26,0,4.18,685.47,23.09,88.93,5,23,2,0,0,0.9659258262890683,0.25881904510252074,0.5891963573533421,-0.8079898838980305,216.92,57.386243386243386,13.710399999999998,21.8075,0.3989028213166145,678.52,90.47,638.4599999999999,684.5833333333331,False,False,False,False,False,False,False,False,False,True
2026-02-23 22:00:00,9.31,277.6,26.3,91.8,191.51,285.25,3,1,3.31,548.79,84.31,23.16,22,23,2,0,0,-0.5000000000000004,0.8660254037844384,-0.9912155402515417,0.13225639025712288,476.76,48.59938837920489,30.816100000000002,24.1434,0.4016905780686299,685.47,23.09,655.65,473.9966666666665,False,False,False,False,False,False,False,False,False,True
2026-02-24 00:00:00,9.83,69.9,10.1,53.0,321.54,302.11,-4,1,1.77,565.18,48.59,46.33,0,24,2,1,0,0.0,1.0,0.9390942520947091,0.34365969458561607,623.6500000000001,60.372700871248796,17.3991,5.353,0.5155776477190731,548.79,84.31,637.5933333333332,422.5933333333332,False,False,False,False,False,False,False,False,False,True
2026-02-24 01:00:00,3.88,193.2,16.2,69.2,225.11,662.64,-12,0,3.77,482.32,57.9,25.74,1,24,2,1,0,0.25881904510252074,0.9659258262890683,-0.2283508701106555,-0.9735789028731603,887.75,202.6826484018265,14.6276,11.2104,0.25357364122782317,565.18,48.59,599.8133333333332,439.10999999999984,False,False,False,False,False,False,False,False,False,True
2026-02-24 05:00:00,11.85,109.2,29.1,66.3,231.23,1098.95,25,1,2.89,700.94,16.18,-32.2,5,24,2,1,0,0.9659258262890683,0.25881904510252074,0.9443763702374811,-0.3288666467385832,1330.18,107.70688259109312,34.2465,19.2933,0.17383361650302964,482.32,57.9,532.0966666666666,662.7199999999998,False,False,False,False,False,False,False,False,False,True
2026-02-24 08:00:00,7.51,56.7,15.8,32.2,392.5,610.55,28,1,3.55,579.35,56.87,32.27,8,24,2,1,0,0.8660254037844387,-0.4999999999999998,0.8358073613682703,0.5490228179981317,1003.05,125.2247191011236,26.6605,5.0876,0.391306515128857,700.94,16.18,582.8133333333333,947.1933333333333,False,False,False,False,False,False,False,False,False,True
2026-02-24 22:00:00,3.18,299.2,17.0,41.5,354.31,1142.42,-16,1,3.01,541.4,71.3,66.94,22,24,2,1,0,-0.5000000000000004,0.8660254037844384,-0.8729220772698096,0.48785965913873275,1496.73,406.7201086956522,9.5718,7.055,0.236722722201065,579.35,56.87,587.5366666666665,1073.6599999999999,False,False,False,False,False,False,False,False,False,True
2026-02-25 07:00:00,11.17,290.1,26.3,77.4,319.21,801.04,-30,0,3.0,716.31,79.56,28.04,7,25,2,2,0,0.9659258262890683,-0.25881904510252063,-0.9390942520947091,0.34365969458561624,1120.25,95.99400171379605,33.51,20.3562,0.28494532470430706,541.4,71.3,607.2299999999999,1276.6533333333334,False,False,False,False,False,False,False,False,False,True
2026-02-25 18:00:00,7.93,345.5,13.9,89.1,147.3,1148.62,-3,0,4.16,587.11,48.97,-34.2,18,25,2,2,0,-1.0,-1.8369701987210297e-16,-0.2503800040544419,0.9681476403781076,1295.9199999999998,153.72716488730723,32.9888,12.3849,0.1136644237298599,716.31,79.56,612.3533333333332,1206.6766666666665,False,False,False,False,False,False,False,False,False,True
2026-02-25 22:00:00,7.85,14.4,21.1,89.3,99.76,144.02,-26,0,4.73,504.45,118.36,-43.33,22,25,2,2,0,-0.5000000000000004,0.8660254037844384,0.2486898871648548,0.9685831611286311,243.78000000000003,29.195209580838327,37.130500000000005,18.8423,0.409221429157437,587.11,48.97,614.9399999999999,1304.2999999999997,False,False,False,False,False,False,False,False,False,True
2026-02-26 10:00:00,6.57,193.6,21.8,66.6,317.35,797.88,-5,0,3.94,489.64,62.0,95.57,10,26,2,3,0,0.49999999999999994,-0.8660254037844387,-0.23514211310258978,-0.9719610005785463,1115.23,157.74115983026874,25.8858,14.518799999999999,0.28456013557741455,504.45,118.36,602.6233333333332,886.6499999999997,False,False,False,False,False,False,False,False,False,True
2026-02-27 07:00:00,7.85,327.9,30.7,50.6,431.86,403.3,19,0,0.35,520.26,96.4,1.82,7,27,2,4,0,0.9659258262890683,-0.25881904510252063,-0.5313985795180837,0.8471219213821367,835.1600000000001,100.01916167664672,2.7474999999999996,15.5342,0.5170985200440634,489.64,62.0,527.0666666666666,884.9766666666665,False,False,False,False,False,False,False,False,False,True
2026-02-28 00:00:00,7.98,206.6,26.9,43.2,341.22,998.67,23,0,0.51,568.55,22.94,95.72,0,28,2,5,1,0.0,1.0,-0.44775908783876955,-0.8941542368393682,1339.8899999999999,158.00589622641508,4.0698,11.6208,0.25466269619147847,520.26,96.4,504.7833333333333,731.3899999999999,False,False,False,False,False,False,False,False,False,True
2026-02-28 03:00:00,5.55,265.8,11.5,93.6,414.96,1138.94,21,0,4.9,719.47,109.34,27.64,3,28,2,5,1,0.7071067811865475,0.7071067811865476,-0.9973144772244581,-0.07323819712763176,1553.9,256.8429752066116,27.195,10.764,0.26704421133921097,568.55,22.94,526.15,1096.76,False,False,False,False,False,False,False,False,False,True
2026-02-28 06:00:00,10.0,155.8,32.1,72.6,452.54,632.39,10,0,2.55,439.78,87.34,50.52,6,28,2,5,1,1.0,6.123233995736766e-17,0.4099230338415728,-0.912120116172273,1084.93,103.32666666666667,25.5,23.3046,0.4171144682145392,719.47,109.34,602.7599999999999,1242.9833333333333,False,False,False,False,False,False,False,False,False,True
2026-02-28 18:00:00,4.64,128.4,28.5,83.8,442.76,1097.42,-20,1,1.94,656.64,63.42,-10.34,18,28,2,5,1,-1.0,-1.8369701987210297e-16,0.7836934573258398,-0.6211477802783103,1540.18,299.6459143968872,9.0016,23.882999999999996,0.2874728927787661,439.78,87.34,575.9333333333333,1326.24,False,False,False,False,False,False,False,False,False,True
2026-02-28 20:00:00,4.59,300.8,23.2,68.3,281.74,280.53,18,1,4.69,404.03,88.54,80.42,20,28,2,5,1,-0.8660254037844386,0.5000000000000001,-0.8589598969306643,0.5120428648705716,562.27,110.4656188605108,21.5271,15.8456,0.5010759955181675,656.64,63.42,605.2966666666666,1393.0033333333333,False,False,False,False,False,False,False,False,False,True
2026-03-01 18:00:00,6.83,249.3,10.4,36.1,463.01,1154.68,7,0,2.93,457.25,25.93,-13.03,18,1,3,6,1,-1.0,-1.8369701987210297e-16,-0.9354440308298674,-0.35347484377925703,1617.69,220.69440654843112,20.0119,3.7544000000000004,0.28621676588221473,404.03,88.54,500.1499999999999,1062.4599999999998,False,False,False,False,False,False,False,False,False,True
2026-03-02 04:00:00,6.78,116.8,17.1,69.0,204.3,873.68,26,0,4.51,429.27,20.15,35.81,4,2,3,0,0,0.8660254037844386,0.5000000000000001,0.8925858184521254,-0.45087754068943087,1077.98,148.07417582417582,30.5778,11.799000000000001,0.18952114139408896,457.25,25.93,505.9733333333333,1240.0466666666664,False,False,False,False,False,False,False,False,False,True
2026-03-02 13:00:00,10.16,225.5,21.4,72.2,330.63,104.71,-18,1,3.97,647.34,78.87,-16.56,13,2,3,0,0,-0.2588190451025208,-0.9659258262890683,-0.7132504491541813,-0.7009092642998511,435.34,40.83864915572232,40.3352,15.4508,0.7594753525979694,429.27,20.15,430.1833333333332,1085.9799999999998,False,False,False,False,False,False,False,False,False,True
2026-03-03 04:00:00,2.87,346.5,15.7,48.2,83.28,102.06,0,0,1.84,527.17,109.08,37.82,4,3,3,1,0,0.8660254037844386,0.5000000000000001,-0.2334453638559052,0.9723699203976767,185.34,54.997032640949556,5.2808,7.5674,0.44933635480738104,647.34,78.87,511.28666666666663,1043.6699999999998,False,False,False,False,False,False,False,False,False,True
2026-03-03 09:00:00,10.37,166.3,15.1,45.1,499.44,236.95,22,1,4.86,667.7,41.0,-24.99,9,3,3,1,0,0.7071067811865476,-0.7071067811865475,0.2368381460656186,-0.9715491199976461,736.39,67.74517019319228,50.3982,6.8101,0.6782275696302231,527.17,109.08,534.5933333333332,566.2199999999999,False,False,False,False,False,False,False,False,False,True
2026-03-03 13:00:00,1.71,147.9,20.3,70.0,499.38,752.42,10,0,3.84,513.37,22.11,94.38,13,3,3,1,0,-0.2588190451025208,-0.9659258262890683,0.5313985795180828,-0.8471219213821372,1251.8,566.4253393665158,6.5664,14.21,0.3989295414602972,667.7,41.0,614.07,452.3566666666665,False,False,False,False,False,False,False,False,False,True
2026-03-03 14:00:00,9.85,226.5,10.9,60.8,333.34,697.84,-12,0,3.09,715.14,51.64,-15.3,14,3,3,1,0,-0.4999999999999997,-0.8660254037844388,-0.7253743710122876,-0.688354575693754,1031.18,99.63091787439615,30.4365,6.6272,0.3232607304253379,513.37,22.11,569.4133333333333,724.5099999999999,False,False,False,False,False,False,False,False,False,True
2026-03-04 08:00:00,3.21,84.1,10.2,74.2,123.91,202.54,-21,1,1.12,492.75,40.89,77.52,8,4,3,2,0,0.8660254037844387,-0.4999999999999998,0.9947028171171742,0.10279253678724691,326.45,87.99191374663073,3.5952,7.5684000000000005,0.3795680808699648,715.14,51.64,632.07,1006.4566666666665,False,False,False,False,False,False,False,False,False,True
