timestamp,wind_speed_ms,wind_direction_deg,temperature_c,humidity_pct,traffic_emission_rate_kg_h,industrial_emission_rate_kg_h,rl_traffic_signal_offset_s,rl_green_corridor_active,rl_ventilation_control_mw,co2_concentration_ppm,pm25_ug_m3,reward_value,hour,day,month,weekday,is_weekend,hour_sin,hour_cos,wind_dir_sin,wind_dir_cos,total_emission_kg_h,emission_per_wind,ventilation_index,heat_humidity_index,traffic_share,co2_lag1,pm25_lag1,co2_roll3,emission_roll3,zone_Zone_001,zone_Zone_002,zone_Zone_003,zone_Zone_004,zone_Zone_005,zone_Zone_006,zone_Zone_007,zone_Zone_008,zone_Zone_009,zone_Zone_010,pred_co2_concentration_ppm,residual_co2_concentration_ppm,pred_pm25_ug_m3,residual_pm25_ug_m3,pred_reward_value,residual_reward_value,scenario_pred_co2,scenario_co2_saving_ppm,co2_risk_level,zone_id
2026-01-01 21:00:00,6.0,95.6,14.6,62.8,142.33,799.64,-6,1,4.6,616.71,22.47,1.39,21,1,1,3,0,-0.7071067811865477,0.7071067811865474,0.9952273999818312,-0.0975828997591493,941.97,144.91846153846154,27.6,9.1688,0.1510982303045744,567.4666081871345,65.58672514619883,567.3965692007797,911.7393664717348,True,False,False,False,False,False,False,False,False,False,569.75445,46.95555000000002,65.2194,-42.749399999999994,25.20415,-23.814149999999998,569.75445,0.0,High,Zone_001
2026-01-02 01:00:00,1.16,326.5,29.9,77.0,333.21,758.91,3,0,3.76,411.33,38.86,77.02,1,2,1,4,0,0.2588190451025207,0.9659258262890684,-0.5519369853120584,0.833885822067168,1092.12,657.9036144578313,4.361599999999999,23.023,0.3051038347434348,616.71,22.47,616.71,941.97,True,False,False,False,False,False,False,False,False,False,569.75445,-158.42445000000004,65.2194,-26.359399999999994,25.20415,51.81585,569.75445,0.0,Low,Zone_001
2026-01-03 03:00:00,4.13,245.8,21.8,93.8,311.28,879.44,-4,0,1.45,704.59,54.21,-45.99,3,3,1,5,1,0.7071067811865475,0.7071067811865476,-0.9121201161722732,-0.4099230338415724,1190.72,257.1749460043197,5.988499999999999,20.4484,0.2614216608438591,411.33,38.86,514.02,1017.045,True,False,False,False,False,False,False,False,False,False,569.75445,134.83555,65.2194,-11.009399999999992,25.20415,-71.19415000000001,569.75445,0.0,Severe,Zone_001
2026-01-04 06:00:00,5.27,338.7,26.7,64.0,351.09,721.82,-3,1,4.72,463.42,113.23,-4.9,6,4,1,6,1,1.0,6.123233995736766e-17,-0.3632512304729785,0.9316912275855488,1072.91,185.946273830156,24.8744,17.088,0.3272315478465108,704.59,54.21,577.5433333333334,1074.9366666666667,True,False,False,False,False,False,False,False,False,False,569.75445,-106.33445,65.2194,48.01060000000001,25.20415,-30.104149999999997,569.75445,0.0,Low,Zone_001
2026-01-04 11:00:00,1.21,24.2,19.7,38.3,229.08,157.4,25,0,1.97,456.31,36.95,61.05,11,4,1,6,1,0.258819045102521,-0.9659258262890682,0.4099230338415727,0.9121201161722732,386.48,226.0116959064328,2.3837,7.545099999999999,0.5927344235148002,463.42,113.23,526.4466666666667,1118.5833333333333,True,False,False,False,False,False,False,False,False,False,569.75445,-113.44445000000002,65.2194,-28.26939999999999,25.20415,35.84585,569.75445,0.0,Low,Zone_001
2026-01-04 15:00:00,11.48,259.6,34.1,47.1,244.55,221.39,-13,0,3.87,552.14,110.25,48.55,15,4,1,6,1,-0.7071067811865471,-0.7071067811865479,-0.983571470813386,-0.1805191452505595,465.94,38.89315525876461,44.427600000000005,16.0611,0.5248529853629222,456.31,36.95,541.44,883.3700000000002,True,False,False,False,False,False,False,False,False,False,569.75445,-17.614450000000033,65.2194,45.03060000000001,25.20415,23.34585,569.75445,0.0,Moderate,Zone_001
2026-01-04 19:00:00,7.19,135.1,31.9,38.2,266.11,436.61,22,0,3.99,595.13,36.87,66.47,19,4,1,6,1,-0.9659258262890684,0.2588190451025203,0.7058715706786811,-0.7083398377245287,702.72,91.38101430429128,28.6881,12.1858,0.3786856785063752,552.14,110.25,490.6233333333333,641.7766666666668,True,False,False,False,False,False,False,False,False,False,569.75445,25.375549999999976,65.2194,-28.349399999999996,25.20415,41.26585,569.75445,0.0,High,Zone_001
2026-01-05 05:00:00,7.35,327.4,22.6,60.7,98.66,1057.89,-7,0,3.69,488.96,107.76,-33.87,5,5,1,0,0,0.9659258262890684,0.2588190451025207,-0.5387707850068634,0.8424523970071474,1156.5500000000002,147.33121019108285,27.1215,13.7182,0.085305434265704,595.13,36.87,534.5266666666666,518.38,True,False,False,False,False,False,False,False,False,False,569.75445,-80.79445000000004,65.2194,42.54060000000001,25.20415,-59.074149999999996,569.75445,0.0,Moderate,Zone_001
2026-01-05 14:00:00,5.06,181.0,14.0,58.4,267.82,617.27,-22,0,0.25,588.92,79.35,-17.2,14,5,1,0,0,-0.4999999999999997,-0.8660254037844388,-0.0174524064372836,-0.9998476951563912,885.0899999999999,159.1888489208633,1.265,8.176,0.3025906969912664,488.96,107.76,545.41,775.07,True,False,False,False,False,False,False,False,False,False,569.75445,19.16554999999994,65.2194,14.130600000000001,25.20415,-42.40415,569.75445,0.0,High,Zone_001
2026-01-05 18:00:00,5.48,347.2,19.1,38.2,70.47,245.84,15,0,1.99,730.72,42.5,94.8,18,5,1,0,0,-1.0,-1.8369701987210294e-16,-0.2215484976194678,0.9751493543055632,316.31,52.89464882943143,10.9052,7.296200000000002,0.2227877714899939,588.92,79.35,557.67,914.7866666666667,True,False,False,False,False,False,False,False,False,False,569.75445,160.96555,65.2194,-22.719399999999993,25.20415,69.59585,569.75445,0.0,Severe,Zone_001
2026-01-06 04:00:00,10.03,226.7,29.7,32.6,458.72,133.21,-15,0,1.9,548.46,42.88,92.18,4,6,1,1,0,0.8660254037844386,0.5000000000000001,-0.7277727576572103,-0.6858183529273764,591.9300000000001,56.21367521367522,19.057,9.6822,0.7749564982345886,730.72,42.5,602.8666666666667,785.9833333333335,True,False,False,False,False,False,False,False,False,False,569.75445,-21.294449999999983,65.2194,-22.33939999999999,25.20415,66.97585000000001,569.75445,0.0,Moderate,Zone_001
2026-01-07 00:00:00,1.49,130.2,14.7,55.4,271.11,281.22,19,0,3.29,572.9,83.74,-32.24,0,7,1,2,0,0.0,1.0,0.7637960286346424,-0.6454576877239504,552.33,277.5527638190955,4.9021,8.1438,0.4908478626907827,548.46,42.88,622.6999999999999,597.7766666666666,True,False,False,False,False,False,False,False,False,False,569.75445,3.1455499999999574,65.2194,18.5206,25.20415,-57.44415,569.75445,0.0,High,Zone_001
2026-01-07 01:00:00,9.87,192.5,24.3,47.0,442.61,146.37,25,0,2.85,526.23,40.45,59.72,1,7,1,2,0,0.2588190451025207,0.9659258262890684,-0.2164396139381029,-0.9762960071199334,588.98,56.79652844744456,28.1295,11.421,0.7514856192060851,572.9,83.74,617.36,486.85666666666674,True,False,False,False,False,False,False,False,False,False,569.75445,-43.52445,65.2194,-24.76939999999999,25.20415,34.51585,569.75445,0.0,Moderate,Zone_001
2026-01-07 12:00:00,5.59,150.3,33.6,67.3,106.95,113.52,-27,0,4.21,458.74,63.46,83.74,12,7,1,2,0,1.2246467991473532e-16,-1.0,0.4954586684324074,-0.8686315144381913,220.47,36.20197044334975,23.5339,22.612800000000004,0.4851000136072935,526.23,40.45,549.1966666666667,577.7466666666668,True,False,False,False,False,False,False,False,False,False,569.75445,-111.01445000000001,65.2194,-1.7593999999999923,25.20415,58.535849999999996,569.75445,0.0,Low,Zone_001
2026-01-07 20:00:00,10.0,115.2,27.7,58.5,284.45,445.67,-21,0,0.56,421.41,45.57,-21.27,20,7,1,2,0,-0.8660254037844386,0.5000000000000001,0.9048270524660196,-0.4257792915650727,730.12,69.5352380952381,5.6000000000000005,16.2045,0.3895934914808524,458.74,63.46,519.29,453.9266666666667,True,False,False,False,False,False,False,False,False,False,569.75445,-148.34445,65.2194,-19.649399999999993,25.20415,-46.474149999999995,569.75445,0.0,Low,Zone_001
2026-01-07 21:00:00,7.76,182.2,33.5,32.9,269.42,1170.88,-19,0,2.43,531.05,58.32,0.03,21,7,1,2,0,-0.7071067811865477,0.7071067811865474,-0.0383878090875196,-0.9992629164106211,1440.3000000000002,174.37046004842617,18.8568,11.021499999999998,0.1870582517531069,421.41,45.57,468.79333333333335,513.19,True,False,False,False,False,False,False,False,False,False,569.75445,-38.704450000000065,65.2194,-6.899399999999993,25.20415,-25.174149999999997,569.75445,0.0,Moderate,Zone_001
2026-01-08 03:00:00,7.46,274.5,29.0,38.1,82.56,232.0,-7,0,2.02,417.58,82.34,39.79,3,8,1,3,0,0.7071067811865475,0.7071067811865476,-0.996917333733128,0.0784590957278452,314.56,39.517587939698494,15.0692,11.049,0.2624618514750763,531.05,58.32,470.4,796.9633333333335,True,False,False,False,False,False,False,False,False,False,569.75445,-152.17445000000004,65.2194,17.12060000000001,25.20415,14.58585,569.75445,0.0,Low,Zone_001
2026-01-08 05:00:00,7.69,3.1,33.6,34.2,219.63,492.48,-22,1,0.83,717.2,13.14,99.88,5,8,1,3,0,0.9659258262890684,0.2588190451025207,0.0540788129847752,0.9985366703262116,712.11,86.94871794871794,6.3827,11.4912,0.3084214517420061,417.58,82.34,456.68,828.3266666666668,True,False,False,False,False,False,False,False,False,False,569.75445,147.44555000000003,65.2194,-52.07939999999999,25.20415,74.67585,569.75445,0.0,Severe,Zone_001
2026-01-08 07:00:00,2.63,211.2,31.9,70.4,335.2,933.94,-7,0,1.02,554.1,52.21,48.54,7,8,1,3,0,0.9659258262890684,-0.2588190451025206,-0.51802700937313,-0.8553642601605068,1269.14,405.4760383386582,2.6826,22.457600000000003,0.2641158579825708,717.2,13.14,555.2766666666666,822.3233333333334,True,False,False,False,False,False,False,False,False,False,569.75445,-15.654449999999997,65.2194,-13.009399999999992,25.20415,23.33585,569.75445,0.0,Moderate,Zone_001
2026-01-08 08:00:00,1.19,163.9,27.6,62.9,446.06,1101.67,-5,0,2.08,726.16,92.47,76.77,8,8,1,3,0,0.8660254037844387,-0.4999999999999998,0.2773146533023777,-0.9607791541575942,1547.73,915.8165680473372,2.4752,17.3604,0.2882027226971112,554.1,52.21,562.96,765.2700000000001,True,False,False,False,False,False,False,False,False,False,569.75445,156.40554999999995,65.2194,27.250600000000006,25.20415,51.56585,569.75445,0.0,Severe,Zone_001
2026-01-08 14:00:00,1.42,263.6,22.3,57.2,418.34,189.41,5,1,2.01,733.48,103.06,45.95,14,8,1,3,0,-0.4999999999999997,-0.8660254037844388,-0.9937679191605964,-0.1114689322063249,607.75,316.53645833333337,2.8542,12.7556,0.6883422459893048,726.16,92.47,665.82,1176.3266666666668,True,False,False,False,False,False,False,False,False,False,569.75445,163.72555,65.2194,37.84060000000001,25.20415,20.745850000000004,569.75445,0.0,Severe,Zone_001
2026-01-08 15:00:00,5.58,83.9,24.5,66.8,214.81,122.93,29,0,0.19,599.88,32.7,-13.47,15,8,1,3,0,-0.7071067811865471,-0.7071067811865479,0.9943379441332046,0.106264071336233,337.74,55.54934210526316,1.0602,16.366,0.6360217919109374,733.48,103.06,671.2466666666667,1141.54,True,False,False,False,False,False,False,False,False,False,569.75445,30.125549999999976,65.2194,-32.51939999999999,25.20415,-38.67415,569.75445,0.0,High,Zone_001
2026-01-09 01:00:00,10.15,240.9,20.1,51.6,280.88,569.34,-26,1,1.46,549.43,102.72,82.76,1,9,1,4,0,0.2588190451025207,0.9659258262890684,-0.8737722230354654,-0.4863353804234901,850.22,79.83286384976526,14.819,10.3716,0.3303615534802757,599.88,32.7,686.5066666666667,831.0733333333333,True,False,False,False,False,False,False,False,False,False,569.75445,-20.32445000000007,65.2194,37.500600000000006,25.20415,57.55585000000001,569.75445,0.0,Moderate,Zone_001
2026-01-09 09:00:00,6.92,174.9,18.1,74.8,137.37,222.21,-7,0,2.31,670.99,95.45,-18.75,9,9,1,4,0,0.7071067811865476,-0.7071067811865475,0.0888942968664414,-0.9960410654107696,359.58000000000004,48.46091644204852,15.9852,13.538800000000002,0.3820290338728516,549.43,102.72,627.5966666666667,598.57,True,False,False,False,False,False,False,False,False,False,569.75445,101.23554999999999,65.2194,30.23060000000001,25.20415,-43.95415,569.75445,0.0,Severe,Zone_001
2026-01-09 23:00:00,1.96,191.9,16.2,91.3,271.32,233.78,10,0,0.81,477.51,41.17,83.22,23,9,1,4,0,-0.2588190451025215,0.965925826289068,-0.2062041853966294,-0.9785089851017784,505.1,205.3252032520325,1.5876,14.7906,0.5371609582260938,670.99,95.45,606.7666666666667,515.8466666666667,True,False,False,False,False,False,False,False,False,False,569.75445,-92.24445000000003,65.2194,-24.04939999999999,25.20415,58.01585,569.75445,0.0,Moderate,Zone_001
2026-01-10 04:00:00,11.88,35.7,19.1,69.4,487.84,871.9,24,1,1.45,493.85,40.14,-28.43,4,10,1,5,1,0.8660254037844386,0.5000000000000001,0.5835412113561176,0.8120835268918062,1359.74,109.83360258481422,17.226,13.255400000000002,0.3587744715901569,477.51,41.17,565.9766666666667,571.6333333333333,True,False,False,False,False,False,False,False,False,False,569.75445,-75.90445,65.2194,-25.079399999999993,25.20415,-53.63415,569.75445,0.0,Moderate,Zone_001
2026-01-10 15:00:00,6.13,30.3,23.6,61.4,421.55,1188.1,18,0,0.06,710.0,36.18,97.74,15,10,1,5,1,-0.7071067811865471,-0.7071067811865479,0.5045276238150193,0.8633955506067716,1609.65,242.78280542986425,0.3677999999999999,14.4904,0.261889230578076,493.85,40.14,547.4499999999999,741.4733333333334,True,False,False,False,False,False,False,False,False,False,569.75445,140.24554999999998,65.2194,-29.039399999999993,25.20415,72.53585,569.75445,0.0,Severe,Zone_001
2026-01-10 17:00:00,0.78,239.9,14.5,83.9,87.0,1197.56,17,0,3.49,473.21,59.1,29.3,17,10,1,5,1,-0.9659258262890684,-0.2588190451025206,-0.8651514205697043,-0.5015107371594577,1284.56,1003.5625,2.7222000000000004,12.165500000000002,0.0677274708849722,710.0,36.18,560.4533333333334,1158.1633333333332,True,False,False,False,False,False,False,False,False,False,569.75445,-96.54445000000004,65.2194,-6.119399999999992,25.20415,4.095850000000002,569.75445,0.0,Low,Zone_001
2026-01-11 06:00:00,8.29,28.3,17.2,55.6,118.74,858.83,29,1,2.98,663.04,115.22,12.09,6,11,1,6,1,1.0,6.123233995736766e-17,0.4740882090471163,0.880477353509162,977.57,111.21387940841868,24.7042,9.5632,0.1214644475587425,473.21,59.1,559.02,1417.9833333333331,True,False,False,False,False,False,False,False,False,False,569.75445,93.28554999999994,65.2194,50.000600000000006,25.20415,-13.114149999999999,569.75445,0.0,Severe,Zone_001
2026-01-11 09:00:00,11.11,355.7,15.3,73.4,262.37,278.89,-10,0,3.27,705.35,26.35,-22.68,9,11,1,6,1,0.7071067811865476,-0.7071067811865475,-0.0749787268263277,0.9971851335251156,541.26,46.62015503875969,36.3297,11.230200000000002,0.4847393119757602,663.04,115.22,615.4166666666666,1290.5933333333332,True,False,False,False,False,False,False,False,False,False,569.75445,135.59555,65.2194,-38.86939999999999,25.20415,-47.88415,569.75445,0.0,Severe,Zone_001
2026-01-12 02:00:00,5.33,52.8,23.4,47.8,378.01,1192.71,-20,0,2.37,432.53,89.83,5.8,2,12,1,0,0,0.4999999999999999,0.8660254037844387,0.7965299180241963,0.6045991148623749,1570.72,269.4202401372213,12.6321,11.185199999999998,0.2406603341142915,705.35,26.35,613.8666666666667,934.4633333333336,True,False,False,False,False,False,False,False,False,False,569.75445,-137.22445000000005,65.2194,24.610600000000005,25.20415,-19.404149999999998,569.75445,0.0,Low,Zone_001
2026-01-12 04:00:00,10.08,284.4,16.7,30.3,425.74,154.22,-5,0,2.85,459.0,114.9,66.03,4,12,1,0,0,0.8660254037844386,0.5000000000000001,-0.9685831611286312,0.248689887164854,579.96,54.81663516068053,28.728,5.0601,0.734085109317884,432.53,89.83,600.3066666666667,1029.85,True,False,False,False,False,False,False,False,False,False,569.75445,-110.75445000000002,65.2194,49.68060000000001,25.20415,40.82585,569.75445,0.0,Low,Zone_001
2026-01-12 11:00:00,6.81,291.9,16.4,85.5,285.8,1105.2,-28,1,3.52,472.29,91.84,50.47,11,12,1,0,0,0.258819045102521,-0.9659258262890682,-0.9278362538989204,0.3729877825758081,1391.0,190.2872777017784,23.9712,14.021999999999998,0.2054636951833213,459.0,114.9,532.2933333333334,897.3133333333332,True,False,False,False,False,False,False,False,False,False,569.75445,-97.46445,65.2194,26.62060000000001,25.20415,25.26585,569.75445,0.0,Low,Zone_001
2026-01-12 12:00:00,5.13,144.1,22.0,47.2,277.28,1164.59,28,0,3.39,540.1,44.03,11.13,12,12,1,0,0,1.2246467991473532e-16,-1.0,0.5863723567357895,-0.8100416404457959,1441.87,256.1047957371225,17.3907,10.384,0.1923058250743825,472.29,91.84,454.6066666666666,1180.5600000000002,True,False,False,False,False,False,False,False,False,False,569.75445,-29.654449999999997,65.2194,-21.189399999999992,25.20415,-14.074149999999998,569.75445,0.0,Moderate,Zone_001
2026-01-13 00:00:00,2.9,289.8,31.8,47.9,412.67,525.87,11,0,4.93,469.33,67.5,-11.83,0,13,1,1,0,0.0,1.0,-0.9408807689542252,0.3387379202452918,938.54,276.04117647058825,14.297,15.2322,0.4396935666034479,540.1,44.03,490.46333333333337,1137.61,True,False,False,False,False,False,False,False,False,False,569.75445,-100.42445000000004,65.2194,2.280600000000007,25.20415,-37.03415,569.75445,0.0,Low,Zone_001
2026-01-13 01:00:00,4.59,306.0,22.8,35.2,109.5,784.85,-14,1,3.27,476.33,94.91,79.25,1,13,1,1,0,0.2588190451025207,0.9659258262890684,-0.8090169943749476,0.5877852522924729,894.35,175.7072691552063,15.0093,8.0256,0.1224352881981327,469.33,67.5,493.9066666666667,1257.1366666666663,True,False,False,False,False,False,False,False,False,False,569.75445,-93.42445000000004,65.2194,29.690600000000003,25.20415,54.04585,569.75445,0.0,Low,Zone_001
2026-01-13 06:00:00,7.33,193.5,31.8,71.8,269.26,614.66,-18,1,4.42,574.68,13.45,39.07,6,13,1,1,0,1.0,6.123233995736766e-17,-0.2334453638559052,-0.9723699203976768,883.92,112.88888888888889,32.3986,22.8324,0.3046203276314598,476.33,94.91,495.2533333333334,1091.5866666666666,True,False,False,False,False,False,False,False,False,False,569.75445,4.92554999999993,65.2194,-51.76939999999999,25.20415,13.865850000000002,569.75445,0.0,High,Zone_001
2026-01-13 07:00:00,7.12,207.3,21.2,51.6,209.95,402.54,25,0,3.33,628.37,44.68,88.04,7,13,1,1,0,0.9659258262890684,-0.2588190451025206,-0.4586495544843149,-0.8886172326549489,612.49,80.37926509186352,23.7096,10.9392,0.3427811066303123,574.68,13.45,506.78,905.6033333333332,True,False,False,False,False,False,False,False,False,False,569.75445,58.615549999999985,65.2194,-20.539399999999993,25.20415,62.83585000000001,569.75445,0.0,High,Zone_001
2026-01-13 14:00:00,0.79,204.1,20.5,54.4,54.48,403.25,3,0,0.42,468.78,47.25,-15.47,14,13,1,1,0,-0.4999999999999997,-0.8660254037844388,-0.4083304603813848,-0.9128341772330428,457.73,354.82945736434107,0.3318,11.152,0.1190221309505603,628.37,44.68,559.7933333333334,796.92,True,False,False,False,False,False,False,False,False,False,569.75445,-100.97445000000005,65.2194,-17.969399999999993,25.20415,-40.67415,569.75445,0.0,Low,Zone_001
2026-01-13 17:00:00,6.98,296.2,30.2,68.2,194.83,1141.47,7,1,3.59,605.3,114.79,-25.02,17,13,1,1,0,-0.9659258262890684,-0.2588190451025206,-0.8972583696743285,0.441505852791745,1336.3,178.64973262032083,25.0582,20.5964,0.145798099229215,468.78,47.25,557.2766666666666,651.38,True,False,False,False,False,False,False,False,False,False,569.75445,35.545549999999935,65.2194,49.57060000000001,25.20415,-50.224149999999995,569.75445,0.0,High,Zone_001
2026-01-13 21:00:00,9.66,179.6,24.2,61.0,111.98,141.56,-23,0,1.16,463.72,59.63,-33.62,21,13,1,1,0,-0.7071067811865477,0.7071067811865474,0.0069812602979616,-0.9999756307053947,253.54,24.954724409448826,11.2056,14.762,0.4416660093081959,605.3,114.79,567.4833333333332,802.1733333333332,True,False,False,False,False,False,False,False,False,False,569.75445,-106.03444999999999,65.2194,-5.589399999999991,25.20415,-58.824149999999996,569.75445,0.0,Low,Zone_001
2026-01-14 14:00:00,2.51,289.3,30.9,48.6,104.71,1155.82,-4,0,3.45,470.02,19.77,-16.39,14,14,1,2,0,-0.4999999999999997,-0.8660254037844388,-0.9438009515832294,0.3305143927132232,1260.53,418.78073089701,8.6595,15.0174,0.0830682332034937,463.72,59.63,512.6,682.5233333333332,True,False,False,False,False,False,False,False,False,False,569.75445,-99.73445000000004,65.2194,-45.4494,25.20415,-41.59415,569.75445,0.0,Low,Zone_001
2026-01-14 16:00:00,1.55,352.4,10.6,35.5,197.14,1074.52,22,0,3.07,492.75,23.95,86.96,16,14,1,2,0,-0.8660254037844384,-0.5000000000000004,-0.1322563902571233,0.9912155402515416,1271.66,620.3219512195121,4.7585,3.763,0.1550257144205212,470.02,19.77,513.0133333333333,950.1233333333332,True,False,False,False,False,False,False,False,False,False,569.75445,-77.00445000000002,65.2194,-41.26939999999999,25.20415,61.755849999999995,569.75445,0.0,Moderate,Zone_001
2026-01-15 08:00:00,7.08,259.2,26.0,94.8,451.45,592.68,6,0,1.72,728.85,73.17,25.46,8,15,1,3,0,0.8660254037844387,-0.4999999999999998,-0.9822872507286888,-0.1873813145857246,1044.13,137.74802110817942,12.1776,24.648,0.4323695325294743,492.75,23.95,475.4966666666666,928.5766666666664,True,False,False,False,False,False,False,False,False,False,569.75445,159.09555,65.2194,7.9506000000000085,25.20415,0.25585000000000235,569.75445,0.0,Severe,Zone_001
2026-01-15 23:00:00,3.76,57.9,34.7,46.7,395.28,598.63,14,1,2.93,632.57,50.77,3.42,23,15,1,3,0,-0.2588190451025215,0.965925826289068,0.8471219213821372,0.5313985795180829,993.91,233.31220657276995,11.0168,16.204900000000002,0.3977020052117395,728.85,73.17,563.8733333333333,1192.1066666666666,True,False,False,False,False,False,False,False,False,False,569.75445,62.81555000000003,65.2194,-14.44939999999999,25.20415,-21.784149999999997,569.75445,0.0,High,Zone_001
2026-01-16 05:00:00,9.68,337.0,27.6,63.6,121.68,275.93,10,0,1.23,651.28,89.59,50.18,5,16,1,4,0,0.9659258262890684,0.2588190451025207,-0.3907311284892739,0.9205048534524404,397.61,39.05795677799608,11.9064,17.553600000000003,0.3060285204094464,632.57,50.77,618.0566666666667,1103.2333333333331,True,False,False,False,False,False,False,False,False,False,569.75445,81.52554999999995,65.2194,24.37060000000001,25.20415,24.97585,569.75445,0.0,High,Zone_001
2026-01-16 20:00:00,3.16,85.8,22.5,62.8,70.96,1123.62,3,0,1.39,598.77,109.07,-28.14,20,16,1,4,0,-0.8660254037844386,0.5000000000000001,0.997314477224458,0.0732381971276318,1194.58,326.38797814207646,4.3924,14.13,0.0594016306986555,651.28,89.59,670.9,811.8833333333332,True,False,False,False,False,False,False,False,False,False,569.75445,29.015549999999962,65.2194,43.8506,25.20415,-53.34415,569.75445,0.0,High,Zone_001
2026-01-17 08:00:00,5.22,116.3,24.5,81.0,489.42,308.29,17,0,4.68,414.98,69.2,-21.38,8,17,1,5,1,0.8660254037844387,-0.4999999999999998,0.8964864303834406,-0.4430711908241795,797.71,139.4597902097902,24.4296,19.845,0.6135312331549059,598.77,109.07,627.54,862.0333333333332,True,False,False,False,False,False,False,False,False,False,569.75445,-154.77445,65.2194,3.9806000000000097,25.20415,-46.584149999999994,569.75445,0.0,Low,Zone_001
2026-01-17 11:00:00,7.92,128.4,27.6,43.3,420.68,940.64,22,0,3.99,511.21,116.29,67.24,11,17,1,5,1,0.258819045102521,-0.9659258262890682,0.7836934573258398,-0.6211477802783103,1361.32,161.6769596199525,31.600800000000003,11.9508,0.3090235947462757,414.98,69.2,555.01,796.6333333333332,True,False,False,False,False,False,False,False,False,False,569.75445,-58.54445000000004,65.2194,51.07060000000001,25.20415,42.035849999999996,569.75445,0.0,Moderate,Zone_001
2026-01-17 17:00:00,11.6,164.8,26.9,39.0,194.78,417.81,7,0,0.24,656.42,29.67,-31.05,17,17,1,5,1,-0.9659258262890684,-0.2588190451025206,0.2621891786408648,-0.9650164944723114,612.59,50.62727272727273,2.784,10.491,0.3179614424003003,511.21,116.29,508.32,1117.87,True,False,False,False,False,False,False,False,False,False,569.75445,86.66554999999994,65.2194,-35.54939999999999,25.20415,-56.254149999999996,569.75445,0.0,Severe,Zone_001
2026-01-18 05:00:00,3.17,306.9,10.3,35.6,324.31,1060.34,10,1,3.99,493.7,75.49,92.2,5,18,1,6,1,0.9659258262890684,0.2588190451025207,-0.7996846584870907,0.6004202253258838,1384.65,377.2888283378746,12.6483,3.6668000000000007,0.2342180334380529,656.42,29.67,527.5366666666666,923.8733333333332,True,False,False,False,False,False,False,False,False,False,569.75445,-76.05445000000003,65.2194,10.270600000000002,25.20415,66.99585,569.75445,0.0,Moderate,Zone_001
2026-01-18 13:00:00,10.82,64.3,26.8,48.9,143.49,1032.32,5,1,0.82,652.48,39.47,-3.12,13,18,1,6,1,-0.2588190451025208,-0.9659258262890684,0.9010770213220916,0.4336590845875444,1175.81,103.87014134275616,8.872399999999999,13.1052,0.1220350226652265,493.7,75.49,553.7766666666666,1119.5199999999998,True,False,False,False,False,False,False,False,False,False,569.75445,82.72555,65.2194,-25.749399999999994,25.20415,-28.32415,569.75445,0.0,High,Zone_001
2026-01-19 03:00:00,10.38,241.9,21.0,86.0,127.76,936.0,29,0,3.13,640.51,64.37,92.9,3,19,1,0,0,0.7071067811865475,0.7071067811865476,-0.8821268660176679,-0.4710118812194099,1063.76,97.7720588235294,32.4894,18.06,0.1201022787094833,652.48,39.47,600.8666666666667,1057.6833333333332,True,False,False,False,False,False,False,False,False,False,569.75445,70.75554999999997,65.2194,-0.8493999999999886,25.20415,67.69585000000001,569.75445,0.0,High,Zone_001
2026-01-19 10:00:00,4.31,183.5,32.2,57.0,427.17,396.29,-30,0,4.78,615.02,57.39,-0.48,10,19,1,0,0,0.4999999999999999,-0.8660254037844387,-0.0610485395348569,-0.9981347984218668,823.46,171.19750519750522,20.6018,18.354,0.5187501517985087,640.51,64.37,595.5633333333334,1208.073333333333,True,False,False,False,False,False,False,False,False,False,569.75445,45.26554999999996,65.2194,-7.829399999999993,25.20415,-25.68415,569.75445,0.0,High,Zone_001
2026-01-19 15:00:00,4.09,272.3,25.1,78.5,384.11,399.78,26,0,1.64,449.4,69.74,68.57,15,19,1,0,0,-0.7071067811865471,-0.7071067811865479,-0.999194395114446,0.0401317925325597,783.89,170.78213507625273,6.707599999999999,19.7035,0.4900049751878452,615.02,57.39,636.0033333333333,1021.01,True,False,False,False,False,False,False,False,False,False,569.75445,-120.35445000000004,65.2194,4.520600000000002,25.20415,43.365849999999995,569.75445,0.0,Low,Zone_001
2026-01-19 16:00:00,9.73,194.3,18.1,63.9,148.95,401.59,22,0,0.13,535.54,72.25,-29.5,16,19,1,0,0,-0.8660254037844384,-0.5000000000000004,-0.2469990127227432,-0.9690157314068696,550.54,53.81622678396872,1.2649,11.5659,0.2705525484070185,449.4,69.74,568.31,890.3699999999999,True,False,False,False,False,False,False,False,False,False,569.75445,-34.214450000000056,65.2194,7.030600000000007,25.20415,-54.70415,569.75445,0.0,Moderate,Zone_001
2026-01-19 20:00:00,4.28,147.8,18.2,73.0,249.78,939.14,-5,0,3.1,625.6,43.86,14.96,20,19,1,0,0,-0.8660254037844386,0.5000000000000001,0.5328762760707298,-0.8461931661275641,1188.92,248.72803347280336,13.268,13.286,0.2100898294250243,535.54,72.25,533.32,719.2966666666666,True,False,False,False,False,False,False,False,False,False,569.75445,55.84555,65.2194,-21.359399999999994,25.20415,-10.244149999999998,569.75445,0.0,High,Zone_001
2026-01-19 21:00:00,8.12,335.9,25.6,51.0,389.79,768.77,10,0,0.19,448.1,109.03,16.72,21,19,1,0,0,-0.7071067811865477,0.7071067811865474,-0.4083304603813855,0.9128341772330424,1158.56,134.40371229698377,1.5428,13.056,0.336443516088938,625.6,43.86,536.8466666666667,841.1166666666667,True,False,False,False,False,False,False,False,False,False,569.75445,-121.65445,65.2194,43.81060000000001,25.20415,-8.48415,569.75445,0.0,Low,Zone_001
2026-01-20 05:00:00,9.03,60.5,27.2,56.7,83.37,813.35,28,0,4.95,424.62,99.86,20.0,5,20,1,1,0,0.9659258262890684,0.2588190451025207,0.8703556959398997,0.4924235601034671,896.72,94.09443861490033,44.6985,15.4224,0.0929721652243732,448.1,109.03,536.4133333333333,966.0066666666668,True,False,False,False,False,False,False,False,False,False,569.75445,-145.13445000000002,65.2194,34.640600000000006,25.20415,-5.2041499999999985,569.75445,0.0,Low,Zone_001
2026-01-21 06:00:00,4.67,19.0,29.2,47.6,459.0,501.56,2,1,1.02,678.61,63.3,87.85,6,21,1,2,0,1.0,6.123233995736766e-17,0.3255681544571567,0.9455185755993168,960.56,185.79497098646036,4.7634,13.8992,0.4778462563504622,424.62,99.86,499.44,1081.4,True,False,False,False,False,False,False,False,False,False,569.75445,108.85555,65.2194,-1.919399999999996,25.20415,62.645849999999996,569.75445,0.0,Severe,Zone_001
2026-01-21 10:00:00,5.19,184.3,22.9,47.8,56.29,830.81,19,1,0.4,746.55,15.44,-1.79,10,21,1,2,0,0.4999999999999999,-0.8660254037844387,-0.0749787268263278,-0.9971851335251156,887.0999999999999,155.9050966608084,2.076,10.9462,0.0634539510765415,678.61,63.3,517.11,1005.28,True,False,False,False,False,False,False,False,False,False,569.75445,176.79554999999993,65.2194,-49.779399999999995,25.20415,-26.994149999999998,569.75445,0.0,Severe,Zone_001
2026-01-21 15:00:00,7.76,114.8,11.3,30.4,178.38,216.36,4,1,0.95,448.76,94.28,82.23,15,21,1,2,0,-0.7071067811865471,-0.7071067811865479,0.9077774785329086,-0.4194520824461772,394.74,47.789346246973366,7.372,3.4352,0.4518923848609211,746.55,15.44,616.5933333333334,914.7933333333334,True,False,False,False,False,False,False,False,False,False,569.75445,-120.99445000000003,65.2194,29.060600000000008,25.20415,57.025850000000005,569.75445,0.0,Low,Zone_001
2026-01-21 21:00:00,5.02,289.0,29.2,76.9,184.03,885.53,-25,0,3.0,744.23,52.57,53.35,21,21,1,2,0,-0.7071067811865477,0.7071067811865474,-0.945518575599317,0.3255681544571563,1069.56,193.7608695652174,15.06,22.4548,0.1720614084296346,448.76,94.28,624.64,747.4666666666666,True,False,False,False,False,False,False,False,False,False,569.75445,174.47555,65.2194,-12.649399999999993,25.20415,28.145850000000003,569.75445,0.0,Severe,Zone_001
2026-01-21 22:00:00,2.1,283.7,28.7,77.4,255.16,873.14,1,1,1.19,471.9,118.74,-46.94,22,21,1,2,0,-0.5000000000000004,0.8660254037844384,-0.971549119997646,0.2368381460656187,1128.3,433.96153846153845,2.499,22.213800000000003,0.2261455286714526,744.23,52.57,646.5133333333333,783.7999999999998,True,False,False,False,False,False,False,False,False,False,569.75445,-97.85445000000004,65.2194,53.5206,25.20415,-72.14415,569.75445,0.0,Low,Zone_001
2026-01-22 03:00:00,4.61,231.4,32.0,31.0,80.76,356.73,-13,1,4.6,447.48,36.81,49.83,3,22,1,3,0,0.7071067811865475,0.7071067811865476,-0.7815204724188187,-0.6238795967093862,437.49,85.61448140900195,21.206,9.92,0.1845985051086882,471.9,118.74,554.9633333333334,864.1999999999999,True,False,False,False,False,False,False,False,False,False,569.75445,-122.27445,65.2194,-28.40939999999999,25.20415,24.62585,569.75445,0.0,Low,Zone_001
2026-01-23 11:00:00,5.31,132.0,28.7,47.3,449.52,633.78,-17,1,0.41,584.78,44.25,47.5,11,23,1,4,0,0.258819045102521,-0.9659258262890682,0.7431448254773942,-0.6691306063588582,1083.3,186.45438898450948,2.1771,13.5751,0.4149543062863473,447.48,36.81,554.5366666666667,878.4499999999998,True,False,False,False,False,False,False,False,False,False,569.75445,15.025549999999953,65.2194,-20.969399999999993,25.20415,22.29585,569.75445,0.0,High,Zone_001
2026-01-24 01:00:00,4.51,234.3,15.2,36.5,268.88,1088.05,-20,1,0.53,644.89,91.08,-24.3,1,24,1,5,1,0.2588190451025207,0.9659258262890684,-0.8120835268918065,-0.5835412113561171,1356.9299999999998,270.8443113772455,2.3903,5.547999999999999,0.1981531840257051,584.78,44.25,501.3866666666666,883.0300000000001,True,False,False,False,False,False,False,False,False,False,569.75445,75.13554999999997,65.2194,25.860600000000005,25.20415,-49.504149999999996,569.75445,0.0,High,Zone_001
2026-01-24 04:00:00,8.77,331.1,25.1,51.8,124.43,213.12,29,0,0.04,643.28,31.34,76.01,4,24,1,5,1,0.8660254037844386,0.5000000000000001,-0.4832823832550023,0.8754645270000179,337.55,36.41316073354909,0.3508,13.0018,0.3686268700933195,644.89,91.08,559.05,959.24,True,False,False,False,False,False,False,False,False,False,569.75445,73.52554999999995,65.2194,-33.87939999999999,25.20415,50.80585000000001,569.75445,0.0,High,Zone_001
2026-01-25 00:00:00,6.06,43.4,25.3,59.5,71.54,1179.9,19,1,3.68,431.1,101.94,-49.79,0,25,1,6,1,0.0,1.0,0.687087510804423,0.7265746709709759,1251.44,190.76829268292684,22.3008,15.0535,0.0571661446014191,643.28,31.34,624.3166666666667,925.9266666666666,True,False,False,False,False,False,False,False,False,False,569.75445,-138.65445,65.2194,36.720600000000005,25.20415,-74.99414999999999,569.75445,0.0,Low,Zone_001
2026-01-25 03:00:00,3.36,350.9,27.8,71.2,152.09,209.74,-28,1,3.48,424.54,114.09,-44.53,3,25,1,6,1,0.7071067811865475,0.7071067811865476,-0.1581580672544836,0.9874138067509114,361.83,93.73834196891193,11.6928,19.7936,0.4203355166791034,431.1,101.94,573.09,981.9733333333334,True,False,False,False,False,False,False,False,False,False,569.75445,-145.21445,65.2194,48.87060000000001,25.20415,-69.73415,569.75445,0.0,Low,Zone_001
2026-01-25 06:00:00,10.36,353.3,17.1,49.3,314.4,143.33,13,0,4.98,529.01,10.84,52.58,6,25,1,6,1,1.0,6.123233995736766e-17,-0.1166707370993332,0.993170649538486,457.73,42.14825046040516,51.5928,8.430299999999999,0.6868678041640267,424.54,114.09,499.64,650.2733333333334,True,False,False,False,False,False,False,False,False,False,569.75445,-40.74445000000003,65.2194,-54.37939999999999,25.20415,27.37585,569.75445,0.0,Moderate,Zone_001
2026-01-25 22:00:00,6.89,274.4,32.0,76.9,462.64,335.32,-6,0,3.14,707.52,82.17,16.21,22,25,1,6,1,-0.5000000000000004,0.8660254037844384,-0.9970527522269202,0.0767190281268181,797.96,107.97834912043302,21.6346,24.608,0.5797784350092736,529.01,10.84,461.55,690.3333333333334,True,False,False,False,False,False,False,False,False,False,569.75445,137.76554999999996,65.2194,16.95060000000001,25.20415,-8.994149999999998,569.75445,0.0,Severe,Zone_001
2026-01-25 23:00:00,3.85,256.9,10.3,35.7,368.04,559.64,18,1,4.67,414.24,66.7,-6.1,23,25,1,6,1,-0.2588190451025215,0.965925826289068,-0.9739759672790516,-0.2266513074368552,927.68,213.25977011494257,17.9795,3.6771,0.3967316315971024,707.52,82.17,553.69,539.1733333333333,True,False,False,False,False,False,False,False,False,False,569.75445,-155.51445,65.2194,1.4806000000000097,25.20415,-31.30415,569.75445,0.0,Low,Zone_001
2026-01-26 22:00:00,1.4,135.4,28.0,46.4,181.07,655.63,23,1,4.76,705.2,28.64,61.31,22,26,1,0,0,-0.5000000000000004,0.8660254037844384,0.7021530529951625,-0.7120260459909964,836.7,440.3684210526316,6.664,12.992,0.2164097047926377,414.24,66.7,550.2566666666667,727.7900000000001,True,False,False,False,False,False,False,False,False,False,569.75445,135.44555000000003,65.2194,-36.57939999999999,25.20415,36.105850000000004,569.75445,0.0,Severe,Zone_001
2026-01-27 00:00:00,3.34,189.3,16.4,40.7,399.38,289.64,13,1,4.34,700.36,108.68,65.64,0,27,1,1,0,0.0,1.0,-0.1616038211033611,-0.9868557164068072,689.02,179.43229166666666,14.4956,6.6748,0.5796348436910395,705.2,28.64,608.9866666666667,854.1133333333333,True,False,False,False,False,False,False,False,False,False,569.75445,130.60555,65.2194,43.460600000000014,25.20415,40.43585,569.75445,0.0,Severe,Zone_001
2026-01-27 16:00:00,6.76,29.3,21.3,41.9,363.86,321.07,-12,1,3.89,745.19,35.43,8.71,16,27,1,1,0,-0.8660254037844384,-0.5000000000000004,0.4893824517488462,0.8720692724321206,684.9300000000001,94.34297520661158,26.2964,8.9247,0.5312367687208912,700.36,108.68,606.6,817.8000000000001,True,False,False,False,False,False,False,False,False,False,569.75445,175.43555000000003,65.2194,-29.789399999999993,25.20415,-16.494149999999998,569.75445,0.0,Severe,Zone_001
2026-01-27 18:00:00,8.45,342.3,33.6,79.1,61.53,962.07,-5,0,3.5,621.4,119.47,69.67,18,27,1,1,0,-1.0,-1.8369701987210294e-16,-0.30403306092549,0.9526614812535864,1023.6,114.36871508379888,29.575,26.5776,0.0601113716295427,745.19,35.43,716.9166666666666,736.8833333333333,True,False,False,False,False,False,False,False,False,False,569.75445,51.64554999999996,65.2194,54.250600000000006,25.20415,44.46585,569.75445,0.0,High,Zone_001
2026-01-27 20:00:00,4.07,168.0,24.0,52.0,433.33,1103.27,-27,0,0.31,657.08,54.95,90.41,20,27,1,1,0,-0.8660254037844386,0.5000000000000001,0.2079116908177593,-0.9781476007338056,1536.6,336.23632385120345,1.2617,12.48,0.2820057269295848,621.4,119.47,688.9833333333335,799.1833333333334,True,False,False,False,False,False,False,False,False,False,569.75445,87.32555000000002,65.2194,-10.26939999999999,25.20415,65.20585,569.75445,0.0,Severe,Zone_001
2026-01-28 01:00:00,2.29,183.1,31.9,76.6,164.94,1152.22,7,1,4.65,482.88,92.05,-1.78,1,28,1,2,0,0.2588190451025207,0.9659258262890684,-0.0540788129847753,-0.9985366703262116,1317.16,472.1003584229391,10.6485,24.435399999999994,0.1252239667162683,657.08,54.95,674.5566666666667,1081.71,True,False,False,False,False,False,False,False,False,False,569.75445,-86.87445000000002,65.2194,26.830600000000004,25.20415,-26.98415,569.75445,0.0,Moderate,Zone_001
2026-01-28 02:00:00,6.79,87.5,14.0,55.1,278.01,476.86,17,0,1.25,477.37,65.02,-11.46,2,28,1,2,0,0.4999999999999999,0.8660254037844387,0.9990482215818578,0.043619387365336,754.87,103.54869684499316,8.4875,7.713999999999999,0.3682885794905083,482.88,92.05,587.12,1292.4533333333331,True,False,False,False,False,False,False,False,False,False,569.75445,-92.38445000000002,65.2194,-0.19939999999999714,25.20415,-36.66415,569.75445,0.0,Moderate,Zone_001
2026-01-28 06:00:00,0.96,165.9,19.6,50.2,342.9,972.55,8,1,0.07,726.29,100.58,-8.63,6,28,1,2,0,1.0,6.123233995736766e-17,0.2436150117860224,-0.9698720152847468,1315.4499999999998,900.9931506849314,0.0672,9.8392,0.2606712531833213,477.37,65.02,539.11,1202.8766666666668,True,False,False,False,False,False,False,False,False,False,569.75445,156.53554999999994,65.2194,35.360600000000005,25.20415,-33.83415,569.75445,0.0,Severe,Zone_001
2026-01-28 10:00:00,4.55,234.3,11.7,84.8,440.88,475.32,5,0,2.77,645.21,108.66,-38.01,10,28,1,2,0,0.4999999999999999,-0.8660254037844387,-0.8120835268918065,-0.5835412113561171,916.2,181.42574257425744,12.6035,9.921599999999998,0.4812049770792403,726.29,100.58,562.18,1129.16,True,False,False,False,False,False,False,False,False,False,569.75445,75.45555000000002,65.2194,43.4406,25.20415,-63.21415,569.75445,0.0,High,Zone_001
2026-01-28 23:00:00,2.71,348.6,20.5,81.2,300.56,332.73,-1,0,2.11,700.03,52.17,81.4,23,28,1,2,0,-0.2588190451025215,0.965925826289068,-0.1976573403791255,0.980271174621722,633.29,197.2866043613707,5.7181,16.646,0.4746008937453616,645.21,108.66,616.29,995.5066666666664,True,False,False,False,False,False,False,False,False,False,569.75445,130.27554999999995,65.2194,-13.049399999999991,25.20415,56.19585000000001,569.75445,0.0,Severe,Zone_001
2026-01-29 02:00:00,11.05,340.2,13.4,85.5,416.33,259.82,-13,0,1.74,452.14,80.7,81.84,2,29,1,3,0,0.4999999999999999,0.8660254037844387,-0.3387379202452914,0.9408807689542256,676.15,58.54112554112554,19.227,11.457,0.6157361532204393,700.03,52.17,690.5100000000001,954.98,True,False,False,False,False,False,False,False,False,False,569.75445,-117.61445000000003,65.2194,15.48060000000001,25.20415,56.635850000000005,569.75445,0.0,Low,Zone_001
2026-01-29 05:00:00,9.8,167.7,15.0,84.0,202.79,471.06,-10,1,0.67,450.29,117.98,64.81,5,29,1,3,0,0.9659258262890684,0.2588190451025207,0.2130303862749766,-0.9770455744352636,673.85,65.42233009708738,6.566000000000001,12.6,0.300942346219485,452.14,80.7,599.1266666666667,741.88,True,False,False,False,False,False,False,False,False,False,569.75445,-119.46445,65.2194,52.76060000000001,25.20415,39.605850000000004,569.75445,0.0,Low,Zone_001
2026-01-29 06:00:00,1.29,86.5,10.2,57.3,98.67,796.42,-9,1,4.25,416.09,64.23,-37.77,6,29,1,3,0,1.0,6.123233995736766e-17,0.9981347984218668,0.0610485395348569,895.0899999999999,500.0502793296089,5.4825,5.844599999999999,0.1102347249997207,450.29,117.98,534.1533333333333,661.0966666666667,True,False,False,False,False,False,False,False,False,False,569.75445,-153.66445000000004,65.2194,-0.9893999999999892,25.20415,-62.97415,569.75445,0.0,Low,Zone_001
2026-01-29 18:00:00,3.95,75.4,23.4,34.9,459.6,1102.93,-1,0,2.16,540.19,15.73,61.2,18,29,1,3,0,-1.0,-1.8369701987210294e-16,0.9677091704819712,0.2520693582431136,1562.5300000000002,351.13033707865173,8.532000000000002,8.166599999999999,0.2941383525436311,416.09,64.23,439.50666666666666,748.3633333333333,True,False,False,False,False,False,False,False,False,False,569.75445,-29.564449999999965,65.2194,-49.48939999999999,25.20415,35.995850000000004,569.75445,0.0,Moderate,Zone_001
2026-01-29 22:00:00,4.67,348.4,26.2,87.0,95.1,680.03,6,1,1.63,433.76,75.49,-31.56,22,29,1,3,0,-0.5000000000000004,0.8660254037844384,-0.2010779211459647,0.979575249599344,775.13,149.9284332688588,7.612099999999999,22.794,0.1226890973127088,540.19,15.73,468.85666666666674,1043.8233333333335,True,False,False,False,False,False,False,False,False,False,569.75445,-135.99445000000003,65.2194,10.270600000000002,25.20415,-56.76415,569.75445,0.0,Low,Zone_001
2026-01-30 16:00:00,2.19,179.3,27.7,30.6,79.78,760.14,24,0,0.9,736.26,61.31,-13.53,16,30,1,4,0,-0.8660254037844384,-0.5000000000000004,0.0122170008352469,-0.999925369660452,839.92,312.2379182156134,1.971,8.4762,0.0949852366892085,433.76,75.49,463.3466666666668,1077.5833333333333,True,False,False,False,False,False,False,False,False,False,569.75445,166.50554999999997,65.2194,-3.909399999999991,25.20415,-38.73415,569.75445,0.0,Severe,Zone_001
2026-01-30 21:00:00,6.06,317.7,15.5,49.1,314.94,680.86,-12,1,3.43,734.21,92.83,49.08,21,30,1,4,0,-0.7071067811865477,0.7071067811865474,-0.6730125135097736,0.7396310949786093,995.8,151.7987804878049,20.7858,7.610500000000001,0.3162683269732878,736.26,61.31,570.07,1059.1933333333334,True,False,False,False,False,False,False,False,False,False,569.75445,164.45555000000002,65.2194,27.610600000000005,25.20415,23.87585,569.75445,0.0,Severe,Zone_001
2026-01-31 02:00:00,11.61,118.5,13.3,45.1,263.21,147.92,-11,1,1.74,443.13,67.65,-2.79,2,31,1,5,1,0.4999999999999999,0.8660254037844387,0.8788171126619654,-0.4771587602596084,411.13,33.94962840627581,20.2014,5.9983,0.6402111254347773,734.21,92.83,634.7433333333333,870.2833333333333,True,False,False,False,False,False,False,False,False,False,569.75445,-126.62445000000002,65.2194,2.4306000000000125,25.20415,-27.994149999999998,569.75445,0.0,Low,Zone_001
2026-01-31 04:00:00,9.03,184.4,19.9,42.9,428.97,1168.18,-10,0,1.37,406.2,90.49,60.76,4,31,1,5,1,0.8660254037844386,0.5000000000000001,-0.0767190281268186,-0.9970527522269202,1597.15,167.591815320042,12.3711,8.537099999999999,0.268584666437091,443.13,67.65,637.8666666666667,748.9499999999999,True,False,False,False,False,False,False,False,False,False,569.75445,-163.55445000000003,65.2194,25.2706,25.20415,35.55585,569.75445,0.0,Low,Zone_001
2026-02-01 12:00:00,4.43,96.8,19.1,41.1,330.04,1016.13,-29,1,2.16,446.17,93.71,-49.31,12,1,2,6,1,1.2246467991473532e-16,-1.0,0.9929655081065368,-0.1184039683065008,1346.17,273.0567951318459,9.5688,7.850100000000001,0.2451696293930187,406.2,90.49,527.8466666666667,1001.36,True,False,False,False,False,False,False,False,False,False,569.75445,-123.58445,65.2194,28.4906,25.20415,-74.51415,569.75445,0.0,Low,Zone_001
2026-02-01 17:00:00,11.32,194.1,13.5,32.9,356.07,106.7,-7,0,4.69,461.61,75.79,-23.46,17,1,2,6,1,-0.9659258262890684,-0.2588190451025206,-0.2436150117860221,-0.9698720152847468,462.77,39.15143824027073,53.09080000000001,4.4415,0.7694318992155931,446.17,93.71,431.8333333333333,1118.15,True,False,False,False,False,False,False,False,False,False,569.75445,-108.14445,65.2194,10.570600000000013,25.20415,-48.66415,569.75445,0.0,Low,Zone_001
2026-02-02 01:00:00,8.25,115.3,11.4,42.3,86.38,998.55,-13,0,3.53,648.13,52.12,28.38,1,2,2,0,0,0.2588190451025207,0.9659258262890684,0.9040825496607784,-0.4273578633871924,1084.9299999999998,123.99199999999998,29.1225,4.8222,0.0796180398735402,461.61,75.79,437.9933333333333,1135.3633333333337,True,False,False,False,False,False,False,False,False,False,569.75445,78.37554999999998,65.2194,-13.099399999999996,25.20415,3.1758500000000005,569.75445,0.0,High,Zone_001
2026-02-02 04:00:00,4.61,221.6,26.7,54.7,231.61,348.96,-11,0,4.81,620.28,97.24,-47.73,4,2,2,0,0,0.8660254037844386,0.5000000000000001,-0.6639262126522416,-0.7477980904985319,580.5699999999999,113.61448140900194,22.1741,14.6049,0.3989355288767935,648.13,52.12,518.6366666666667,964.6233333333332,True,False,False,False,False,False,False,False,False,False,569.75445,50.52554999999995,65.2194,32.0206,25.20415,-72.93414999999999,569.75445,0.0,High,Zone_001
2026-02-02 06:00:00,2.64,14.8,13.8,73.1,300.68,567.35,10,1,0.3,643.87,81.34,56.62,6,2,2,0,0,1.0,6.123233995736766e-17,0.2554457579357905,0.9668233886044594,868.03,276.44267515923565,0.792,10.0878,0.3463935578263424,620.28,97.24,576.6733333333334,709.4233333333332,True,False,False,False,False,False,False,False,False,False,569.75445,74.11554999999998,65.2194,16.12060000000001,25.20415,31.41585,569.75445,0.0,High,Zone_001
2026-02-03 08:00:00,6.83,70.1,21.0,88.5,184.95,912.71,7,1,0.32,466.74,20.93,31.14,8,3,2,1,0,0.8660254037844387,-0.4999999999999998,0.9402881270104188,0.3403795502130503,1097.66,149.74897680763985,2.1856,18.585,0.1684947980248893,643.87,81.34,637.4266666666667,844.5099999999999,True,False,False,False,False,False,False,False,False,False,569.75445,-103.01445000000001,65.2194,-44.28939999999999,25.20415,5.935850000000002,569.75445,0.0,Low,Zone_001
2026-02-03 13:00:00,9.35,257.3,31.0,53.6,355.28,972.19,7,0,4.66,615.22,35.41,10.65,13,3,2,1,0,-0.2588190451025208,-0.9659258262890684,-0.9755345439458568,-0.2198462043528372,1327.47,134.76852791878173,43.571,16.616,0.2676369334146911,466.74,20.93,576.9633333333333,848.7533333333334,True,False,False,False,False,False,False,False,False,False,569.75445,45.46555000000001,65.2194,-29.809399999999997,25.20415,-14.554149999999998,569.75445,0.0,High,Zone_001
2026-02-04 02:00:00,10.33,170.8,12.4,66.2,316.06,305.49,-15,1,4.02,653.8,56.37,-47.09,2,4,2,2,0,0.4999999999999999,0.8660254037844387,0.1598811876918347,-0.987136265072988,621.55,57.391505078485686,41.5266,8.208800000000002,0.5085029362078675,615.22,35.41,575.2766666666668,1097.72,True,False,False,False,False,False,False,False,False,False,569.75445,84.04554999999993,65.2194,-8.849399999999996,25.20415,-72.29415,569.75445,0.0,High,Zone_001
2026-02-04 15:00:00,2.94,83.8,29.3,42.3,465.84,575.91,9,1,3.37,489.29,38.8,50.98,15,4,2,2,0,-0.7071067811865471,-0.7071067811865479,0.9941509639723154,0.1079993557060228,1041.75,302.8343023255814,9.9078,12.3939,0.4471706263498919,653.8,56.37,578.5866666666667,1015.56,True,False,False,False,False,False,False,False,False,False,569.75445,-80.46445,65.2194,-26.419399999999996,25.20415,25.77585,569.75445,0.0,Moderate,Zone_001
2026-02-05 15:00:00,11.11,218.5,34.3,68.6,398.89,198.17,-23,1,1.44,593.06,52.52,-12.51,15,5,2,3,0,-0.7071067811865471,-0.7071067811865479,-0.6225146366376194,-0.782608156852414,597.06,51.42635658914728,15.998399999999998,23.529799999999994,0.6680903091816568,489.29,38.8,586.1033333333334,996.9233333333332,True,False,False,False,False,False,False,False,False,False,569.75445,23.305549999999926,65.2194,-12.69939999999999,25.20415,-37.71415,569.75445,0.0,High,Zone_001
2026-02-06 07:00:00,8.07,256.7,19.9,83.7,205.86,684.1,-5,0,1.85,472.11,57.51,30.08,7,6,2,4,0,0.9659258262890684,-0.2588190451025206,-0.9731788727770884,-0.2300497371881043,889.96,103.84597432905484,14.9295,16.656299999999998,0.2313137669108724,593.06,52.52,578.7166666666667,753.4533333333333,True,False,False,False,False,False,False,False,False,False,569.75445,-97.64445,65.2194,-7.709399999999995,25.20415,4.87585,569.75445,0.0,Low,Zone_001
2026-02-06 09:00:00,3.68,19.1,15.9,62.8,471.72,801.13,-26,1,0.06,536.86,10.81,-19.56,9,6,2,4,0,0.7071067811865476,-0.7071067811865475,0.3272178989791039,0.9449489121575309,1272.85,304.50956937799043,0.2208,9.9852,0.3706014062929647,472.11,57.51,518.1533333333333,842.9233333333333,True,False,False,False,False,False,False,False,False,False,569.75445,-32.894450000000006,65.2194,-54.40939999999999,25.20415,-44.76415,569.75445,0.0,Moderate,Zone_001
2026-02-06 10:00:00,6.92,271.8,22.0,75.3,125.17,1069.46,-20,1,3.11,600.55,48.34,86.9,10,6,2,4,0,0.4999999999999999,-0.8660254037844387,-0.9995065603657316,0.0314107590781288,1194.63,161.00134770889488,21.5212,16.566,0.1047772113541431,536.86,10.81,534.0100000000001,919.9566666666666,True,False,False,False,False,False,False,False,False,False,569.75445,30.795549999999935,65.2194,-16.87939999999999,25.20415,61.69585000000001,569.75445,0.0,High,Zone_001
2026-02-06 16:00:00,8.98,55.7,34.1,54.6,65.03,524.31,-16,0,0.89,619.19,41.43,-28.24,16,6,2,4,0,-0.8660254037844384,-0.5000000000000004,0.8260982944957639,0.5635260489375714,589.3399999999999,62.16666666666666,7.9922,18.6186,0.1103437743916924,600.55,48.34,536.5066666666668,1119.1466666666668,True,False,False,False,False,False,False,False,False,False,569.75445,49.435550000000035,65.2194,-23.789399999999993,25.20415,-53.44414999999999,569.75445,0.0,High,Zone_001
2026-02-07 04:00:00,7.56,331.2,25.2,76.7,233.7,138.4,-17,0,3.97,729.6,17.06,0.35,4,7,2,5,1,0.8660254037844386,0.5000000000000001,-0.4817536741017153,0.8763066800438636,372.1,46.16625310173698,30.0132,19.3284,0.6280569739317388,619.19,41.43,585.5333333333334,1018.94,True,False,False,False,False,False,False,False,False,False,569.75445,159.84555,65.2194,-48.15939999999999,25.20415,-24.854149999999997,569.75445,0.0,Severe,Zone_001
2026-02-07 07:00:00,5.44,204.8,22.2,44.4,418.62,211.18,17,0,1.79,749.4,106.46,46.9,7,7,2,5,1,0.9659258262890684,-0.2588190451025206,-0.4194520824461771,-0.9077774785329088,629.8,106.026936026936,9.7376,9.8568,0.6646872022864402,729.6,17.06,649.7800000000001,718.69,True,False,False,False,False,False,False,False,False,False,569.75445,179.64554999999996,65.2194,41.2406,25.20415,21.69585,569.75445,0.0,Severe,Zone_001
2026-02-07 13:00:00,6.31,147.7,26.5,82.3,226.41,389.93,17,1,0.9,542.68,99.46,68.25,13,7,2,5,1,-0.2588190451025208,-0.9659258262890684,0.5343523493898265,-0.8452618332218561,616.34,90.50513950073424,5.678999999999999,21.8095,0.3673459454197358,749.4,106.46,699.3966666666669,530.4133333333333,True,False,False,False,False,False,False,False,False,False,569.75445,-27.07445000000007,65.2194,34.2406,25.20415,43.04585,569.75445,0.0,Moderate,Zone_001
2026-02-07 22:00:00,1.02,269.6,23.3,47.1,261.75,182.85,17,0,4.58,407.35,92.63,-5.05,22,7,2,5,1,-0.5000000000000004,0.8660254037844384,-0.9999756307053947,-0.0069812602979613,444.6,292.5,4.6716,10.9743,0.5887314439946019,542.68,99.46,673.8933333333334,539.4133333333333,True,False,False,False,False,False,False,False,False,False,569.75445,-162.40445,65.2194,27.410600000000002,25.20415,-30.25415,569.75445,0.0,Low,Zone_001
2026-02-08 21:00:00,6.04,133.7,16.1,91.0,287.96,248.92,22,0,3.5,615.21,35.42,91.98,21,8,2,6,1,-0.7071067811865477,0.7071067811865474,0.7229671459095686,-0.690882411076858,536.88,82.09174311926606,21.14,14.651000000000002,0.5363582178512889,407.35,92.63,566.4766666666668,563.5799999999999,True,False,False,False,False,False,False,False,False,False,569.75445,45.45555000000002,65.2194,-29.79939999999999,25.20415,66.77585,569.75445,0.0,High,Zone_001
2026-02-08 23:00:00,3.74,261.2,23.2,42.4,247.69,793.46,-24,0,1.69,708.74,36.71,-29.9,23,8,2,6,1,-0.2588190451025215,0.965925826289068,-0.9882283814465528,-0.1529858362840384,1041.15,245.55424528301887,6.3206,9.8368,0.2379003985977044,615.21,35.42,521.7466666666668,532.6066666666667,True,False,False,False,False,False,False,False,False,False,569.75445,138.98555,65.2194,-28.509399999999992,25.20415,-55.10415,569.75445,0.0,Severe,Zone_001
2026-02-09 01:00:00,11.13,146.3,25.7,34.6,142.16,1045.61,-22,0,4.34,517.9,62.66,68.35,1,9,2,0,0,0.2588190451025207,0.9659258262890684,0.5548444274479992,-0.8319541221304826,1187.77,102.1298366294067,48.3042,8.8922,0.1196864712865285,708.74,36.71,577.1,674.21,True,False,False,False,False,False,False,False,False,False,569.75445,-51.85445000000004,65.2194,-2.5593999999999966,25.20415,43.145849999999996,569.75445,0.0,Moderate,Zone_001
2026-02-09 02:00:00,1.15,174.6,12.9,55.3,216.98,1134.7,-28,0,2.65,539.19,29.54,82.81,2,9,2,0,0,0.4999999999999999,0.8660254037844387,0.0941083133185143,-0.99556196460308,1351.68,819.2,3.0475,7.1337,0.1605261600378787,517.9,62.66,613.9500000000002,921.9333333333334,True,False,False,False,False,False,False,False,False,False,569.75445,-30.564449999999965,65.2194,-35.679399999999994,25.20415,57.605850000000004,569.75445,0.0,Moderate,Zone_001
2026-02-09 19:00:00,11.22,161.9,17.2,31.4,493.69,921.06,-14,0,2.05,671.2,25.08,47.21,19,9,2,0,0,-0.9659258262890684,0.2588190451025203,0.3106764296307318,-0.9505157316277836,1414.75,120.71245733788396,23.001,5.400799999999999,0.3489591800671496,539.19,29.54,588.6100000000001,1193.5333333333335,True,False,False,False,False,False,False,False,False,False,569.75445,101.44555000000003,65.2194,-40.139399999999995,25.20415,22.005850000000002,569.75445,0.0,Severe,Zone_001
2026-02-10 01:00:00,10.62,147.8,10.6,73.7,351.84,552.14,-26,0,4.23,571.29,61.27,50.04,1,10,2,1,0,0.2588190451025207,0.9659258262890684,0.5328762760707298,-0.8461931661275641,903.98,81.29316546762591,44.9226,7.812200000000001,0.3892121507112989,671.2,25.08,576.0966666666667,1318.0666666666666,True,False,False,False,False,False,False,False,False,False,569.75445,1.5355499999999438,65.2194,-3.94939999999999,25.20415,24.83585,569.75445,0.0,High,Zone_001
2026-02-10 04:00:00,7.67,246.9,18.0,68.3,438.08,862.73,27,1,4.18,533.23,114.41,49.66,4,10,2,1,0,0.8660254037844386,0.5000000000000001,-0.9198214973217376,-0.3923371166035614,1300.81,159.21787025703793,32.0606,12.294,0.3367747787916759,571.29,61.27,593.8933333333334,1223.47,True,False,False,False,False,False,False,False,False,False,569.75445,-36.52445,65.2194,49.1906,25.20415,24.455849999999998,569.75445,0.0,Moderate,Zone_001
2026-02-10 11:00:00,3.96,150.5,14.5,66.6,189.43,356.94,-5,0,1.1,657.96,34.17,97.48,11,10,2,1,0,0.258819045102521,-0.9659258262890682,0.4924235601034671,-0.8703556959398997,546.37,122.50448430493272,4.356,9.657,0.3467064443508977,533.23,114.41,591.9066666666668,1206.513333333333,True,False,False,False,False,False,False,False,False,False,569.75445,88.20555000000002,65.2194,-31.04939999999999,25.20415,72.27585,569.75445,0.0,Severe,Zone_001
2026-02-11 16:00:00,9.14,249.9,17.2,66.0,352.09,673.4,9,1,2.62,733.66,40.98,66.83,16,11,2,2,0,-0.8660254037844384,-0.5000000000000004,-0.9390942520947092,-0.3436596945856157,1025.49,106.3786307053942,23.946800000000003,11.352,0.3433383065656417,657.96,34.17,587.4933333333335,917.0533333333332,True,False,False,False,False,False,False,False,False,False,569.75445,163.90554999999995,65.2194,-24.239399999999996,25.20415,41.62585,569.75445,0.0,Severe,Zone_001
2026-02-12 01:00:00,11.19,289.2,15.2,85.0,329.73,995.38,-15,1,2.89,638.75,90.15,58.48,1,12,2,3,0,0.2588190451025207,0.9659258262890684,-0.9443763702374812,0.3288666467385827,1325.11,113.35414884516682,32.3391,12.92,0.2488321724234214,733.66,40.98,641.6166666666668,957.5566666666668,True,False,False,False,False,False,False,False,False,False,569.75445,68.99554999999998,65.2194,24.930600000000013,25.20415,33.27585,569.75445,0.0,High,Zone_001
2026-02-12 10:00:00,7.89,136.4,33.4,76.5,322.91,929.98,28,0,3.69,459.55,27.11,-0.39,10,12,2,3,0,0.4999999999999999,-0.8660254037844387,0.6896195437356697,-0.7241718614374676,1252.89,149.33134684147794,29.1141,25.551,0.257732123330859,638.75,90.15,676.7900000000001,965.6566666666668,True,False,False,False,False,False,False,False,False,False,569.75445,-110.20445000000001,65.2194,-38.109399999999994,25.20415,-25.59415,569.75445,0.0,Low,Zone_001
2026-02-12 18:00:00,11.4,35.5,14.4,42.2,113.7,274.06,-13,0,2.9,659.51,72.65,5.46,18,12,2,3,0,-1.0,-1.8369701987210294e-16,0.5807029557109398,0.8141155183563192,387.76,32.58487394957983,33.06,6.0768,0.293222611924902,459.55,27.11,610.6533333333334,1201.1633333333334,True,False,False,False,False,False,False,False,False,False,569.75445,89.75554999999997,65.2194,7.4306000000000125,25.20415,-19.744149999999998,569.75445,0.0,Severe,Zone_001
2026-02-13 18:00:00,6.3,58.0,12.4,78.5,134.04,384.5,15,1,1.2,503.45,30.68,66.99,18,13,2,4,0,-1.0,-1.8369701987210294e-16,0.848048096156426,0.5299192642332049,518.54,76.25588235294117,7.56,9.734,0.2584950052069271,659.51,72.65,585.9366666666667,988.5866666666668,True,False,False,False,False,False,False,False,False,False,569.75445,-66.30445000000003,65.2194,-34.53939999999999,25.20415,41.785849999999996,569.75445,0.0,Moderate,Zone_001
2026-02-14 04:00:00,8.75,171.8,18.3,47.2,134.23,1084.18,16,1,4.71,602.51,93.74,75.31,4,14,2,5,1,0.8660254037844386,0.5000000000000001,0.1426289337055113,-0.989776230907789,1218.41,131.72,41.2125,8.6376,0.1101681699920388,503.45,30.68,540.8366666666668,719.7299999999999,True,False,False,False,False,False,False,False,False,False,569.75445,32.75554999999997,65.2194,28.5206,25.20415,50.105850000000004,569.75445,0.0,High,Zone_001
2026-02-14 05:00:00,7.19,358.0,26.7,74.7,397.99,373.39,-16,0,4.61,636.39,94.99,-30.72,5,14,2,5,1,0.9659258262890684,0.2588190451025207,-0.0348994967025008,0.9993908270190958,771.38,100.30949284785434,33.145900000000005,19.9449,0.5159454484171225,602.51,93.74,588.4900000000001,708.2366666666667,True,False,False,False,False,False,False,False,False,False,569.75445,66.63554999999997,65.2194,29.7706,25.20415,-55.92415,569.75445,0.0,High,Zone_001
2026-02-14 10:00:00,4.94,103.5,33.0,52.4,299.2,131.11,3,1,4.18,607.42,80.93,66.6,10,14,2,5,1,0.4999999999999999,-0.8660254037844387,0.9723699203976768,-0.2334453638559053,430.31,79.10110294117646,20.6492,17.292,0.6953126815551579,636.39,94.99,580.7833333333334,836.11,True,False,False,False,False,False,False,False,False,False,569.75445,37.66554999999994,65.2194,15.710600000000014,25.20415,41.395849999999996,569.75445,0.0,High,Zone_001
2026-02-14 12:00:00,8.52,109.6,10.3,62.0,453.67,290.52,30,0,0.09,568.99,20.61,49.2,12,14,2,5,1,1.2246467991473532e-16,-1.0,0.9420574527872968,-0.335451569750255,744.19,82.50443458980045,0.7667999999999999,6.386,0.6096158239159354,607.42,80.93,615.44,806.6999999999999,True,False,False,False,False,False,False,False,False,False,569.75445,-0.7644500000000107,65.2194,-44.609399999999994,25.20415,23.995850000000004,569.75445,0.0,Moderate,Zone_001
2026-02-14 15:00:00,6.03,161.9,31.5,47.5,478.6,1020.71,-18,1,1.97,593.31,56.99,22.09,15,14,2,5,1,-0.7071067811865471,-0.7071067811865479,0.3106764296307318,-0.9505157316277836,1499.31,229.6033690658499,11.8791,14.9625,0.319213504878911,568.99,20.61,604.2666666666668,648.6266666666667,True,False,False,False,False,False,False,False,False,False,569.75445,23.555549999999926,65.2194,-8.229399999999991,25.20415,-3.1141499999999986,569.75445,0.0,High,Zone_001
2026-02-14 20:00:00,2.85,101.0,12.1,90.1,172.89,265.81,11,0,4.93,747.8,22.57,3.87,20,14,2,5,1,-0.8660254037844386,0.5000000000000001,0.981627183447664,-0.1908089953765448,438.7,130.955223880597,14.0505,10.902099999999995,0.3940961932983816,593.31,56.99,589.9066666666668,891.27,True,False,False,False,False,False,False,False,False,False,569.75445,178.04554999999993,65.2194,-42.64939999999999,25.20415,-21.334149999999998,569.75445,0.0,Severe,Zone_001
2026-02-14 22:00:00,6.91,59.1,29.0,93.1,325.54,561.86,21,0,2.63,429.71,15.87,-28.24,22,14,2,5,1,-0.5000000000000004,0.8660254037844384,0.8580649057236446,0.5135412520581701,887.4000000000001,119.75708502024293,18.1733,26.998999999999995,0.3668469686725265,747.8,22.57,636.7,894.0666666666666,True,False,False,False,False,False,False,False,False,False,569.75445,-140.04445000000004,65.2194,-49.349399999999996,25.20415,-53.44414999999999,569.75445,0.0,Low,Zone_001
2026-02-15 03:00:00,5.9,83.6,19.1,79.5,142.01,1128.78,1,1,0.57,600.39,24.6,87.75,3,15,2,6,1,0.7071067811865475,0.7071067811865476,0.9937679191605964,0.1114689322063256,1270.79,198.5609375,3.363,15.1845,0.1117493842412987,429.71,15.87,590.2733333333334,941.8033333333332,True,False,False,False,False,False,False,False,False,False,569.75445,30.635549999999967,65.2194,-40.61939999999999,25.20415,62.54585,569.75445,0.0,High,Zone_001
2026-02-15 07:00:00,1.98,313.2,12.7,52.0,90.49,772.44,17,0,3.63,660.8,14.81,80.46,7,15,2,6,1,0.9659258262890684,-0.2588190451025206,-0.7289686274214116,0.6845471059286886,862.9300000000001,347.9556451612904,7.187399999999999,6.604,0.1048636621742203,600.39,24.6,592.6333333333333,865.63,True,False,False,False,False,False,False,False,False,False,569.75445,91.04554999999993,65.2194,-50.40939999999999,25.20415,55.255849999999995,569.75445,0.0,Severe,Zone_001
2026-02-15 12:00:00,2.41,265.2,22.7,64.9,176.74,296.1,12,0,0.97,448.18,53.53,-10.59,12,15,2,6,1,1.2246467991473532e-16,-1.0,-0.9964928592495044,-0.0836778433323157,472.84,162.48797250859107,2.3377,14.7323,0.3737839438287793,660.8,14.81,563.6333333333333,1007.04,True,False,False,False,False,False,False,False,False,False,569.75445,-121.57445000000001,65.2194,-11.689399999999992,25.20415,-35.79415,569.75445,0.0,Low,Zone_001
2026-02-15 17:00:00,6.08,173.5,34.4,55.5,160.39,1087.01,29,1,0.78,650.54,38.74,55.65,17,15,2,6,1,-0.9659258262890684,-0.2588190451025206,0.1132032137679068,-0.9935718556765876,1247.4,189.5744680851064,4.7424,19.092,0.1285794452461119,448.18,53.53,569.7900000000001,868.8533333333331,True,False,False,False,False,False,False,False,False,False,569.75445,80.78554999999994,65.2194,-26.47939999999999,25.20415,30.44585,569.75445,0.0,High,Zone_001
2026-02-16 02:00:00,3.74,297.3,34.2,46.4,314.45,422.0,-8,0,1.11,715.28,85.18,49.54,2,16,2,0,0,0.4999999999999999,0.8660254037844387,-0.8886172326549486,0.4586495544843152,736.45,173.69103773584905,4.151400000000001,15.8688,0.4269807862040871,650.54,38.74,586.5066666666668,861.0566666666667,True,False,False,False,False,False,False,False,False,False,569.75445,145.52554999999995,65.2194,19.960600000000014,25.20415,24.33585,569.75445,0.0,Severe,Zone_001
2026-02-16 08:00:00,5.88,346.2,25.4,90.2,256.13,1006.18,25,1,1.35,531.09,104.43,44.18,8,16,2,0,0,0.8660254037844387,-0.4999999999999998,-0.2385334575785812,0.971134279909636,1262.31,197.8542319749216,7.938000000000001,22.9108,0.2029057838407364,715.28,85.18,604.6666666666667,818.8966666666665,True,False,False,False,False,False,False,False,False,False,569.75445,-38.66444999999999,65.2194,39.210600000000014,25.20415,18.97585,569.75445,0.0,Moderate,Zone_001
2026-02-16 20:00:00,10.71,120.1,20.5,94.1,368.82,629.44,-18,0,4.91,535.74,108.64,-28.25,20,16,2,0,0,-0.8660254037844386,0.5000000000000001,0.8651514205697046,-0.501510737159457,998.26,89.05084745762711,52.58610000000001,19.2905,0.3694628653857712,531.09,104.43,632.3033333333334,1082.0533333333333,True,False,False,False,False,False,False,False,False,False,569.75445,-34.01445000000001,65.2194,43.42060000000001,25.20415,-53.45415,569.75445,0.0,Moderate,Zone_001
2026-02-17 12:00:00,1.13,77.5,11.6,62.1,475.33,1126.58,20,0,0.94,662.68,62.38,37.66,12,17,2,1,0,1.2246467991473532e-16,-1.0,0.9762960071199334,0.2164396139381029,1601.91,982.766871165644,1.0621999999999998,7.2036,0.2967270321054241,535.74,108.64,594.0366666666667,999.0066666666664,True,False,False,False,False,False,False,False,False,False,569.75445,92.92554999999993,65.2194,-2.8393999999999906,25.20415,12.455849999999998,569.75445,0.0,Severe,Zone_001
2026-02-17 20:00:00,1.5,184.1,30.1,40.6,448.95,510.64,23,0,1.07,682.37,62.93,-22.85,20,17,2,1,0,-0.8660254037844386,0.5000000000000001,-0.0714974443326857,-0.997440782930944,959.59,479.795,1.605,12.2206,0.4678560635271314,662.68,62.38,576.5033333333334,1287.493333333333,True,False,False,False,False,False,False,False,False,False,569.75445,112.61554999999998,65.2194,-2.2893999999999934,25.20415,-48.05415,569.75445,0.0,Severe,Zone_001
2026-02-18 16:00:00,3.81,327.0,31.3,33.6,173.24,1064.53,-11,1,3.94,414.68,49.78,76.53,16,18,2,2,0,-0.8660254037844384,-0.5000000000000004,-0.544639035015027,0.838670567945424,1237.77,287.1856148491879,15.0114,10.5168,0.1399613821630836,682.37,62.93,626.93,1186.5866666666664,True,False,False,False,False,False,False,False,False,False,569.75445,-155.07445,65.2194,-15.439399999999992,25.20415,51.32585,569.75445,0.0,Low,Zone_001
2026-02-18 20:00:00,2.45,226.1,17.0,35.1,99.74,980.36,17,1,3.58,433.24,44.83,84.24,20,18,2,2,0,-0.8660254037844386,0.5000000000000001,-0.7205511116803304,-0.693401828275813,1080.1,366.1355932203389,8.771,5.9670000000000005,0.0923433015461531,414.68,49.78,586.5766666666667,1266.4233333333332,True,False,False,False,False,False,False,False,False,False,569.75445,-136.51445,65.2194,-20.389399999999995,25.20415,59.035849999999996,569.75445,0.0,Low,Zone_001
2026-02-18 23:00:00,6.23,228.2,14.0,40.1,315.4,339.23,-18,1,2.38,691.98,106.47,-26.25,23,18,2,2,0,-0.2588190451025215,0.965925826289068,-0.7454759996828622,-0.6665324702494525,654.63,97.2704309063893,14.8274,5.614,0.4817988787559384,433.24,44.83,510.0966666666668,1092.4866666666665,True,False,False,False,False,False,False,False,False,False,569.75445,122.22555,65.2194,41.250600000000006,25.20415,-51.45415,569.75445,0.0,Severe,Zone_001
2026-02-19 22:00:00,3.5,115.8,26.6,53.8,322.28,708.27,12,1,3.09,737.32,74.91,-28.52,22,19,2,3,0,-0.5000000000000004,0.8660254037844384,0.9003187714021935,-0.4352310993723274,1030.55,257.6375,10.815,14.3108,0.3127262141574887,691.98,106.47,513.3000000000001,990.833333333333,True,False,False,False,False,False,False,False,False,False,569.75445,167.56555000000003,65.2194,9.690600000000003,25.20415,-53.724149999999995,569.75445,0.0,Severe,Zone_001
2026-02-20 16:00:00,3.31,82.7,22.5,31.5,116.27,1074.93,-21,0,0.42,745.92,63.25,-11.84,16,20,2,4,0,-0.8660254037844384,-0.5000000000000004,0.9918944425900296,0.1270646086013503,1191.2,312.6509186351706,1.3902,7.0875,0.0976074546675621,737.32,74.91,620.8466666666667,921.76,True,False,False,False,False,False,False,False,False,False,569.75445,176.16554999999994,65.2194,-1.9693999999999932,25.20415,-37.04415,569.75445,0.0,Severe,Zone_001
2026-02-20 22:00:00,11.62,83.2,10.1,84.9,136.34,731.88,-1,0,3.27,444.61,117.99,65.8,22,20,2,4,0,-0.5000000000000004,0.8660254037844384,0.9929655081065368,0.1184039683065009,868.22,71.63531353135315,37.9974,8.5749,0.1570339314920181,745.92,63.25,725.0733333333334,958.7933333333332,True,False,False,False,False,False,False,False,False,False,569.75445,-125.14445,65.2194,52.7706,25.20415,40.59585,569.75445,0.0,Low,Zone_001
2026-02-21 07:00:00,4.94,62.2,11.2,91.0,187.42,649.8,25,1,1.44,739.69,39.28,-41.49,7,21,2,5,1,0.9659258262890684,-0.2588190451025206,0.8845809752150839,0.4663866403398912,837.2199999999999,153.90073529411762,7.1136,10.192,0.2238599173455006,444.61,117.99,642.6166666666667,1029.9899999999998,True,False,False,False,False,False,False,False,False,False,569.75445,169.93555000000003,65.2194,-25.939399999999992,25.20415,-66.69415000000001,569.75445,0.0,Severe,Zone_001
2026-02-21 19:00:00,3.28,233.7,34.6,95.0,353.17,671.4,-8,1,3.65,581.81,66.3,28.7,19,21,2,5,1,-0.9659258262890684,0.2588190451025203,-0.8059282822485159,-0.5920131787992194,1024.57,271.05026455026456,11.972,32.87,0.344700703709849,739.69,39.28,643.4066666666668,965.5466666666666,True,False,False,False,False,False,False,False,False,False,569.75445,12.055549999999926,65.2194,1.080600000000004,25.20415,3.495850000000001,569.75445,0.0,High,Zone_001
2026-02-22 02:00:00,7.36,341.1,34.0,49.7,417.87,823.75,11,0,2.04,408.37,64.96,94.0,2,22,2,6,1,0.4999999999999999,0.8660254037844387,-0.3239174181981495,0.9460853588275452,1241.62,157.96692111959285,15.0144,16.898000000000003,0.3365522462589198,581.81,66.3,588.7033333333334,910.0033333333332,True,False,False,False,False,False,False,False,False,False,569.75445,-161.38445000000002,65.2194,-0.2593999999999994,25.20415,68.79585,569.75445,0.0,Low,Zone_001
2026-02-22 11:00:00,11.46,16.9,20.4,73.0,249.76,931.25,-28,1,2.38,527.55,28.98,-28.36,11,22,2,6,1,0.258819045102521,-0.9659258262890682,0.2907021935982524,0.9568135840576074,1181.01,98.74665551839465,27.2748,14.891999999999998,0.2114800044030109,408.37,64.96,576.6233333333333,1034.4699999999998,True,False,False,False,False,False,False,False,False,False,569.75445,-42.204450000000065,65.2194,-36.23939999999999,25.20415,-53.56415,569.75445,0.0,Moderate,Zone_001
2026-02-22 12:00:00,1.34,203.9,14.5,48.8,267.9,391.88,29,0,4.0,451.46,36.58,-25.11,12,22,2,6,1,1.2246467991473532e-16,-1.0,-0.4051415867798627,-0.9142539552342636,659.78,358.5760869565217,5.36,7.075999999999999,0.4060444390554427,527.55,28.98,505.91,1149.0666666666666,True,False,False,False,False,False,False,False,False,False,569.75445,-118.29445000000004,65.2194,-28.639399999999995,25.20415,-50.31415,569.75445,0.0,Low,Zone_001
2026-02-23 03:00:00,11.48,344.2,18.2,45.2,441.2,1198.02,17,1,0.46,672.0,67.94,19.5,3,23,2,0,0,0.7071067811865475,0.7071067811865476,-0.2722802470405743,0.9622179935292854,1639.22,136.82971619365608,5.2808,8.2264,0.2691524017520528,451.46,36.58,462.46,1027.4699999999998,True,False,False,False,False,False,False,False,False,False,569.75445,102.24554999999998,65.2194,2.7206000000000046,25.20415,-5.7041499999999985,569.75445,0.0,Severe,Zone_001
2026-02-23 04:00:00,9.7,191.3,34.1,68.2,156.96,103.86,20,1,0.38,724.27,102.36,79.68,4,23,2,0,0,0.8660254037844386,0.5000000000000001,-0.1959461442425177,-0.980614658546613,260.82,25.57058823529412,3.686,23.256200000000003,0.6017943409247758,672.0,67.94,550.3366666666667,1160.003333333333,True,False,False,False,False,False,False,False,False,False,569.75445,154.51554999999996,65.2194,37.140600000000006,25.20415,54.47585000000001,569.75445,0.0,Severe,Zone_001
2026-02-23 08:00:00,3.57,107.3,34.9,62.0,352.44,166.85,6,1,4.37,422.57,103.26,19.64,8,23,2,0,0,0.8660254037844387,-0.4999999999999998,0.9547607995027976,-0.2973748740777859,519.29,127.58968058968055,15.6009,21.638,0.6786959117256254,724.27,102.36,615.91,853.2733333333331,True,False,False,False,False,False,False,False,False,False,569.75445,-147.18445000000003,65.2194,38.04060000000001,25.20415,-5.564149999999998,569.75445,0.0,Low,Zone_001
2026-02-23 13:00:00,4.64,169.5,10.4,38.8,435.91,361.38,-10,0,3.72,689.9,20.08,39.21,13,23,2,0,0,-0.2588190451025208,-0.9659258262890684,0.1822355254921477,-0.9832549075639544,797.29,155.1147859922179,17.2608,4.0352,0.5467395803283623,422.57,103.26,606.2800000000001,806.4433333333332,True,False,False,False,False,False,False,False,False,False,569.75445,120.14554999999996,65.2194,-45.139399999999995,25.20415,14.005850000000002,569.75445,0.0,Severe,Zone_001
2026-02-24 03:00:00,8.86,300.6,33.3,89.1,309.54,1112.97,-26,0,3.94,444.03,64.13,62.76,3,24,2,1,0,0.7071067811865475,0.7071067811865476,-0.8607420270039434,0.5090414157503715,1422.51,151.97756410256412,34.9084,29.6703,0.2176012822405466,689.9,20.08,612.2466666666667,525.7999999999998,True,False,False,False,False,False,False,False,False,False,569.75445,-125.72445000000005,65.2194,-1.0893999999999977,25.20415,37.55585,569.75445,0.0,Low,Zone_001
2026-02-25 00:00:00,4.07,126.2,13.8,61.0,294.59,111.1,-30,0,2.74,602.0,108.84,82.41,0,25,2,2,0,0.0,1.0,0.8069603121438018,-0.5906056676199255,405.69,88.77242888402624,11.1518,8.418000000000001,0.7261455791367794,444.03,64.13,518.8333333333334,913.0299999999996,True,False,False,False,False,False,False,False,False,False,569.75445,32.24554999999998,65.2194,43.62060000000001,25.20415,57.20585,569.75445,0.0,High,Zone_001
2026-02-25 12:00:00,9.79,86.9,33.9,30.5,219.04,1031.75,-9,1,2.53,593.04,34.09,-1.52,12,25,2,2,0,1.2246467991473532e-16,-1.0,0.9985366703262116,0.0540788129847753,1250.79,121.55393586005832,24.768699999999995,10.3395,0.1751213233236594,602.0,108.84,578.6433333333333,875.1633333333331,True,False,False,False,False,False,False,False,False,False,569.75445,23.285549999999944,65.2194,-31.12939999999999,25.20415,-26.724149999999998,569.75445,0.0,High,Zone_001
2026-02-25 17:00:00,7.14,294.0,20.6,31.9,58.05,1053.56,-25,0,2.68,429.84,71.19,-27.41,17,25,2,2,0,-0.9659258262890684,-0.2588190451025206,-0.9135454576426012,0.4067366430757997,1111.61,145.49869109947645,19.1352,6.5714,0.0522215525229172,593.04,34.09,546.3566666666667,1026.3299999999997,True,False,False,False,False,False,False,False,False,False,569.75445,-139.91445000000004,65.2194,5.970600000000005,25.20415,-52.614149999999995,569.75445,0.0,Low,Zone_001
2026-02-26 05:00:00,9.64,211.2,29.7,88.2,106.75,208.75,-22,0,2.65,627.56,104.41,65.02,5,26,2,3,0,0.9659258262890684,0.2588190451025207,-0.51802700937313,-0.8553642601605068,315.5,31.114398422090726,25.546,26.1954,0.3383518225039619,429.84,71.19,541.6266666666667,922.6966666666664,True,False,False,False,False,False,False,False,False,False,569.75445,57.805549999999926,65.2194,39.1906,25.20415,39.81585,569.75445,0.0,High,Zone_001
2026-02-26 15:00:00,10.02,54.2,26.5,66.3,266.57,1023.59,-15,0,0.61,480.73,113.02,9.13,15,26,2,3,0,-0.7071067811865471,-0.7071067811865479,0.8110638189893267,0.5849576749872154,1290.16,122.638783269962,6.1122,17.569499999999998,0.2066177838407639,627.56,104.41,550.1466666666666,892.6333333333331,True,False,False,False,False,False,False,False,False,False,569.75445,-89.02445,65.2194,47.8006,25.20415,-16.074149999999996,569.75445,0.0,Moderate,Zone_001
2026-02-26 16:00:00,7.7,335.8,20.0,79.7,252.78,568.6,5,0,3.87,429.83,30.66,-45.06,16,26,2,3,0,-0.8660254037844384,-0.5000000000000004,-0.4099230338415724,0.9121201161722732,821.38,100.16829268292685,29.799000000000003,15.94,0.3077503713263045,480.73,113.02,512.7099999999999,905.7566666666664,True,False,False,False,False,False,False,False,False,False,569.75445,-139.92445000000004,65.2194,-34.5594,25.20415,-70.26415,569.75445,0.0,Low,Zone_001
2026-02-27 00:00:00,11.34,334.8,26.2,88.7,415.51,1198.73,27,1,2.98,504.28,15.36,32.31,0,27,2,4,0,0.0,1.0,-0.4257792915650722,0.9048270524660196,1614.24,136.33783783783784,33.7932,23.2394,0.2574028645058975,429.83,30.66,512.7066666666666,809.0133333333332,True,False,False,False,False,False,False,False,False,False,569.75445,-65.47445000000005,65.2194,-49.859399999999994,25.20415,7.105850000000004,569.75445,0.0,Moderate,Zone_001
2026-02-27 03:00:00,8.67,43.1,27.0,61.0,304.17,745.43,10,0,1.55,438.83,78.77,-3.95,3,27,2,4,0,0.7071067811865475,0.7071067811865476,0.6832737736807992,0.7301622766207523,1049.6,114.46019629225736,13.4385,16.47,0.2897961128048781,504.28,15.36,471.6133333333333,1241.9266666666665,True,False,False,False,False,False,False,False,False,False,569.75445,-130.92445000000004,65.2194,13.550600000000003,25.20415,-29.154149999999998,569.75445,0.0,Low,Zone_001
2026-02-28 05:00:00,4.67,275.4,29.2,66.2,162.83,286.63,4,1,4.43,413.88,94.5,83.14,5,28,2,5,1,0.9659258262890684,0.2588190451025207,-0.99556196460308,0.0941083133185136,449.46,86.93617021276597,20.6881,19.3304,0.3622791794597962,438.83,78.77,457.6466666666667,1161.7399999999996,True,False,False,False,False,False,False,False,False,False,569.75445,-155.87445000000002,65.2194,29.280600000000007,25.20415,57.93585,569.75445,0.0,Low,Zone_001
2026-02-28 14:00:00,4.08,32.7,31.2,44.4,262.76,311.83,17,1,2.8,565.77,29.73,-7.46,14,28,2,5,1,-0.4999999999999997,-0.8660254037844388,0.540240320477655,0.8415107819453062,574.5899999999999,125.45633187772924,11.424,13.8528,0.4572999878174003,413.88,94.5,452.33,1037.7666666666664,True,False,False,False,False,False,False,False,False,False,569.75445,-3.984450000000038,65.2194,-35.48939999999999,25.20415,-32.66415,569.75445,0.0,Moderate,Zone_001
2026-02-28 19:00:00,6.0,213.3,23.6,54.9,408.64,1197.42,3,0,3.34,581.35,114.5,-26.6,19,28,2,5,1,-0.9659258262890684,0.2588190451025203,-0.5490228179981318,-0.8358073613682702,1606.06,247.08615384615385,20.04,12.9564,0.2544363224288009,565.77,29.73,472.82666666666665,691.2166666666662,True,False,False,False,False,False,False,False,False,False,569.75445,11.595550000000003,65.2194,49.28060000000001,25.20415,-51.80415,569.75445,0.0,High,Zone_001
2026-03-01 00:00:00,3.58,3.3,20.5,93.2,223.27,325.3,-21,0,3.78,597.93,111.74,79.17,0,1,3,6,1,0.0,1.0,0.0575640269595672,0.9983418166140284,548.57,134.45343137254903,13.5324,19.106,0.4070036640720418,581.35,114.5,520.3333333333334,876.7033333333329,True,False,False,False,False,False,False,False,False,False,569.75445,28.17554999999993,65.2194,46.5206,25.20415,53.96585,569.75445,0.0,High,Zone_001
2026-03-02 09:00:00,2.66,58.4,20.2,59.9,448.11,553.16,-4,0,4.44,410.06,65.91,-29.05,9,2,3,0,0,0.7071067811865476,-0.7071067811865475,0.8517269341430477,0.5239859059700791,1001.27,316.85759493670884,11.8104,12.0998,0.4475416221398823,597.93,111.74,581.6833333333333,909.7399999999996,True,False,False,False,False,False,False,False,False,False,569.75445,-159.69445000000002,65.2194,0.6906000000000034,25.20415,-54.254149999999996,569.75445,0.0,Low,Zone_001
2026-03-02 19:00:00,4.52,95.3,16.6,55.8,377.28,200.8,1,0,4.9,551.99,107.4,-21.27,19,2,3,0,0,-0.9659258262890684,0.2588190451025203,0.995724698184582,-0.0923705874465615,578.0799999999999,115.15537848605577,22.148,9.2628,0.6526432327705508,410.06,65.91,529.78,1051.9666666666665,True,False,False,False,False,False,False,False,False,False,569.75445,-17.76445000000001,65.2194,42.18060000000001,25.20415,-46.474149999999995,569.75445,0.0,Moderate,Zone_001
2026-03-03 00:00:00,7.69,159.5,28.0,85.8,57.44,887.44,21,1,1.42,457.29,108.17,77.46,0,3,3,1,0,0.0,1.0,0.3502073812594675,-0.9366721892483976,944.88,115.36996336996336,10.9198,24.024,0.0607907882482431,551.99,107.4,519.9933333333333,709.3066666666664,True,False,False,False,False,False,False,False,False,False,569.75445,-112.46445,65.2194,42.95060000000001,25.20415,52.255849999999995,569.75445,0.0,Low,Zone_001
2026-03-03 22:00:00,10.28,173.9,33.7,63.7,201.52,685.33,-20,0,2.62,663.04,75.76,-31.27,22,3,3,1,0,-0.5000000000000004,0.8660254037844384,0.1062640713362333,-0.9943379441332046,886.85,82.26808905380335,26.9336,21.4669,0.2272312115915882,457.29,108.17,473.1133333333334,841.4099999999997,True,False,False,False,False,False,False,False,False,False,569.75445,93.28554999999994,65.2194,10.540600000000012,25.20415,-56.474149999999995,569.75445,0.0,Severe,Zone_001
2026-03-04 00:00:00,7.87,136.2,22.4,63.4,154.84,526.07,-11,0,4.27,732.59,75.51,4.23,0,4,3,2,0,0.0,1.0,0.6921431738704068,-0.7217602280983622,680.9100000000001,81.35125448028674,33.604899999999994,14.2016,0.2274015655519818,663.04,75.76,557.44,803.2699999999996,True,False,False,False,False,False,False,False,False,False,569.75445,162.83555,65.2194,10.290600000000012,25.20415,-20.974149999999998,569.75445,0.0,Severe,Zone_001
2026-01-01 16:00:00,10.27,106.1,19.2,90.3,284.57,245.12,16,0,0.95,618.76,97.35,63.7,16,1,1,3,0,-0.8660254037844384,-0.5000000000000004,0.9607791541575942,-0.2773146533023776,529.69,49.18198700092852,9.7565,17.3376,0.5372387622949272,574.7535294117647,62.639558823529406,573.8565073529412,933.8560171568628,False,True,False,False,False,False,False,False,False,False,569.75445,49.00554999999997,65.2194,32.1306,25.20415,38.495850000000004,569.75445,0.0,High,Zone_002
2026-01-01 19:00:00,11.58,90.8,12.8,45.4,194.66,480.14,-25,1,1.65,460.71,43.0,92.24,19,1,1,3,0,-0.9659258262890684,0.2588190451025203,0.9999025240093042,-0.0139621803391452,674.8,55.86092715231788,19.107,5.8112,0.2884706579727327,618.76,97.35,618.76,529.69,False,True,False,False,False,False,False,False,False,False,569.75445,-109.04445000000004,65.2194,-22.219399999999993,25.20415,67.03585,569.75445,0.0,Low,Zone_002
2026-01-02 14:00:00,10.83,286.4,13.3,44.3,484.26,642.79,-5,0,3.24,632.34,54.53,65.83,14,2,1,4,0,-0.4999999999999997,-0.8660254037844388,-0.9593139745400576,0.2823414568428762,1127.05,99.4748455428067,35.089200000000005,5.8919,0.429670378421543,460.71,43.0,539.735,602.245,False,True,False,False,False,False,False,False,False,False,569.75445,62.58555000000001,65.2194,-10.689399999999992,25.20415,40.62585,569.75445,0.0,High,Zone_002
2026-01-02 17:00:00,8.9,231.6,34.3,77.1,295.52,551.54,-12,1,3.93,505.14,83.86,63.56,17,2,1,4,0,-0.9659258262890684,-0.2588190451025206,-0.7836934573258396,-0.6211477802783105,847.06,90.1127659574468,34.977000000000004,26.4453,0.3488772932259816,632.34,54.53,570.6033333333334,777.18,False,True,False,False,False,False,False,False,False,False,569.75445,-64.61445000000003,65.2194,18.640600000000006,25.20415,38.355850000000004,569.75445,0.0,Moderate,Zone_002
2026-01-02 22:00:00,8.57,295.7,10.2,41.4,280.67,881.16,24,0,0.17,579.18,98.6,-19.68,22,2,1,4,0,-0.5000000000000004,0.8660254037844384,-0.9010770213220918,0.4336590845875438,1161.83,128.09592061742006,1.4569,4.222799999999999,0.2415757899176299,505.14,83.86,532.73,882.9699999999999,False,True,False,False,False,False,False,False,False,False,569.75445,9.42554999999993,65.2194,33.3806,25.20415,-44.88415,569.75445,0.0,High,Zone_002
2026-01-03 05:00:00,9.32,95.8,31.7,35.2,199.7,808.84,-22,0,4.08,629.95,103.27,52.58,5,3,1,5,1,0.9659258262890684,0.2588190451025207,0.9948807088287882,-0.1010562971829462,1008.54,102.70264765784114,38.0256,11.158400000000002,0.1980090031134114,579.18,98.6,572.2199999999999,1045.3133333333333,False,True,False,False,False,False,False,False,False,False,569.75445,60.195550000000026,65.2194,38.0506,25.20415,27.37585,569.75445,0.0,High,Zone_002
2026-01-03 08:00:00,8.27,320.8,30.5,69.0,295.74,454.57,-19,0,4.52,516.41,102.94,1.07,8,3,1,5,1,0.8660254037844387,-0.4999999999999998,-0.6320293026648511,0.7749444887041794,750.31,85.55416191562144,37.3804,21.045,0.3941570817395477,629.95,103.27,571.4233333333333,1005.81,False,True,False,False,False,False,False,False,False,False,569.75445,-53.34445000000005,65.2194,37.720600000000005,25.20415,-24.134149999999998,569.75445,0.0,Moderate,Zone_002
2026-01-03 14:00:00,3.39,242.7,26.7,39.7,122.03,106.15,21,0,4.27,591.23,14.54,49.85,14,3,1,5,1,-0.4999999999999997,-0.8660254037844388,-0.8886172326549489,-0.4586495544843148,228.18,58.65809768637532,14.4753,10.5999,0.5347970900166535,516.41,102.94,575.18,973.56,False,True,False,False,False,False,False,False,False,False,569.75445,21.47555,65.2194,-50.679399999999994,25.20415,24.645850000000003,569.75445,0.0,High,Zone_002
2026-01-03 16:00:00,7.22,354.8,14.1,38.0,492.87,368.47,-12,0,3.94,505.95,25.95,-4.64,16,3,1,5,1,-0.8660254037844384,-0.5000000000000004,-0.09063258019778,0.9958843986159704,861.34,111.57253886010363,28.4468,5.358,0.5722130633663826,591.23,14.54,579.1966666666667,662.3433333333334,False,True,False,False,False,False,False,False,False,False,569.75445,-63.80445000000003,65.2194,-39.26939999999999,25.20415,-29.84415,569.75445,0.0,Moderate,Zone_002
2026-01-04 00:00:00,11.97,227.0,11.3,45.0,314.55,991.23,-23,0,1.44,624.36,44.69,-40.88,0,4,1,6,1,0.0,1.0,-0.7313537016191705,-0.6819983600624986,1305.78,104.71371291098636,17.2368,5.085000000000001,0.240890502228553,505.95,25.95,537.8633333333333,613.2766666666666,False,True,False,False,False,False,False,False,False,False,569.75445,54.605549999999994,65.2194,-20.529399999999995,25.20415,-66.08415,569.75445,0.0,High,Zone_002
2026-01-05 04:00:00,6.85,6.1,15.2,66.8,99.05,833.19,9,0,4.77,483.16,54.04,35.7,4,5,1,0,0,0.8660254037844386,0.5000000000000001,0.1062640713362332,0.9943379441332046,932.24,126.83537414965988,32.674499999999995,10.1536,0.1062494636574272,624.36,44.69,573.8466666666667,798.4333333333334,False,True,False,False,False,False,False,False,False,False,569.75445,-86.59445,65.2194,-11.179399999999994,25.20415,10.495850000000004,569.75445,0.0,Moderate,Zone_002
2026-01-06 14:00:00,5.16,334.4,21.1,67.5,367.52,932.29,12,1,0.56,447.92,74.24,45.38,14,6,1,1,0,-0.4999999999999997,-0.8660254037844388,-0.4320857488019831,0.9018325264051136,1299.81,229.6484098939929,2.8896,14.2425,0.282749017164047,483.16,54.04,537.8233333333334,1033.12,False,True,False,False,False,False,False,False,False,False,569.75445,-121.83445,65.2194,9.020600000000002,25.20415,20.175850000000004,569.75445,0.0,Low,Zone_002
2026-01-08 01:00:00,11.52,311.0,23.6,74.8,419.5,933.42,29,0,3.17,417.79,92.23,96.62,1,8,1,3,0,0.2588190451025207,0.9659258262890684,-0.7547095802227722,0.656059028990507,1352.92,112.55574043261232,36.5184,17.6528,0.3100700706619755,447.92,74.24,518.48,1179.2766666666666,False,True,False,False,False,False,False,False,False,False,569.75445,-151.96445,65.2194,27.01060000000001,25.20415,71.41585,569.75445,0.0,Low,Zone_002
2026-01-08 09:00:00,7.45,186.5,21.3,83.1,449.49,116.31,-28,0,2.7,450.82,110.45,-37.6,9,8,1,3,0,0.7071067811865476,-0.7071067811865475,-0.1132032137679066,-0.9935718556765876,565.8,71.1698113207547,20.115,17.7003,0.7944326617179216,417.79,92.23,449.6233333333334,1194.99,False,True,False,False,False,False,False,False,False,False,569.75445,-118.93445000000003,65.2194,45.23060000000001,25.20415,-62.80415,569.75445,0.0,Low,Zone_002
2026-01-08 10:00:00,9.28,2.7,23.5,86.0,480.95,990.01,-8,0,2.89,502.17,13.27,45.22,10,8,1,3,0,0.4999999999999999,-0.8660254037844387,0.0471064507096426,0.99888987496197,1470.96,150.40490797546013,26.8192,20.21,0.326963343666721,450.82,110.45,438.8433333333333,1072.8433333333332,False,True,False,False,False,False,False,False,False,False,569.75445,-67.58445,65.2194,-51.9494,25.20415,20.01585,569.75445,0.0,Moderate,Zone_002
2026-01-08 17:00:00,2.62,211.8,32.5,52.8,322.84,792.64,-2,0,4.19,532.54,90.49,95.99,17,8,1,3,0,-0.9659258262890684,-0.2588190451025206,-0.5269557954966775,-0.849892692986864,1115.48,357.525641025641,10.977800000000002,17.16,0.2894180083910065,502.17,13.27,456.9266666666667,1129.8933333333334,False,True,False,False,False,False,False,False,False,False,569.75445,-37.214450000000056,65.2194,25.2706,25.20415,70.78585,569.75445,0.0,Moderate,Zone_002
2026-01-09 06:00:00,7.1,129.1,34.7,32.2,164.4,286.7,-23,1,2.59,460.36,46.08,33.2,6,9,1,4,0,1.0,6.123233995736766e-17,0.7760464070665462,-0.6306758074312859,451.1,59.35526315789474,18.389,11.1734,0.3644424739525604,532.54,90.49,495.1766666666667,1050.746666666667,False,True,False,False,False,False,False,False,False,False,569.75445,-109.39445,65.2194,-19.139399999999995,25.20415,7.995850000000004,569.75445,0.0,Low,Zone_002
2026-01-10 02:00:00,3.33,46.6,24.3,80.7,121.48,849.29,18,1,2.99,507.11,118.97,-3.62,2,10,1,5,1,0.4999999999999999,0.8660254037844387,0.7265746709709759,0.687087510804423,970.77,253.46475195822453,9.9567,19.610100000000003,0.1251377772283857,460.36,46.08,498.35666666666674,1012.5133333333332,False,True,False,False,False,False,False,False,False,False,569.75445,-62.644450000000006,65.2194,53.750600000000006,25.20415,-28.82415,569.75445,0.0,Moderate,Zone_002
2026-01-10 07:00:00,2.14,280.1,34.3,70.9,315.77,625.67,11,0,3.92,424.27,13.16,29.51,7,10,1,5,1,0.9659258262890684,-0.2588190451025206,-0.9845031799744366,0.1753667260919875,941.44,356.60606060606057,8.3888,24.3187,0.335411709721278,507.11,118.97,500.0033333333333,845.7833333333333,False,True,False,False,False,False,False,False,False,False,569.75445,-145.48445000000004,65.2194,-52.0594,25.20415,4.305850000000003,569.75445,0.0,Low,Zone_002
2026-01-10 16:00:00,5.28,354.4,17.6,63.4,364.01,1061.46,30,0,2.51,710.11,92.02,85.48,16,10,1,5,1,-0.8660254037844384,-0.5000000000000004,-0.0975828997591498,0.9952273999818312,1425.47,246.621107266436,13.2528,11.158400000000002,0.2553613895767712,424.27,13.16,463.91333333333336,787.77,False,True,False,False,False,False,False,False,False,False,569.75445,140.35555,65.2194,26.800600000000003,25.20415,60.275850000000005,569.75445,0.0,Severe,Zone_002
2026-01-11 19:00:00,5.09,316.6,26.1,90.4,487.79,1045.48,14,1,3.78,732.33,27.8,-22.16,19,11,1,6,1,-0.9659258262890684,0.2588190451025203,-0.6870875108044225,0.7265746709709764,1533.27,274.2880143112701,19.2402,23.5944,0.3181370534869919,710.11,92.02,547.1633333333333,1112.5600000000002,False,True,False,False,False,False,False,False,False,False,569.75445,162.57555000000002,65.2194,-37.419399999999996,25.20415,-47.364149999999995,569.75445,0.0,Severe,Zone_002
2026-01-11 20:00:00,5.21,347.6,18.5,49.7,170.0,1117.07,-13,1,2.87,611.16,92.57,73.59,20,11,1,6,1,-0.8660254037844386,0.5000000000000001,-0.2147353271670632,0.976672278334168,1287.07,225.4063047285464,14.9527,9.1945,0.1320829480914014,732.33,27.8,622.2366666666667,1300.0600000000002,False,True,False,False,False,False,False,False,False,False,569.75445,41.40554999999995,65.2194,27.3506,25.20415,48.385850000000005,569.75445,0.0,High,Zone_002
2026-01-11 21:00:00,11.75,123.0,27.7,86.2,372.24,1008.88,17,1,0.24,716.1,36.93,-22.97,21,11,1,6,1,-0.7071067811865477,0.7071067811865474,0.8386705679454239,-0.5446390350150271,1381.12,112.74448979591835,2.82,23.8774,0.2695203892493049,611.16,92.57,684.5333333333334,1415.2699999999998,False,True,False,False,False,False,False,False,False,False,569.75445,146.34555,65.2194,-28.289399999999993,25.20415,-48.17415,569.75445,0.0,Severe,Zone_002
2026-01-12 22:00:00,10.93,284.9,30.4,37.6,307.44,204.49,-12,1,4.81,577.41,21.42,78.01,22,12,1,0,0,-0.5000000000000004,0.8660254037844384,-0.9663760793213294,0.2571327931546958,511.93,44.78827646544182,52.5733,11.4304,0.6005508565624206,716.1,36.93,686.5300000000001,1400.4866666666665,False,True,False,False,False,False,False,False,False,False,569.75445,7.655549999999948,65.2194,-43.79939999999999,25.20415,52.80585000000001,569.75445,0.0,High,Zone_002
2026-01-13 23:00:00,7.52,246.4,12.0,63.5,124.95,105.11,27,0,4.71,650.26,19.82,41.05,23,13,1,1,0,-0.2588190451025215,0.965925826289068,-0.9163627295622396,-0.4003490325568952,230.06,28.685785536159603,35.4192,7.62,0.5431191862992263,577.41,21.42,634.89,1060.04,False,True,False,False,False,False,False,False,False,False,569.75445,80.50554999999997,65.2194,-45.39939999999999,25.20415,15.845849999999999,569.75445,0.0,High,Zone_002
2026-01-14 07:00:00,0.57,220.7,13.2,58.3,193.1,951.05,-15,0,3.95,551.69,95.1,-28.42,7,14,1,2,0,0.9659258262890684,-0.2588190451025206,-0.6520984038303919,-0.7581343361976525,1144.15,1069.2990654205607,2.2515,7.6956,0.1687715771533453,650.26,19.82,647.9233333333333,707.7033333333333,False,True,False,False,False,False,False,False,False,False,569.75445,-18.064449999999965,65.2194,29.8806,25.20415,-53.62415,569.75445,0.0,Moderate,Zone_002
2026-01-14 10:00:00,8.95,186.6,20.4,49.6,253.85,571.63,-17,1,4.4,504.42,52.82,75.58,10,14,1,2,0,0.4999999999999999,-0.8660254037844387,-0.1149371504928664,-0.9933727656003964,825.48,87.35238095238095,39.38,10.1184,0.3075180501041818,551.69,95.1,593.12,628.7133333333333,False,True,False,False,False,False,False,False,False,False,569.75445,-65.33445,65.2194,-12.399399999999993,25.20415,50.37585,569.75445,0.0,Moderate,Zone_002
2026-01-14 12:00:00,7.23,225.7,25.2,62.4,370.86,593.85,-29,0,1.43,483.83,20.06,40.89,12,14,1,2,0,1.2246467991473532e-16,-1.0,-0.7156927337037355,-0.6984152854310062,964.71,124.80077619663648,10.3389,15.7248,0.3844264079360637,504.42,52.82,568.7900000000001,733.2299999999999,False,True,False,False,False,False,False,False,False,False,569.75445,-85.92445000000004,65.2194,-45.15939999999999,25.20415,15.685850000000002,569.75445,0.0,Moderate,Zone_002
2026-01-15 00:00:00,10.41,150.5,19.2,47.7,290.39,540.24,-24,0,3.5,608.87,30.76,84.62,0,15,1,3,0,0.0,1.0,0.4924235601034671,-0.8703556959398997,830.63,76.13473877176902,36.435,9.1584,0.3496021092423823,483.83,20.06,513.3133333333334,978.1133333333332,False,True,False,False,False,False,False,False,False,False,569.75445,39.115549999999985,65.2194,-34.45939999999999,25.20415,59.415850000000006,569.75445,0.0,High,Zone_002
2026-01-15 12:00:00,3.34,284.0,15.6,53.7,478.9,932.71,-29,1,3.56,590.21,56.59,83.35,12,15,1,3,0,1.2246467991473532e-16,-1.0,-0.9702957262759966,0.2419218955996674,1411.61,367.60677083333337,11.8904,8.3772,0.3392580103569682,608.87,30.76,532.3733333333333,873.6066666666667,False,True,False,False,False,False,False,False,False,False,569.75445,20.455550000000017,65.2194,-8.62939999999999,25.20415,58.145849999999996,569.75445,0.0,High,Zone_002
2026-01-15 13:00:00,4.02,84.1,22.5,84.2,74.36,698.28,-11,1,1.91,604.69,27.72,62.9,13,15,1,3,0,-0.2588190451025208,-0.9659258262890684,0.9947028171171742,0.1027925367872469,772.64,170.93805309734515,7.678199999999999,18.945,0.0962414578587699,590.21,56.59,560.9699999999999,1068.9833333333331,False,True,False,False,False,False,False,False,False,False,569.75445,34.935550000000035,65.2194,-37.499399999999994,25.20415,37.69585,569.75445,0.0,High,Zone_002
2026-01-16 17:00:00,3.8,120.0,26.6,85.4,481.21,972.29,-4,1,1.49,608.73,11.01,-38.71,17,16,1,4,0,-0.9659258262890684,-0.2588190451025206,0.8660254037844387,-0.4999999999999998,1453.5,338.0232558139535,5.662,22.716400000000004,0.3310698314413484,604.69,27.72,601.2566666666667,1004.96,False,True,False,False,False,False,False,False,False,False,569.75445,38.97555,65.2194,-54.209399999999995,25.20415,-63.91415,569.75445,0.0,High,Zone_002
2026-01-17 12:00:00,11.25,161.0,26.8,52.0,234.43,739.01,-29,1,0.47,448.92,90.34,-30.18,12,17,1,5,1,1.2246467991473532e-16,-1.0,0.3255681544571566,-0.9455185755993168,973.44,82.84595744680851,5.2875,13.936000000000002,0.2408263477975016,608.73,11.01,601.21,1212.5833333333333,False,True,False,False,False,False,False,False,False,False,569.75445,-120.83445,65.2194,25.12060000000001,25.20415,-55.38415,569.75445,0.0,Low,Zone_002
2026-01-18 21:00:00,1.75,196.1,19.9,60.0,206.72,1002.07,-14,1,0.62,552.98,57.5,-37.02,21,18,1,6,1,-0.7071067811865477,0.7071067811865474,-0.2773146533023775,-0.9607791541575942,1208.79,537.24,1.085,11.94,0.1710139891958073,448.92,90.34,554.1133333333333,1066.5266666666666,False,True,False,False,False,False,False,False,False,False,569.75445,-16.77445,65.2194,-7.719399999999993,25.20415,-62.22415,569.75445,0.0,Moderate,Zone_002
2026-01-19 09:00:00,8.35,283.2,26.3,92.5,344.12,1115.46,2,1,1.22,543.56,37.14,48.94,9,19,1,0,0,0.7071067811865476,-0.7071067811865475,-0.9735789028731604,0.2283508701106554,1459.58,164.92429378531074,10.187,24.3275,0.2357664533632963,552.98,57.5,536.8766666666667,1211.91,False,True,False,False,False,False,False,False,False,False,569.75445,-26.194450000000074,65.2194,-28.079399999999993,25.20415,23.73585,569.75445,0.0,Moderate,Zone_002
2026-01-19 13:00:00,6.37,102.5,28.8,91.8,286.11,609.86,6,1,1.7,535.74,91.1,58.18,13,19,1,0,0,-0.2588190451025208,-0.9659258262890684,0.9762960071199334,-0.2164396139381028,895.97,130.41775836972343,10.829,26.4384,0.3193298882775093,543.56,37.14,515.1533333333333,1213.9366666666667,False,True,False,False,False,False,False,False,False,False,569.75445,-34.01445000000001,65.2194,25.8806,25.20415,32.97585,569.75445,0.0,Moderate,Zone_002
2026-01-20 00:00:00,11.38,167.9,21.3,56.3,307.34,761.5,16,1,2.75,655.76,73.13,65.3,0,20,1,1,0,0.0,1.0,0.2096185629038216,-0.9777832367586062,1068.84,89.96969696969695,31.295,11.9919,0.2875453762957973,535.74,91.1,544.0933333333332,1188.1133333333337,False,True,False,False,False,False,False,False,False,False,569.75445,86.00554999999997,65.2194,7.910600000000002,25.20415,40.09585,569.75445,0.0,Severe,Zone_002
2026-01-20 02:00:00,10.37,39.0,21.0,92.5,263.84,837.2,-19,0,1.44,576.6,75.43,12.04,2,20,1,1,0,0.4999999999999999,0.8660254037844387,0.6293203910498374,0.7771459614569709,1101.04,101.29162833486662,14.9328,19.425,0.2396279880839933,655.76,73.13,578.3533333333334,1141.4633333333334,False,True,False,False,False,False,False,False,False,False,569.75445,6.845550000000003,65.2194,10.210600000000014,25.20415,-13.16415,569.75445,0.0,High,Zone_002
2026-01-20 11:00:00,8.75,194.5,13.7,62.3,422.13,636.18,-21,0,1.28,489.02,94.84,35.65,11,20,1,1,0,0.258819045102521,-0.9659258262890682,-0.2503800040544415,-0.9681476403781076,1058.31,114.41189189189188,11.2,8.535099999999998,0.3988717861496159,576.6,75.43,589.3666666666667,1021.95,False,True,False,False,False,False,False,False,False,False,569.75445,-80.73445000000004,65.2194,29.62060000000001,25.20415,10.44585,569.75445,0.0,Moderate,Zone_002
2026-01-20 18:00:00,2.68,49.0,21.9,72.9,250.75,530.86,26,0,1.68,688.36,60.2,-19.26,18,20,1,1,0,-1.0,-1.8369701987210294e-16,0.754709580222772,0.6560590289905073,781.61,245.78930817610063,4.5024,15.9651,0.3208121697521782,489.02,94.84,573.7933333333333,1076.0633333333333,False,True,False,False,False,False,False,False,False,False,569.75445,118.60555,65.2194,-5.01939999999999,25.20415,-44.464150000000004,569.75445,0.0,Severe,Zone_002
2026-01-21 09:00:00,1.79,301.1,23.2,34.9,131.68,1186.78,9,1,1.06,468.65,66.9,18.63,9,21,1,2,0,0.7071067811865476,-0.7071067811865475,-0.8562670846003279,0.5165333288666425,1318.46,575.7467248908297,1.8974,8.0968,0.0998740955357007,688.36,60.2,584.66,980.32,False,True,False,False,False,False,False,False,False,False,569.75445,-101.10445000000004,65.2194,1.6806000000000125,25.20415,-6.5741499999999995,569.75445,0.0,Low,Zone_002
2026-01-23 07:00:00,11.09,54.5,34.6,38.3,159.05,461.19,4,0,3.63,684.25,19.33,-43.91,7,23,1,4,0,0.9659258262890684,-0.2588190451025206,0.8141155183563192,0.5807029557109398,620.24,53.51509922346851,40.2567,13.2518,0.2564329936798659,468.65,66.9,548.6766666666666,1052.7933333333333,False,True,False,False,False,False,False,False,False,False,569.75445,114.49554999999998,65.2194,-45.889399999999995,25.20415,-69.11415,569.75445,0.0,Severe,Zone_002
2026-01-23 17:00:00,2.43,140.5,23.6,77.9,335.3,398.4,3,0,1.46,491.81,80.84,-3.97,17,23,1,4,0,-0.9659258262890684,-0.2588190451025206,0.6360782202777638,-0.7716245833877201,733.7,250.4095563139932,3.5478,18.384400000000003,0.4569987733406024,684.25,19.33,613.7533333333332,906.77,False,True,False,False,False,False,False,False,False,False,569.75445,-77.94445000000002,65.2194,15.62060000000001,25.20415,-29.174149999999997,569.75445,0.0,Moderate,Zone_002
2026-01-23 19:00:00,1.28,328.1,13.5,38.0,433.56,1174.91,-15,1,2.06,613.57,118.42,62.4,19,23,1,4,0,-0.9659258262890684,0.2588190451025203,-0.5284383347223466,0.8489716876291419,1608.47,903.634831460674,2.6368,5.13,0.2695480798522819,491.81,80.84,548.2366666666666,890.8000000000001,False,True,False,False,False,False,False,False,False,False,569.75445,43.81555000000003,65.2194,53.20060000000001,25.20415,37.19585,569.75445,0.0,High,Zone_002
2026-01-24 18:00:00,10.41,144.1,16.2,80.1,119.33,977.24,-28,1,1.94,733.24,49.96,44.26,18,24,1,5,1,-1.0,-1.8369701987210294e-16,0.5863723567357895,-0.8100416404457959,1096.57,100.51054078826763,20.1954,12.9762,0.1088211422891379,613.57,118.42,596.5433333333334,987.47,False,True,False,False,False,False,False,False,False,False,569.75445,163.48555,65.2194,-15.259399999999992,25.20415,19.05585,569.75445,0.0,Severe,Zone_002
2026-01-25 20:00:00,1.28,297.7,21.4,57.2,481.57,636.59,-22,0,2.18,590.18,13.31,-5.76,20,25,1,6,1,-0.8660254037844386,0.5000000000000001,-0.8853936257544159,0.4648420457246195,1118.16,628.1797752808989,2.7904000000000004,12.2408,0.430680761250626,733.24,49.96,612.8733333333333,1146.246666666667,False,True,False,False,False,False,False,False,False,False,569.75445,20.42554999999993,65.2194,-51.90939999999999,25.20415,-30.964149999999997,569.75445,0.0,High,Zone_002
2026-01-26 17:00:00,1.31,159.4,13.1,62.2,426.76,748.46,-2,1,1.44,615.3,111.16,64.36,17,26,1,0,0,-0.9659258262890684,-0.2588190451025206,0.3518416484047018,-0.9360595357389732,1175.22,649.292817679558,1.8864,8.148200000000001,0.3631320093259134,590.18,13.31,645.6633333333333,1274.4,False,True,False,False,False,False,False,False,False,False,569.75445,45.545549999999935,65.2194,45.9406,25.20415,39.15585,569.75445,0.0,High,Zone_002
2026-01-27 05:00:00,6.39,97.0,20.8,53.9,424.94,445.27,-4,0,1.44,527.03,83.49,87.61,5,27,1,1,0,0.9659258262890684,0.2588190451025207,0.992546151641322,-0.1218693434051473,870.21,126.30043541364296,9.2016,11.211200000000002,0.4883189115271026,615.3,111.16,646.2399999999999,1129.9833333333331,False,True,False,False,False,False,False,False,False,False,569.75445,-42.72445000000005,65.2194,18.2706,25.20415,62.40585,569.75445,0.0,Moderate,Zone_002
2026-01-27 09:00:00,9.93,207.8,33.5,54.0,365.14,306.99,-8,0,2.84,459.23,94.83,-25.76,9,27,1,1,0,0.7071067811865476,-0.7071067811865475,-0.4663866403398914,-0.8845809752150838,672.13,64.44199424736338,28.2012,18.09,0.5432580006843915,527.03,83.49,577.5033333333332,1054.53,False,True,False,False,False,False,False,False,False,False,569.75445,-110.52445,65.2194,29.610600000000005,25.20415,-50.964150000000004,569.75445,0.0,Low,Zone_002
2026-01-27 12:00:00,3.77,222.5,18.9,43.6,272.32,574.87,0,0,0.84,674.78,65.35,51.16,12,27,1,1,0,1.2246467991473532e-16,-1.0,-0.6755902076156601,-0.7372773368101241,847.19,198.4051522248244,3.1668,8.2404,0.3214391104710867,459.23,94.83,533.8533333333334,905.8533333333334,False,True,False,False,False,False,False,False,False,False,569.75445,105.02554999999995,65.2194,0.13060000000000116,25.20415,25.955849999999998,569.75445,0.0,Severe,Zone_002
2026-01-27 19:00:00,2.43,147.1,18.4,43.5,466.14,223.87,-3,0,2.8,528.86,92.83,3.56,19,27,1,1,0,-0.9659258262890684,0.2588190451025203,0.543174449950671,-0.8396198645344131,690.01,235.49829351535837,6.804,8.004,0.6755554267329459,674.78,65.35,553.68,796.5100000000001,False,True,False,False,False,False,False,False,False,False,569.75445,-40.894450000000006,65.2194,27.610600000000005,25.20415,-21.64415,569.75445,0.0,Moderate,Zone_002
2026-01-28 03:00:00,1.51,268.1,21.4,43.7,484.88,216.13,-21,1,1.58,613.11,14.97,41.06,3,28,1,2,0,0.7071067811865475,0.7071067811865476,-0.9994502159417572,-0.0331551783885261,701.01,348.7611940298508,2.3858,9.3518,0.691687707735981,528.86,92.83,554.29,736.4433333333333,False,True,False,False,False,False,False,False,False,False,569.75445,43.355549999999994,65.2194,-50.249399999999994,25.20415,15.855850000000004,569.75445,0.0,High,Zone_002
2026-01-29 08:00:00,4.11,164.0,17.9,48.5,88.61,769.56,19,1,0.79,404.14,70.43,-0.5,8,29,1,3,0,0.8660254037844387,-0.4999999999999998,0.2756373558169992,-0.9612616959383188,858.17,186.15401301518435,3.246900000000001,8.6815,0.1032545999044478,613.11,14.97,605.5833333333334,746.07,False,True,False,False,False,False,False,False,False,False,569.75445,-165.61445000000003,65.2194,5.210600000000014,25.20415,-25.70415,569.75445,0.0,Low,Zone_002
2026-01-29 13:00:00,9.87,298.9,10.2,67.8,215.88,1024.98,-15,0,4.63,451.18,67.95,65.01,13,29,1,3,0,-0.2588190451025208,-0.9659258262890684,-0.8754645270000181,0.4832823832550019,1240.86,119.65863066538093,45.6981,6.9156,0.1739761133407475,404.14,70.43,515.37,749.7299999999999,False,True,False,False,False,False,False,False,False,False,569.75445,-118.57445000000001,65.2194,2.7306000000000097,25.20415,39.80585000000001,569.75445,0.0,Low,Zone_002
2026-01-29 17:00:00,3.23,328.4,32.3,86.8,176.4,413.28,26,0,0.28,425.71,77.49,-24.18,17,29,1,3,0,-0.9659258262890684,-0.2588190451025206,-0.5239859059700797,0.8517269341430473,589.68,158.0911528150134,0.9044,28.0364,0.2991452991452992,451.18,67.95,489.4766666666667,933.3466666666668,False,True,False,False,False,False,False,False,False,False,569.75445,-144.04445000000004,65.2194,12.270600000000002,25.20415,-49.38415,569.75445,0.0,Low,Zone_002
2026-01-30 02:00:00,9.71,10.0,23.7,67.6,224.28,650.83,-12,0,3.18,588.31,37.35,96.28,2,30,1,4,0,0.4999999999999999,0.8660254037844387,0.1736481776669303,0.984807753012208,875.11,85.71106758080313,30.877800000000004,16.0212,0.2562877809646787,425.71,77.49,427.01,896.2366666666667,False,True,False,False,False,False,False,False,False,False,569.75445,18.555549999999926,65.2194,-27.86939999999999,25.20415,71.07585,569.75445,0.0,High,Zone_002
2026-01-30 06:00:00,4.44,200.6,15.3,89.3,74.97,931.28,25,0,2.69,638.24,15.36,-38.91,6,30,1,4,0,1.0,6.123233995736766e-17,-0.3518416484047015,-0.9360595357389734,1006.25,203.69433198380565,11.9436,13.6629,0.0745043478260869,588.31,37.35,488.3999999999999,901.8833333333332,False,True,False,False,False,False,False,False,False,False,569.75445,68.48554999999999,65.2194,-49.859399999999994,25.20415,-64.11415,569.75445,0.0,High,Zone_002
2026-01-30 08:00:00,0.79,100.7,17.9,60.0,418.65,1154.37,-14,0,1.34,683.71,86.9,47.03,8,30,1,4,0,0.8660254037844387,-0.4999999999999998,0.9826127965436152,-0.1856666153855773,1573.02,1219.3953488372092,1.0586000000000002,10.74,0.2661441049700576,638.24,15.36,550.7533333333332,823.68,False,True,False,False,False,False,False,False,False,False,569.75445,113.95555000000002,65.2194,21.680600000000013,25.20415,21.825850000000003,569.75445,0.0,Severe,Zone_002
2026-01-30 09:00:00,8.44,203.4,20.0,65.7,85.95,386.89,-3,1,1.09,626.9,38.7,-24.32,9,30,1,4,0,0.7071067811865476,-0.7071067811865475,-0.3971478906347808,-0.917754625683981,472.84,52.8903803131991,9.1996,13.14,0.1817739615937738,683.71,86.9,636.7533333333332,1151.46,False,True,False,False,False,False,False,False,False,False,569.75445,57.14554999999996,65.2194,-26.51939999999999,25.20415,-49.52415,569.75445,0.0,High,Zone_002
2026-01-30 10:00:00,4.14,31.7,13.8,91.7,434.97,851.02,-13,0,4.12,706.97,90.21,44.61,10,30,1,4,0,0.4999999999999999,-0.8660254037844387,0.5254716510722678,0.8508111094240512,1285.99,277.15301724137936,17.0568,12.6546,0.3382374668543301,626.9,38.7,649.6166666666667,1017.37,False,True,False,False,False,False,False,False,False,False,569.75445,137.21555,65.2194,24.9906,25.20415,19.40585,569.75445,0.0,Severe,Zone_002
2026-01-30 12:00:00,7.51,270.1,30.0,45.3,425.5,829.8,-16,0,3.55,606.47,60.53,-40.27,12,30,1,4,0,1.2246467991473532e-16,-1.0,-0.9999984769132876,0.0017453283658989,1255.3,156.71660424469414,26.6605,13.59,0.3389627977375926,706.97,90.21,672.5266666666668,1110.6166666666666,False,True,False,False,False,False,False,False,False,False,569.75445,36.71555000000001,65.2194,-4.689399999999992,25.20415,-65.47415000000001,569.75445,0.0,High,Zone_002
2026-01-31 08:00:00,6.65,308.4,23.4,79.0,141.11,335.36,-5,0,3.87,749.55,51.11,-41.81,8,31,1,5,1,0.8660254037844387,-0.4999999999999998,-0.7836934573258398,0.6211477802783102,476.47,66.63916083916084,25.7355,18.486,0.296157155749575,606.47,60.53,646.78,1004.71,False,True,False,False,False,False,False,False,False,False,569.75445,179.79554999999993,65.2194,-14.109399999999994,25.20415,-67.01415,569.75445,0.0,Severe,Zone_002
2026-01-31 11:00:00,11.04,152.9,16.1,34.6,84.53,211.24,24,1,1.74,562.6,60.8,-6.91,11,31,1,5,1,0.258819045102521,-0.9659258262890682,0.4555449072335155,-0.8902128046111265,295.77,25.62998266897747,19.2096,5.570600000000001,0.2857963958481253,749.55,51.11,687.6633333333333,1005.92,False,True,False,False,False,False,False,False,False,False,569.75445,-7.154449999999997,65.2194,-4.419399999999996,25.20415,-32.114149999999995,569.75445,0.0,Moderate,Zone_002
2026-02-01 01:00:00,11.07,212.7,14.2,83.9,442.83,810.51,-4,0,4.46,693.37,59.45,31.27,1,1,2,6,1,0.2588190451025207,0.9659258262890684,-0.5402403204776549,-0.8415107819453063,1253.34,108.32670700086427,49.3722,11.913800000000002,0.353319929149313,562.6,60.8,639.54,675.8466666666667,False,True,False,False,False,False,False,False,False,False,569.75445,123.61554999999998,65.2194,-5.76939999999999,25.20415,6.065850000000001,569.75445,0.0,Severe,Zone_002
2026-02-01 07:00:00,4.54,202.4,13.0,49.3,136.42,1150.38,28,1,4.76,491.39,59.82,-49.8,7,1,2,6,1,0.9659258262890684,-0.2588190451025206,-0.3810703763502741,-0.9245460336123132,1286.8000000000002,255.3174603174604,21.6104,6.409,0.1060149207336027,693.37,59.45,668.5066666666667,675.1933333333333,False,True,False,False,False,False,False,False,False,False,569.75445,-78.36445000000003,65.2194,-5.399399999999993,25.20415,-75.00415,569.75445,0.0,Moderate,Zone_002
2026-02-01 16:00:00,9.63,214.3,19.5,60.9,202.77,233.25,21,0,2.36,624.61,114.96,31.59,16,1,2,6,1,-0.8660254037844384,-0.5000000000000004,-0.5635260489375714,-0.8260982944957639,436.02,43.04244817374136,22.7268,11.8755,0.4650474748864731,491.39,59.82,582.4533333333334,945.3033333333332,False,True,False,False,False,False,False,False,False,False,569.75445,54.855549999999994,65.2194,49.7406,25.20415,6.385850000000001,569.75445,0.0,High,Zone_002
2026-02-02 14:00:00,11.62,193.7,16.9,90.2,117.28,339.43,-28,0,2.99,589.85,78.9,72.46,14,2,2,0,0,-0.4999999999999997,-0.8660254037844388,-0.2368381460656183,-0.9715491199976464,456.71,37.68234323432344,34.7438,15.243799999999998,0.2567931510148671,624.61,114.96,603.1233333333333,992.0533333333332,False,True,False,False,False,False,False,False,False,False,569.75445,20.095550000000003,65.2194,13.680600000000013,25.20415,47.255849999999995,569.75445,0.0,High,Zone_002
2026-02-02 21:00:00,8.63,348.8,32.6,43.5,350.76,463.34,-11,1,1.62,529.9,44.31,3.39,21,2,2,0,0,-0.7071067811865477,0.7071067811865474,-0.1942343512199716,0.9809551553491916,814.0999999999999,89.16757940854325,13.980600000000004,14.181,0.4308561601768825,589.85,78.9,568.6166666666667,726.5100000000001,False,True,False,False,False,False,False,False,False,False,569.75445,-39.85445000000004,65.2194,-20.90939999999999,25.20415,-21.814149999999998,569.75445,0.0,Moderate,Zone_002
2026-02-03 20:00:00,1.87,133.9,15.2,62.2,467.02,821.15,-10,1,3.08,585.42,41.5,-5.39,20,3,2,1,0,-0.8660254037844386,0.5000000000000001,0.7205511116803303,-0.6934018282758131,1288.17,543.5316455696203,5.759600000000001,9.4544,0.3625453162237903,529.9,44.31,581.4533333333334,568.9433333333333,False,True,False,False,False,False,False,False,False,False,569.75445,15.66554999999994,65.2194,-23.719399999999993,25.20415,-30.59415,569.75445,0.0,High,Zone_002
2026-02-03 23:00:00,7.37,281.0,12.6,44.0,303.84,1024.08,4,0,3.48,748.07,29.92,-18.79,23,3,2,1,0,-0.2588190451025215,0.965925826289068,-0.981627183447664,0.1908089953765451,1327.9199999999998,168.73189326556542,25.6476,5.544,0.2288089643954455,585.42,41.5,568.39,852.9933333333333,False,True,False,False,False,False,False,False,False,False,569.75445,178.31555000000003,65.2194,-35.29939999999999,25.20415,-43.99415,569.75445,0.0,Severe,Zone_002
2026-02-04 10:00:00,2.4,18.8,31.0,65.4,280.71,453.49,-3,0,1.16,444.66,64.94,-23.75,10,4,2,2,0,0.4999999999999999,-0.8660254037844387,0.3222656952305111,0.9466492601156964,734.2,253.17241379310343,2.784,20.274,0.3823345137564696,748.07,29.92,621.13,1143.3966666666663,False,True,False,False,False,False,False,False,False,False,569.75445,-125.09445,65.2194,-0.27939999999999543,25.20415,-48.95415,569.75445,0.0,Low,Zone_002
2026-02-05 10:00:00,2.41,27.1,29.9,57.2,409.45,264.38,-7,1,2.48,627.98,29.49,61.14,10,5,2,3,0,0.4999999999999999,-0.8660254037844387,0.4555449072335156,0.8902128046111265,673.8299999999999,231.5567010309278,5.9768,17.1028,0.6076458453912709,444.66,64.94,592.7166666666667,1116.763333333333,False,True,False,False,False,False,False,False,False,False,569.75445,58.22555,65.2194,-35.7294,25.20415,35.93585,569.75445,0.0,High,Zone_002
2026-02-05 20:00:00,7.67,178.1,21.3,51.7,215.77,382.42,-10,1,4.32,733.41,49.36,-6.93,20,5,2,3,0,-0.8660254037844386,0.5000000000000001,0.0331551783885265,-0.9994502159417572,598.19,73.21787025703794,33.1344,11.0121,0.3607047927915879,627.98,29.49,606.9033333333333,911.9833333333332,False,True,False,False,False,False,False,False,False,False,569.75445,163.65554999999995,65.2194,-15.859399999999994,25.20415,-32.13415,569.75445,0.0,Severe,Zone_002
2026-02-06 18:00:00,5.96,250.9,22.0,70.4,72.11,897.27,-11,0,2.09,620.17,74.94,93.53,18,6,2,4,0,-1.0,-1.8369701987210294e-16,-0.9449489121575309,-0.3272178989791038,969.38,150.05882352941177,12.4564,15.488,0.0743877529967608,733.41,49.36,602.0166666666668,668.74,False,True,False,False,False,False,False,False,False,False,569.75445,50.41554999999994,65.2194,9.720600000000005,25.20415,68.32585,569.75445,0.0,High,Zone_002
2026-02-07 00:00:00,6.08,28.3,28.3,34.0,215.72,220.7,-15,1,4.58,588.86,41.98,14.66,0,7,2,5,1,0.0,1.0,0.4740882090471163,0.880477353509162,436.42,66.32522796352583,27.8464,9.622,0.4942944869621007,620.17,74.94,660.52,747.1333333333333,False,True,False,False,False,False,False,False,False,False,569.75445,19.105549999999994,65.2194,-23.239399999999996,25.20415,-10.544149999999998,569.75445,0.0,High,Zone_002
2026-02-07 02:00:00,11.68,28.0,30.8,54.7,185.1,753.92,3,0,1.35,573.95,110.22,14.62,2,7,2,5,1,0.4999999999999999,0.8660254037844387,0.4694715627858908,0.882947592858927,939.02,77.0952380952381,15.768,16.847600000000003,0.1971204021213605,588.86,41.98,647.48,667.9966666666667,False,True,False,False,False,False,False,False,False,False,569.75445,4.195550000000026,65.2194,45.000600000000006,25.20415,-10.58415,569.75445,0.0,High,Zone_002
2026-02-07 15:00:00,1.21,17.7,28.2,56.4,302.0,941.57,-7,0,1.65,538.45,26.64,-16.55,15,7,2,5,1,-0.7071067811865471,-0.7071067811865479,0.3040330609254902,0.9526614812535864,1243.5700000000002,727.2339181286551,1.9965,15.9048,0.2428492163690021,573.95,110.22,594.3266666666667,781.6066666666666,False,True,False,False,False,False,False,False,False,False,569.75445,-31.304449999999974,65.2194,-38.57939999999999,25.20415,-41.754149999999996,569.75445,0.0,Moderate,Zone_002
2026-02-07 19:00:00,1.11,108.6,21.1,38.3,407.55,802.57,29,0,1.91,419.3,66.25,87.01,19,7,2,5,1,-0.9659258262890684,0.2588190451025203,0.9477684100095856,-0.3189593092980699,1210.12,751.6273291925467,2.1201000000000003,8.0813,0.3367847816745447,538.45,26.64,567.0866666666667,873.0033333333334,False,True,False,False,False,False,False,False,False,False,569.75445,-150.45445,65.2194,1.0306000000000068,25.20415,61.80585000000001,569.75445,0.0,Low,Zone_002
2026-02-08 14:00:00,11.66,313.0,22.5,75.5,338.73,397.01,3,1,0.81,729.63,100.09,-46.19,14,8,2,6,1,-0.4999999999999997,-0.8660254037844388,-0.7313537016191703,0.6819983600624986,735.74,60.50493421052632,9.4446,16.9875,0.4603936173104629,419.3,66.25,510.56666666666666,1130.9033333333334,False,True,False,False,False,False,False,False,False,False,569.75445,159.87554999999998,65.2194,34.87060000000001,25.20415,-71.39415,569.75445,0.0,Severe,Zone_002
2026-02-09 04:00:00,11.0,294.6,17.1,55.1,58.17,440.75,-14,0,1.33,734.6,67.84,7.49,4,9,2,0,0,0.8660254037844386,0.5000000000000001,-0.9092361090470684,0.4162807922604017,498.92,43.38434782608696,14.63,9.422100000000002,0.1165918383708811,729.63,100.09,562.46,1063.1433333333334,False,True,False,False,False,False,False,False,False,False,569.75445,164.84555,65.2194,2.6206000000000103,25.20415,-17.714149999999997,569.75445,0.0,Severe,Zone_002
2026-02-10 07:00:00,2.82,311.4,30.6,40.5,324.28,297.83,-2,1,2.67,420.39,38.45,75.39,7,10,2,1,0,0.9659258262890684,-0.2588190451025206,-0.75011106963046,0.6613118653236513,622.1099999999999,187.3825301204819,7.529399999999999,12.393,0.5212582983716706,734.6,67.84,627.8433333333334,814.9266666666667,False,True,False,False,False,False,False,False,False,False,569.75445,-149.36445000000003,65.2194,-26.76939999999999,25.20415,50.18585,569.75445,0.0,Low,Zone_002
2026-02-10 21:00:00,11.82,272.4,19.1,78.4,290.28,481.24,3,0,1.73,447.16,64.24,23.57,21,10,2,1,0,-0.7071067811865477,0.7071067811865474,-0.9991228300988584,0.0418756537291995,771.52,62.62337662337662,20.4486,14.974400000000005,0.3762442969722107,420.39,38.45,628.2066666666666,618.9233333333333,False,True,False,False,False,False,False,False,False,False,569.75445,-122.59445,65.2194,-0.9793999999999983,25.20415,-1.6341499999999982,569.75445,0.0,Low,Zone_002
2026-02-11 14:00:00,2.04,311.2,11.7,50.3,408.01,537.2,-25,0,4.37,427.21,87.96,86.43,14,11,2,2,0,-0.4999999999999997,-0.8660254037844388,-0.7524149088957247,0.6586894601186801,945.21,372.12992125984255,8.9148,5.885099999999999,0.4316606891590228,447.16,64.24,534.05,630.85,False,True,False,False,False,False,False,False,False,False,569.75445,-142.54445000000004,65.2194,22.7406,25.20415,61.22585000000001,569.75445,0.0,Low,Zone_002
2026-02-13 14:00:00,8.14,165.5,15.1,39.0,408.19,339.58,26,0,2.3,408.42,33.85,-26.04,14,13,2,4,0,-0.4999999999999997,-0.8660254037844388,0.2503800040544413,-0.9681476403781076,747.77,86.5474537037037,18.722,5.888999999999999,0.5458764058467176,427.21,87.96,431.5866666666666,779.6133333333333,False,True,False,False,False,False,False,False,False,False,569.75445,-161.33445,65.2194,-31.36939999999999,25.20415,-51.24415,569.75445,0.0,Low,Zone_002
2026-02-13 16:00:00,8.56,336.0,29.9,60.5,99.76,791.34,-6,1,1.3,508.74,79.39,22.23,16,13,2,4,0,-0.8660254037844384,-0.5000000000000004,-0.4067366430758001,0.913545457642601,891.1,98.35540838852096,11.128000000000002,18.0895,0.1119515205925261,408.42,33.85,427.5966666666666,821.5,False,True,False,False,False,False,False,False,False,False,569.75445,-61.01445000000001,65.2194,14.170600000000007,25.20415,-2.974149999999998,569.75445,0.0,Moderate,Zone_002
2026-02-13 17:00:00,5.22,124.1,24.8,80.9,332.48,289.92,30,1,2.91,745.48,77.59,-4.31,17,13,2,4,0,-0.9659258262890684,-0.2588190451025206,0.8280603346224945,-0.5606389945632415,622.4000000000001,108.81118881118884,15.1902,20.0632,0.5341902313624678,508.74,79.39,448.1233333333333,861.36,False,True,False,False,False,False,False,False,False,False,569.75445,175.72555,65.2194,12.37060000000001,25.20415,-29.514149999999997,569.75445,0.0,Severe,Zone_002
2026-02-14 08:00:00,5.75,357.4,32.8,32.3,212.49,293.18,-29,1,3.17,492.67,14.29,97.28,8,14,2,5,1,0.8660254037844387,-0.4999999999999998,-0.0453629881292538,0.9989705697907147,505.67,80.9072,18.2275,10.594399999999998,0.4202147645697787,745.48,77.59,554.2133333333333,753.7566666666667,False,True,False,False,False,False,False,False,False,False,569.75445,-77.08445,65.2194,-50.929399999999994,25.20415,72.07585,569.75445,0.0,Moderate,Zone_002
2026-02-15 06:00:00,2.72,40.6,18.6,79.8,117.45,889.47,3,1,4.59,693.82,81.66,42.95,6,15,2,6,1,1.0,6.123233995736766e-17,0.6507742172658509,0.7592713073348808,1006.92,312.7080745341615,12.4848,14.8428,0.1166428316052913,492.67,14.29,582.2966666666666,673.0566666666667,False,True,False,False,False,False,False,False,False,False,569.75445,124.06555000000003,65.2194,16.440600000000003,25.20415,17.745850000000004,569.75445,0.0,Severe,Zone_002
2026-02-15 09:00:00,9.47,59.3,24.7,57.4,101.19,513.76,20,0,2.01,473.3,82.61,15.1,9,15,2,6,1,0.7071067811865476,-0.7071067811865475,0.8598522715968734,0.5105429179116058,614.95,61.680040120361085,19.0347,14.1778,0.1645499634116594,693.82,81.66,643.99,711.6633333333334,False,True,False,False,False,False,False,False,False,False,569.75445,-96.45445000000001,65.2194,17.390600000000006,25.20415,-10.104149999999999,569.75445,0.0,Low,Zone_002
2026-02-15 10:00:00,5.92,154.7,23.0,81.6,112.45,614.62,7,1,0.01,595.05,117.64,96.16,10,15,2,6,1,0.4999999999999999,-0.8660254037844387,0.4273578633871925,-0.9040825496607784,727.07,113.2507788161994,0.0592,18.768,0.1546618619940308,473.3,82.61,553.2633333333333,709.18,False,True,False,False,False,False,False,False,False,False,569.75445,25.295549999999935,65.2194,52.42060000000001,25.20415,70.95585,569.75445,0.0,High,Zone_002
2026-02-15 13:00:00,4.33,163.2,20.6,94.7,321.91,1116.87,19,0,4.34,485.69,77.75,-37.28,13,15,2,6,1,-0.2588190451025208,-0.9659258262890684,0.2890317969444717,-0.9573194975320672,1438.78,297.8840579710145,18.7922,19.5082,0.2237381670582021,595.05,117.64,587.39,782.98,False,True,False,False,False,False,False,False,False,False,569.75445,-84.06445000000002,65.2194,12.530600000000007,25.20415,-62.48415,569.75445,0.0,Moderate,Zone_002
2026-02-16 01:00:00,8.79,198.2,22.8,31.3,368.2,495.15,2,1,0.82,650.73,41.8,-29.06,1,16,2,0,0,0.2588190451025207,0.9659258262890684,-0.3123349185122322,-0.9499720515246526,863.3499999999999,92.93326157158236,7.207799999999999,7.1364,0.4264782533155731,485.69,77.75,518.0133333333333,926.9333333333334,False,True,False,False,False,False,False,False,False,False,569.75445,80.97555,65.2194,-23.419399999999996,25.20415,-54.26415,569.75445,0.0,High,Zone_002
2026-02-16 05:00:00,0.75,114.1,14.7,47.2,378.82,1150.96,3,0,3.62,721.75,35.78,-35.43,5,16,2,0,0,0.9659258262890684,0.2588190451025207,0.9128341772330428,-0.4083304603813849,1529.78,1223.824,2.715,6.938400000000001,0.2476303782243198,650.73,41.8,577.1566666666666,1009.7333333333336,False,True,False,False,False,False,False,False,False,False,569.75445,151.99554999999998,65.2194,-29.439399999999992,25.20415,-60.63415,569.75445,0.0,Severe,Zone_002
2026-02-16 22:00:00,4.36,278.6,21.9,37.4,98.67,416.09,-27,0,2.61,745.95,69.16,-32.52,22,16,2,0,0,-0.5000000000000004,0.8660254037844384,-0.9887563810470058,0.1495353434437097,514.76,105.91769547325102,11.3796,8.1906,0.1916815603387986,721.75,35.78,619.39,1277.3033333333333,False,True,False,False,False,False,False,False,False,False,569.75445,176.19555000000003,65.2194,3.9406000000000034,25.20415,-57.72415,569.75445,0.0,Severe,Zone_002
2026-02-17 08:00:00,3.75,173.6,13.3,71.4,321.31,261.53,-14,1,2.08,714.32,65.68,43.95,8,17,2,1,0,0.8660254037844387,-0.4999999999999998,0.1114689322063257,-0.9937679191605964,582.8399999999999,137.13882352941175,7.800000000000001,9.496200000000002,0.5512833710795416,745.95,69.16,706.1433333333334,969.2966666666666,False,True,False,False,False,False,False,False,False,False,569.75445,144.56555000000003,65.2194,0.46060000000001367,25.20415,18.745850000000004,569.75445,0.0,Severe,Zone_002
2026-02-17 18:00:00,3.48,335.4,28.6,56.6,425.3,487.72,11,0,1.29,719.76,42.91,99.84,18,17,2,1,0,-1.0,-1.8369701987210294e-16,-0.4162807922604013,0.9092361090470684,913.02,229.40201005025125,4.4892,16.187600000000003,0.4658167400495061,714.32,65.68,727.34,875.7933333333334,False,True,False,False,False,False,False,False,False,False,569.75445,150.00554999999997,65.2194,-22.309399999999997,25.20415,74.63585,569.75445,0.0,Severe,Zone_002
2026-02-17 19:00:00,4.14,32.0,25.5,88.2,113.13,290.89,-7,1,1.77,561.25,43.59,37.24,19,17,2,1,0,-0.9659258262890684,0.2588190451025203,0.5299192642332049,0.848048096156426,404.02,87.07327586206897,7.3278,22.491,0.2800108905499728,719.76,42.91,726.6766666666667,670.2066666666666,False,True,False,False,False,False,False,False,False,False,569.75445,-8.50445000000002,65.2194,-21.62939999999999,25.20415,12.035850000000003,569.75445,0.0,Moderate,Zone_002
2026-02-18 00:00:00,4.35,132.0,33.5,87.9,190.7,1110.74,17,0,1.27,427.48,27.94,-44.41,0,18,2,2,0,0.0,1.0,0.7431448254773942,-0.6691306063588582,1301.44,268.3381443298969,5.5245,29.4465,0.1465299975411851,561.25,43.59,665.11,633.2933333333333,False,True,False,False,False,False,False,False,False,False,569.75445,-142.27445,65.2194,-37.279399999999995,25.20415,-69.61415,569.75445,0.0,Low,Zone_002
2026-02-18 09:00:00,6.68,69.7,28.8,56.4,478.22,406.34,-10,1,1.47,683.72,72.2,-23.71,9,18,2,2,0,0.7071067811865476,-0.7071067811865475,0.9378889346118976,0.3469356515732558,884.56,123.19777158774372,9.8196,16.243199999999998,0.54063036990142,427.48,27.94,569.4966666666666,872.8266666666667,False,True,False,False,False,False,False,False,False,False,569.75445,113.96555000000001,65.2194,6.98060000000001,25.20415,-48.91415,569.75445,0.0,Severe,Zone_002
2026-02-18 21:00:00,11.74,99.1,23.3,66.4,464.94,786.97,-16,0,4.52,517.32,43.58,-22.2,21,18,2,2,0,-0.7071067811865477,0.7071067811865474,0.9874138067509116,-0.1581580672544833,1251.91,102.28022875816994,53.0648,15.4712,0.3713845244466455,683.72,72.2,557.4833333333333,863.34,False,True,False,False,False,False,False,False,False,False,569.75445,-52.43444999999997,65.2194,-21.639399999999995,25.20415,-47.40415,569.75445,0.0,Moderate,Zone_002
2026-02-19 02:00:00,6.75,344.8,15.8,90.7,391.31,672.1,21,0,4.31,588.97,109.04,17.49,2,19,2,3,0,0.4999999999999999,0.8660254037844387,-0.2621891786408644,0.9650164944723116,1063.41,146.67724137931037,29.0925,14.330600000000002,0.3679766035677678,517.32,43.58,542.84,1145.97,False,True,False,False,False,False,False,False,False,False,569.75445,19.215550000000007,65.2194,43.82060000000001,25.20415,-7.71415,569.75445,0.0,High,Zone_002
2026-02-19 11:00:00,4.49,29.8,20.9,63.6,158.83,1070.19,17,0,3.08,724.11,50.41,71.7,11,19,2,3,0,0.258819045102521,-0.9659258262890682,0.4969739610275553,0.8677654533689284,1229.02,246.29659318637272,13.8292,13.2924,0.1292330474687149,588.97,109.04,596.6700000000001,1066.6266666666668,False,True,False,False,False,False,False,False,False,False,569.75445,154.35555,65.2194,-14.809399999999997,25.20415,46.495850000000004,569.75445,0.0,Severe,Zone_002
2026-02-19 15:00:00,9.63,156.5,19.7,35.8,252.56,578.51,-22,1,2.59,645.32,50.94,-15.99,15,19,2,3,0,-0.7071067811865471,-0.7071067811865479,0.3987490689252461,-0.917060074385124,831.0699999999999,82.04047384007896,24.9417,7.052599999999999,0.3038973852984706,724.11,50.41,610.1333333333333,1181.4466666666667,False,True,False,False,False,False,False,False,False,False,569.75445,75.56555000000003,65.2194,-14.279399999999995,25.20415,-41.19415,569.75445,0.0,High,Zone_002
2026-02-19 21:00:00,6.3,74.1,14.3,66.8,389.97,984.13,17,0,2.61,624.31,107.34,7.52,21,19,2,3,0,-0.7071067811865477,0.7071067811865474,0.9617413095492112,0.2739592186924325,1374.1,202.0735294117647,16.442999999999998,9.5524,0.2838003056546103,645.32,50.94,652.8000000000001,1041.1666666666667,False,True,False,False,False,False,False,False,False,False,569.75445,54.555549999999926,65.2194,42.12060000000001,25.20415,-17.68415,569.75445,0.0,High,Zone_002
2026-02-20 11:00:00,4.78,322.6,27.6,36.5,164.25,217.62,0,0,0.86,426.96,34.46,82.84,11,20,2,4,0,0.258819045102521,-0.9659258262890682,-0.6073758397232863,0.7944146205354183,381.87,72.32386363636364,4.1108,10.074000000000002,0.4301201979731322,624.31,107.34,664.58,1144.7299999999998,False,True,False,False,False,False,False,False,False,False,569.75445,-142.79445000000004,65.2194,-30.759399999999992,25.20415,57.635850000000005,569.75445,0.0,Low,Zone_002
2026-02-20 20:00:00,4.5,94.5,21.4,89.6,427.81,1050.25,16,1,3.65,597.92,100.57,97.33,20,20,2,4,0,-0.8660254037844386,0.5000000000000001,0.996917333733128,-0.0784590957278448,1478.06,295.612,16.425,19.1744,0.2894402121700066,426.96,34.46,565.53,862.3466666666667,False,True,False,False,False,False,False,False,False,False,569.75445,28.16554999999994,65.2194,35.3506,25.20415,72.12585,569.75445,0.0,High,Zone_002
2026-02-21 12:00:00,2.71,336.4,24.3,48.1,366.84,1057.98,4,0,1.04,524.22,69.4,19.89,12,21,2,5,1,1.2246467991473532e-16,-1.0,-0.4003490325568953,0.9163627295622394,1424.82,443.8691588785047,2.8184,11.688300000000002,0.257464100728513,597.92,100.57,549.73,1078.01,False,True,False,False,False,False,False,False,False,False,569.75445,-45.53444999999999,65.2194,4.1806000000000125,25.20415,-5.314149999999998,569.75445,0.0,Moderate,Zone_002
2026-02-22 03:00:00,9.01,171.1,16.2,37.1,278.5,889.49,-8,0,3.46,520.92,82.52,18.47,3,22,2,6,1,0.7071067811865475,0.7071067811865476,0.1547103862994683,-0.9879598657693892,1167.99,122.81703470031546,31.1746,6.0102,0.238443822292999,524.22,69.4,516.3666666666667,1094.9166666666667,False,True,False,False,False,False,False,False,False,False,569.75445,-48.83445000000006,65.2194,17.300600000000003,25.20415,-6.73415,569.75445,0.0,Moderate,Zone_002
2026-02-22 06:00:00,0.85,179.3,26.0,86.8,450.48,286.87,-6,0,1.16,534.3,46.21,-12.06,6,22,2,6,1,1.0,6.123233995736766e-17,0.0122170008352469,-0.999925369660452,737.35,546.1851851851852,0.986,22.568,0.6109445989014715,520.92,82.52,547.6866666666666,1356.9566666666667,False,True,False,False,False,False,False,False,False,False,569.75445,-35.454450000000065,65.2194,-19.009399999999992,25.20415,-37.26415,569.75445,0.0,Moderate,Zone_002
2026-02-22 20:00:00,2.96,160.8,27.4,55.2,61.24,777.43,-12,1,0.92,423.24,56.46,19.91,20,22,2,6,1,-0.8660254037844386,0.5000000000000001,0.3288666467385829,-0.9443763702374812,838.67,242.39017341040463,2.7232000000000003,15.1248,0.0730203775024741,534.3,46.21,526.48,1110.0533333333335,False,True,False,False,False,False,False,False,False,False,569.75445,-146.51445,65.2194,-8.759399999999992,25.20415,-5.294149999999998,569.75445,0.0,Low,Zone_002
2026-02-23 00:00:00,4.72,194.7,26.1,78.2,240.66,1170.59,9,1,2.15,748.09,27.95,73.45,0,23,2,0,0,0.0,1.0,-0.2537579445848055,-0.9672677527758768,1411.25,270.3544061302682,10.148,20.410200000000003,0.1705296722763507,423.24,56.46,492.82,914.67,False,True,False,False,False,False,False,False,False,False,569.75445,178.33555,65.2194,-37.26939999999999,25.20415,48.245850000000004,569.75445,0.0,Severe,Zone_002
2026-02-23 20:00:00,4.29,269.5,12.1,61.5,324.44,168.69,9,0,2.39,595.97,56.88,-28.23,20,23,2,0,0,-0.8660254037844386,0.5000000000000001,-0.9999619230641712,-0.0087265354983735,493.13,102.94989561586638,10.2531,7.4415,0.65791981830349,748.09,27.95,568.5433333333334,995.7566666666668,False,True,False,False,False,False,False,False,False,False,569.75445,26.215550000000007,65.2194,-8.33939999999999,25.20415,-53.43415,569.75445,0.0,High,Zone_002
2026-02-24 15:00:00,4.34,208.7,34.4,85.7,296.16,1134.26,27,0,4.82,658.92,109.55,-10.0,15,24,2,1,0,-0.7071067811865471,-0.7071067811865479,-0.4802234974431887,-0.8771461637055888,1430.42,295.54132231404964,20.9188,29.4808,0.2070440849540694,595.97,56.88,589.1,914.35,False,True,False,False,False,False,False,False,False,False,569.75445,89.16554999999994,65.2194,44.330600000000004,25.20415,-35.20415,569.75445,0.0,Severe,Zone_002
2026-02-24 17:00:00,10.72,328.2,23.9,91.5,229.37,1054.38,-19,1,1.82,447.98,59.86,-48.52,17,24,2,1,0,-0.9659258262890684,-0.2588190451025206,-0.5269557954966778,0.8498926929868638,1283.75,114.41622103386808,19.5104,21.8685,0.1786718597857838,658.92,109.55,667.66,1111.6,False,True,False,False,False,False,False,False,False,False,569.75445,-121.77445,65.2194,-5.359399999999994,25.20415,-73.72415000000001,569.75445,0.0,Low,Zone_002
2026-02-24 21:00:00,1.09,67.2,17.7,51.6,448.02,118.89,9,0,1.46,431.44,30.56,66.48,21,24,2,1,0,-0.7071067811865477,0.7071067811865474,0.9218631515885004,0.3875155864521029,566.91,356.5471698113207,1.5914,9.1332,0.790284172090808,447.98,59.86,567.6233333333333,1069.1,False,True,False,False,False,False,False,False,False,False,569.75445,-138.31445000000002,65.2194,-34.65939999999999,25.20415,41.275850000000005,569.75445,0.0,Low,Zone_002
2026-02-25 03:00:00,4.21,0.1,24.9,71.9,122.18,1162.19,12,1,3.42,593.69,28.43,0.58,3,25,2,2,0,0.7071067811865475,0.7071067811865476,0.0017453283658983,0.9999984769132876,1284.37,272.6900212314225,14.3982,17.9031,0.0951283508646262,431.44,30.56,512.7800000000001,1093.6933333333334,False,True,False,False,False,False,False,False,False,False,569.75445,23.935550000000035,65.2194,-36.78939999999999,25.20415,-24.62415,569.75445,0.0,High,Zone_002
2026-02-25 16:00:00,10.09,198.2,21.3,41.5,358.63,740.33,13,1,2.44,484.96,36.2,-43.06,16,25,2,2,0,-0.8660254037844384,-0.5000000000000004,-0.3123349185122322,-0.9499720515246526,1098.96,103.77337110481588,24.6196,8.839500000000001,0.3263358084006697,593.69,28.43,491.0366666666667,1045.01,False,True,False,False,False,False,False,False,False,False,569.75445,-84.79445000000004,65.2194,-29.01939999999999,25.20415,-68.26415,569.75445,0.0,Moderate,Zone_002
2026-02-25 19:00:00,5.77,285.4,20.7,30.5,81.27,842.89,0,0,1.71,710.91,102.09,73.8,19,25,2,2,0,-0.9659258262890684,0.2588190451025203,-0.9640954042341104,0.2655561174868079,924.16,147.3939393939394,9.8667,6.3135,0.087939317867036,484.96,36.2,503.3633333333334,983.4133333333334,False,True,False,False,False,False,False,False,False,False,569.75445,141.15554999999995,65.2194,36.87060000000001,25.20415,48.59585,569.75445,0.0,Severe,Zone_002
2026-02-25 23:00:00,1.44,354.4,29.5,88.0,427.25,320.94,11,0,2.59,556.85,18.17,67.97,23,25,2,2,0,-0.2588190451025215,0.965925826289068,-0.0975828997591498,0.9952273999818312,748.19,385.6649484536083,3.7296,25.96,0.571044788088587,710.91,102.09,596.52,1102.496666666667,False,True,False,False,False,False,False,False,False,False,569.75445,-12.904449999999997,65.2194,-47.04939999999999,25.20415,42.76585,569.75445,0.0,Moderate,Zone_002
2026-02-26 01:00:00,3.87,54.8,25.9,73.7,360.49,380.23,17,0,3.79,438.24,58.1,23.03,1,26,2,3,0,0.2588190451025207,0.9659258262890684,0.8171448983351285,0.5764323161697933,740.72,169.50114416475972,14.6673,19.0883,0.4866751269035533,556.85,18.17,584.2399999999999,923.77,False,True,False,False,False,False,False,False,False,False,569.75445,-131.51445,65.2194,-7.119399999999992,25.20415,-2.1741499999999974,569.75445,0.0,Low,Zone_002
2026-02-26 19:00:00,1.07,7.3,19.3,30.1,475.27,716.57,2,1,1.41,528.98,103.96,43.75,19,26,2,3,0,-0.9659258262890684,0.2588190451025203,0.1270646086013505,0.9918944425900296,1191.84,759.1337579617835,1.5087,5.8093,0.3987699691233722,438.24,58.1,568.6666666666666,804.3566666666667,False,True,False,False,False,False,False,False,False,False,569.75445,-40.77445,65.2194,38.7406,25.20415,18.54585,569.75445,0.0,Moderate,Zone_002
2026-02-26 21:00:00,2.06,175.3,12.4,94.0,478.93,670.15,-8,1,3.87,660.51,98.12,-12.76,21,26,2,3,0,-0.7071067811865477,0.7071067811865474,0.0819385086300408,-0.9966373868180366,1149.08,448.859375,7.972200000000001,11.656,0.4167943050092248,528.98,103.96,508.02333333333337,893.5833333333335,False,True,False,False,False,False,False,False,False,False,569.75445,90.75554999999997,65.2194,32.90060000000001,25.20415,-37.96415,569.75445,0.0,Severe,Zone_002
2026-02-27 14:00:00,8.51,12.3,33.0,74.3,51.77,770.98,9,0,4.74,552.67,93.55,83.06,14,27,2,4,0,-0.4999999999999997,-0.8660254037844388,0.2130303862749765,0.9770455744352636,822.75,91.315205327414,40.3374,24.519,0.0629231236706168,660.51,98.12,542.5766666666667,1027.2133333333334,False,True,False,False,False,False,False,False,False,False,569.75445,-17.08445000000006,65.2194,28.330600000000004,25.20415,57.855850000000004,569.75445,0.0,Moderate,Zone_002
2026-02-28 01:00:00,11.8,229.5,14.3,58.7,462.84,818.92,14,0,1.93,634.74,76.02,-47.21,1,28,2,5,1,0.2588190451025207,0.9659258262890684,-0.7604059656000312,-0.6494480483301834,1281.76,104.2081300813008,22.774,8.394100000000002,0.3610972412932218,552.67,93.55,580.7199999999999,1054.5566666666666,False,True,False,False,False,False,False,False,False,False,569.75445,64.98554999999999,65.2194,10.800600000000003,25.20415,-72.41415,569.75445,0.0,High,Zone_002
2026-02-28 22:00:00,8.12,85.2,23.0,45.7,146.78,462.7,19,1,3.82,434.82,27.77,66.1,22,28,2,5,1,-0.5000000000000004,0.8660254037844384,0.9964928592495044,0.0836778433323154,609.48,70.70533642691416,31.0184,10.511,0.2408282470302553,634.74,76.02,615.9733333333334,1084.53,False,True,False,False,False,False,False,False,False,False,569.75445,-134.93445000000003,65.2194,-37.4494,25.20415,40.895849999999996,569.75445,0.0,Low,Zone_002
2026-02-28 23:00:00,8.73,320.3,26.4,40.9,345.3,607.83,30,1,2.87,630.67,65.19,37.15,23,28,2,5,1,-0.2588190451025215,0.965925826289068,-0.6387678175155975,0.7693995550468952,953.13,103.26435536294692,25.055100000000003,10.7976,0.3622800667275188,434.82,27.77,540.7433333333333,904.6633333333332,False,True,False,False,False,False,False,False,False,False,569.75445,60.91554999999994,65.2194,-0.02939999999999543,25.20415,11.94585,569.75445,0.0,High,Zone_002
2026-03-01 10:00:00,1.39,259.3,20.5,47.1,456.6,345.31,-25,0,1.74,429.22,101.23,28.46,10,1,3,6,1,0.4999999999999999,-0.8660254037844387,-0.9826127965436152,-0.1856666153855773,801.9100000000001,424.2910052910054,2.4186,9.6555,0.5693905799902732,630.67,65.19,566.7433333333332,948.1233333333332,False,True,False,False,False,False,False,False,False,False,569.75445,-140.53445,65.2194,36.01060000000001,25.20415,3.2558500000000024,569.75445,0.0,Low,Zone_002
2026-03-01 17:00:00,3.3,23.7,12.4,69.8,66.87,696.69,-29,0,1.84,628.94,66.51,97.0,17,1,3,6,1,-0.9659258262890684,-0.2588190451025206,0.4019477766559601,0.9156625933395612,763.5600000000001,200.9368421052632,6.072,8.6552,0.0875766148043375,429.22,101.23,498.2366666666666,788.1733333333335,False,True,False,False,False,False,False,False,False,False,569.75445,59.185550000000035,65.2194,1.290600000000012,25.20415,71.79585,569.75445,0.0,High,Zone_002
2026-03-01 23:00:00,9.24,316.6,31.2,76.7,72.47,707.01,9,1,4.39,507.53,47.15,94.11,23,1,3,6,1,-0.2588190451025215,0.965925826289068,-0.6870875108044225,0.7265746709709764,779.48,80.02874743326488,40.5636,23.9304,0.0929722379021912,628.94,66.51,562.9433333333333,839.5333333333334,False,True,False,False,False,False,False,False,False,False,569.75445,-62.22445000000005,65.2194,-18.069399999999995,25.20415,68.90585,569.75445,0.0,Moderate,Zone_002
2026-03-02 05:00:00,1.55,340.2,27.2,74.3,238.27,322.73,-13,0,0.2,681.59,38.53,70.42,5,2,3,0,0,0.9659258262890684,0.2588190451025207,-0.3387379202452914,0.9408807689542256,561.0,273.6585365853659,0.31,20.2096,0.4247237076648841,507.53,47.15,521.8966666666666,781.6500000000001,False,True,False,False,False,False,False,False,False,False,569.75445,111.83555000000001,65.2194,-26.689399999999992,25.20415,45.21585,569.75445,0.0,Severe,Zone_002
2026-03-02 10:00:00,2.62,175.1,17.2,32.6,193.84,819.18,3,0,3.83,459.77,58.22,-18.41,10,2,3,0,0,0.4999999999999999,-0.8660254037844387,0.0854169231373676,-0.9963452961909064,1013.02,324.6858974358974,10.0346,5.607200000000001,0.1913486406981106,681.59,38.53,606.02,701.3466666666667,False,True,False,False,False,False,False,False,False,False,569.75445,-109.98445000000004,65.2194,-6.999399999999994,25.20415,-43.614149999999995,569.75445,0.0,Low,Zone_002
2026-03-02 17:00:00,9.92,47.7,20.6,60.5,419.51,410.01,-17,1,2.54,716.54,54.54,-27.53,17,2,3,0,0,-0.9659258262890684,-0.2588190451025206,0.7396310949786097,0.6730125135097733,829.52,79.6084452975048,25.1968,12.463,0.5057262031054104,459.77,58.22,549.63,784.5,False,True,False,False,False,False,False,False,False,False,569.75445,146.78554999999994,65.2194,-10.679399999999994,25.20415,-52.73415,569.75445,0.0,Severe,Zone_002
2026-03-03 17:00:00,9.49,18.7,24.0,38.2,209.9,156.4,-10,0,4.81,713.78,94.65,-15.1,17,3,3,1,0,-0.9659258262890684,-0.2588190451025206,0.3206129905856762,0.9472102777460288,366.3,36.66666666666666,45.6469,9.168,0.573027573027573,716.54,54.54,619.3000000000001,801.18,False,True,False,False,False,False,False,False,False,False,569.75445,144.02554999999995,65.2194,29.430600000000013,25.20415,-40.30415,569.75445,0.0,Severe,Zone_002
2026-03-03 19:00:00,10.1,165.0,14.4,52.4,424.88,307.46,11,1,3.92,409.81,58.45,30.63,19,3,3,1,0,-0.9659258262890684,0.2588190451025203,0.258819045102521,-0.9659258262890682,732.3399999999999,69.08867924528302,39.592,7.545599999999999,0.5801676816779092,713.78,94.65,630.0299999999999,736.2800000000001,False,True,False,False,False,False,False,False,False,False,569.75445,-159.94445000000002,65.2194,-6.76939999999999,25.20415,5.4258500000000005,569.75445,0.0,Low,Zone_002
2026-03-03 21:00:00,9.1,87.0,30.3,59.7,59.52,862.09,-8,0,3.57,678.86,24.88,-11.5,21,3,3,1,0,-0.7071067811865477,0.7071067811865474,0.9986295347545738,0.0523359562429439,921.61,96.00104166666668,32.486999999999995,18.0891,0.0645826325669209,409.81,58.45,613.3766666666667,642.72,False,True,False,False,False,False,False,False,False,False,569.75445,109.10555,65.2194,-40.3394,25.20415,-36.70415,569.75445,0.0,Severe,Zone_002
2026-03-04 02:00:00,11.52,34.9,11.5,42.0,66.6,341.3,-5,0,3.1,732.19,102.21,26.1,2,4,3,2,0,0.4999999999999999,0.8660254037844387,0.5721458734455162,0.8201518758737721,407.9,33.935108153078204,35.712,4.83,0.1632753125766119,678.86,24.88,600.8166666666667,673.4166666666666,False,True,False,False,False,False,False,False,False,False,569.75445,162.43555000000003,65.2194,36.9906,25.20415,0.8958500000000029,569.75445,0.0,Severe,Zone_002
2026-03-04 10:00:00,11.02,280.8,14.4,55.2,276.14,222.76,-16,1,3.5,722.12,70.74,-23.71,10,4,3,2,0,0.4999999999999999,-0.8660254037844387,-0.9822872507286886,0.1873813145857251,498.9,43.30729166666666,38.57,7.948800000000001,0.5534976949288435,732.19,102.21,606.9533333333334,687.2833333333333,False,True,False,False,False,False,False,False,False,False,569.75445,152.36554999999998,65.2194,5.520600000000002,25.20415,-48.91415,569.75445,0.0,Severe,Zone_002
2026-01-01 06:00:00,9.16,83.8,24.0,57.8,333.68,407.55,-28,1,2.63,584.49,93.92,-24.7,6,1,1,3,0,1.0,6.123233995736766e-17,0.9941509639723154,0.1079993557060228,741.23,76.73188405797102,24.0908,13.871999999999998,0.4501706622775657,588.97575,64.4629375,588.50509375,955.5909479166668,False,False,True,False,False,False,False,False,False,False,569.75445,14.73554999999999,65.2194,28.70060000000001,25.20415,-49.90415,569.75445,0.0,High,Zone_003
2026-01-01 13:00:00,3.77,146.0,29.2,68.3,393.19,1119.89,-20,0,0.45,468.86,87.3,30.07,13,1,1,3,0,-0.2588190451025208,-0.9659258262890684,0.5591929034707469,-0.8290375725550416,1513.0800000000002,354.35128805620616,1.6965,19.9436,0.2598606815237793,584.49,93.92,584.49,741.23,False,False,True,False,False,False,False,False,False,False,569.75445,-100.89445,65.2194,22.080600000000004,25.20415,4.865850000000002,569.75445,0.0,Low,Zone_003
2026-01-02 03:00:00,7.23,348.6,14.3,48.8,199.05,229.21,-28,0,2.3,695.98,67.86,-49.04,3,2,1,4,0,0.7071067811865475,0.7071067811865476,-0.1976573403791255,0.980271174621722,428.26,55.40232858990944,16.629,6.978400000000001,0.4647877457619204,468.86,87.3,526.675,1127.1550000000002,False,False,True,False,False,False,False,False,False,False,569.75445,126.22555,65.2194,2.6406000000000063,25.20415,-74.24414999999999,569.75445,0.0,Severe,Zone_003
2026-01-02 07:00:00,9.93,108.6,25.3,84.9,402.83,543.03,24,0,2.13,474.44,116.44,-43.01,7,2,1,4,0,0.9659258262890684,-0.2588190451025206,0.9477684100095856,-0.3189593092980699,945.86,90.68648130393096,21.1509,21.4797,0.4258875520690166,695.98,67.86,583.11,894.19,False,False,True,False,False,False,False,False,False,False,569.75445,-95.31445000000002,65.2194,51.220600000000005,25.20415,-68.21414999999999,569.75445,0.0,Low,Zone_003
2026-01-02 09:00:00,6.23,109.3,27.9,74.9,191.78,864.95,18,0,1.17,588.24,32.02,61.74,9,2,1,4,0,0.7071067811865476,-0.7071067811865475,0.9438009515832296,-0.3305143927132229,1056.73,157.01783060921247,7.2891,20.8971,0.181484390525489,474.44,116.44,546.4266666666666,962.4,False,False,True,False,False,False,False,False,False,False,569.75445,18.48554999999999,65.2194,-33.19939999999999,25.20415,36.53585,569.75445,0.0,High,Zone_003
2026-01-03 02:00:00,0.74,243.8,18.5,55.1,409.81,594.29,-5,1,4.07,661.63,26.43,-21.45,2,3,1,5,1,0.4999999999999999,0.8660254037844387,-0.8972583696743284,-0.4415058527917453,1004.1,809.7580645161289,3.0118,10.1935,0.4081366397769146,588.24,32.02,586.22,810.2833333333333,False,False,True,False,False,False,False,False,False,False,569.75445,91.87554999999998,65.2194,-38.78939999999999,25.20415,-46.65415,569.75445,0.0,Severe,Zone_003
2026-01-04 14:00:00,7.96,227.9,18.0,46.6,222.89,109.18,-19,0,2.14,571.83,48.57,70.48,14,4,1,6,1,-0.4999999999999997,-0.8660254037844388,-0.7419758409756165,-0.670426618958799,332.07,39.25177304964539,17.0344,8.388,0.6712139006835908,661.63,26.43,574.77,1002.23,False,False,True,False,False,False,False,False,False,False,569.75445,2.075550000000021,65.2194,-16.649399999999993,25.20415,45.275850000000005,569.75445,0.0,High,Zone_003
2026-01-04 17:00:00,5.99,259.0,10.6,56.7,89.88,343.34,-11,0,1.48,407.86,39.2,85.86,17,4,1,6,1,-0.9659258262890684,-0.2588190451025206,-0.981627183447664,-0.1908089953765446,433.22,66.75192604006163,8.8652,6.0102,0.2074696459073911,571.83,48.57,607.2333333333333,797.6333333333333,False,False,True,False,False,False,False,False,False,False,569.75445,-161.89445,65.2194,-26.01939999999999,25.20415,60.65585,569.75445,0.0,Low,Zone_003
2026-01-04 18:00:00,7.42,10.1,20.8,91.6,465.0,1185.48,-25,1,3.7,746.53,115.28,95.97,18,4,1,6,1,-1.0,-1.8369701987210294e-16,0.1753667260919871,0.9845031799744366,1650.48,208.3939393939394,27.454,19.0528,0.2817362221899084,407.86,39.2,547.1066666666667,589.7966666666666,False,False,True,False,False,False,False,False,False,False,569.75445,176.77554999999995,65.2194,50.06060000000001,25.20415,70.76585,569.75445,0.0,Severe,Zone_003
2026-01-05 10:00:00,6.71,95.5,28.1,88.2,285.07,1000.03,19,0,3.3,692.86,13.41,-5.65,10,5,1,0,0,0.4999999999999999,-0.8660254037844387,0.9953961983671789,-0.0958457525202239,1285.1,178.2385575589459,22.143,24.7842,0.2218270951676912,746.53,115.28,575.4066666666666,805.2566666666667,False,False,True,False,False,False,False,False,False,False,569.75445,123.10555,65.2194,-51.8094,25.20415,-30.854149999999997,569.75445,0.0,Severe,Zone_003
2026-01-05 13:00:00,10.94,329.7,22.3,76.6,354.74,301.18,18,0,2.41,687.44,74.6,-19.47,13,5,1,0,0,-0.2588190451025208,-0.9659258262890684,-0.5045276238150195,0.8633955506067715,655.9200000000001,57.33566433566435,26.3654,17.081799999999998,0.5408281497743627,692.86,13.41,615.75,1122.9333333333332,False,False,True,False,False,False,False,False,False,False,569.75445,117.68555000000003,65.2194,9.380600000000001,25.20415,-44.67415,569.75445,0.0,Severe,Zone_003
2026-01-05 15:00:00,3.91,286.2,34.5,56.2,490.22,1059.23,30,1,2.5,506.51,88.78,50.4,15,5,1,0,0,-0.7071067811865471,-0.7071067811865479,-0.9602936856769432,0.2789911060392292,1549.45,351.3492063492063,9.775,19.389,0.3163832327600116,687.44,74.6,708.9433333333333,1197.1666666666667,False,False,True,False,False,False,False,False,False,False,569.75445,-63.24445000000003,65.2194,23.560600000000008,25.20415,25.19585,569.75445,0.0,Moderate,Zone_003
2026-01-05 17:00:00,2.24,351.9,22.2,62.9,211.58,624.47,15,1,4.56,423.02,103.34,39.94,17,5,1,0,0,-0.9659258262890684,-0.2588190451025206,-0.140901231937583,0.9900236577165576,836.0500000000001,305.12773722627736,10.2144,13.9638,0.2530709885772382,506.51,88.78,628.9366666666666,1163.49,False,False,True,False,False,False,False,False,False,False,569.75445,-146.73445000000004,65.2194,38.12060000000001,25.20415,14.73585,569.75445,0.0,Low,Zone_003
2026-01-06 02:00:00,5.98,123.2,30.8,57.0,458.62,898.57,30,0,3.04,415.58,61.33,34.66,2,6,1,1,0,0.4999999999999999,0.8660254037844387,0.8367643134589617,-0.5475632234925502,1357.19,209.4429012345679,18.1792,17.556,0.3379187880842034,423.02,103.34,538.9899999999999,1013.8066666666668,False,False,True,False,False,False,False,False,False,False,569.75445,-154.17445000000004,65.2194,-3.889399999999995,25.20415,9.455849999999998,569.75445,0.0,Low,Zone_003
2026-01-06 12:00:00,8.8,43.3,11.0,68.1,265.04,726.68,-8,0,2.31,448.31,25.87,-46.65,12,6,1,1,0,1.2246467991473532e-16,-1.0,0.6858183529273761,0.7277727576572105,991.72,106.63655913978494,20.328000000000003,7.490999999999999,0.2672528536280402,415.58,61.33,448.37,1247.5633333333333,False,False,True,False,False,False,False,False,False,False,569.75445,-121.44445000000002,65.2194,-39.34939999999999,25.20415,-71.85415,569.75445,0.0,Low,Zone_003
2026-01-07 06:00:00,4.88,286.7,18.8,91.3,124.89,686.52,15,0,2.31,497.32,114.32,66.48,6,7,1,2,0,1.0,6.123233995736766e-17,-0.957822494845315,0.2873605198497114,811.41,150.81970260223048,11.2728,17.1644,0.1539172551484453,448.31,25.87,428.97,1061.6533333333334,False,False,True,False,False,False,False,False,False,False,569.75445,-72.43445000000003,65.2194,49.1006,25.20415,41.275850000000005,569.75445,0.0,Moderate,Zone_003
2026-01-07 13:00:00,1.06,52.0,19.9,85.5,304.54,753.02,0,1,2.38,676.07,27.82,8.82,13,7,1,2,0,-0.2588190451025208,-0.9659258262890684,0.788010753606722,0.6156614753256583,1057.56,677.9230769230769,2.5228,17.014499999999998,0.2879647490449715,497.32,114.32,453.7366666666667,1053.44,False,False,True,False,False,False,False,False,False,False,569.75445,106.31555000000003,65.2194,-37.39939999999999,25.20415,-16.384149999999998,569.75445,0.0,Severe,Zone_003
2026-01-08 02:00:00,6.72,146.4,14.2,61.3,245.98,719.82,-13,0,0.83,502.55,66.96,97.58,2,8,1,3,0,0.4999999999999999,0.8660254037844387,0.5533915492433441,-0.8329212407100994,965.8,133.7673130193906,5.5776,8.7046,0.2546904120936011,676.07,27.82,540.5666666666667,953.5633333333334,False,False,True,False,False,False,False,False,False,False,569.75445,-67.20445000000001,65.2194,1.7406000000000006,25.20415,72.37585,569.75445,0.0,Moderate,Zone_003
2026-01-08 16:00:00,2.38,292.7,14.7,72.2,320.7,791.62,-18,0,3.84,507.33,88.19,8.02,16,8,1,3,0,-0.8660254037844384,-0.5000000000000004,-0.9225380894562464,0.3859060423243186,1112.32,386.22222222222223,9.1392,10.6134,0.2883163118527043,502.55,66.96,558.6466666666666,944.9233333333332,False,False,True,False,False,False,False,False,False,False,569.75445,-62.424450000000036,65.2194,22.970600000000005,25.20415,-17.18415,569.75445,0.0,Moderate,Zone_003
2026-01-09 12:00:00,1.63,288.3,17.2,50.2,440.75,716.42,-30,1,2.01,737.04,43.45,14.46,12,9,1,4,0,1.2246467991473532e-16,-1.0,-0.9494254776419038,0.3139924559674052,1157.17,543.2723004694836,3.2762999999999995,8.634400000000001,0.3808861273624445,507.33,88.19,561.9833333333332,1045.2266666666667,False,False,True,False,False,False,False,False,False,False,569.75445,167.28554999999994,65.2194,-21.76939999999999,25.20415,-10.744149999999998,569.75445,0.0,Severe,Zone_003
2026-01-09 15:00:00,6.72,211.0,10.6,84.1,293.76,161.2,19,0,1.87,633.02,93.9,38.37,15,9,1,4,0,-0.7071067811865471,-0.7071067811865479,-0.5150380749100542,-0.8571673007021123,454.96,63.01385041551247,12.5664,8.9146,0.6456831369790751,737.04,43.45,582.3066666666667,1078.43,False,False,True,False,False,False,False,False,False,False,569.75445,63.26554999999996,65.2194,28.680600000000013,25.20415,13.165849999999999,569.75445,0.0,High,Zone_003
2026-01-09 17:00:00,1.02,69.2,23.4,62.1,295.41,649.13,9,0,1.51,619.18,93.9,-44.56,17,9,1,4,0,-0.9659258262890684,-0.2588190451025206,0.9348256763960144,0.3551069624081369,944.54,621.4078947368421,1.5402,14.531399999999998,0.3127554153344485,633.02,93.9,625.7966666666666,908.15,False,False,True,False,False,False,False,False,False,False,569.75445,49.42554999999993,65.2194,28.680600000000013,25.20415,-69.76415,569.75445,0.0,High,Zone_003
2026-01-09 18:00:00,11.38,167.0,17.0,30.6,73.04,470.66,-28,1,1.39,644.51,58.37,-16.31,18,9,1,4,0,-1.0,-1.8369701987210294e-16,0.2249510543438652,-0.9743700647852352,543.7,45.76599326599327,15.8182,5.202000000000001,0.1343387897737723,619.18,93.9,663.08,852.2233333333335,False,False,True,False,False,False,False,False,False,False,569.75445,74.75554999999997,65.2194,-6.849399999999996,25.20415,-41.51415,569.75445,0.0,High,Zone_003
2026-01-10 10:00:00,1.38,146.3,20.6,77.6,407.17,1119.21,26,1,1.45,503.52,103.81,-16.22,10,10,1,5,1,0.4999999999999999,-0.8660254037844387,0.5548444274479992,-0.8319541221304826,1526.38,811.904255319149,2.001,15.9856,0.2667553296033753,644.51,58.37,632.2366666666666,647.7333333333335,False,False,True,False,False,False,False,False,False,False,569.75445,-66.23445000000004,65.2194,38.59060000000001,25.20415,-41.42415,569.75445,0.0,Moderate,Zone_003
2026-01-10 23:00:00,8.88,233.3,20.4,83.8,197.32,1177.36,-1,0,4.75,616.37,39.17,-14.74,23,10,1,5,1,-0.2588190451025215,0.965925826289068,-0.8017756442437538,-0.5976251469755214,1374.6799999999998,146.55437100213217,42.18000000000001,17.0952,0.1435388599528617,503.52,103.81,589.07,1004.8733333333336,False,False,True,False,False,False,False,False,False,False,569.75445,46.615549999999985,65.2194,-26.04939999999999,25.20415,-39.94415,569.75445,0.0,High,Zone_003
2026-01-11 00:00:00,4.13,88.4,21.7,40.2,401.43,425.63,-29,0,0.55,707.36,108.07,81.76,0,11,1,6,1,0.0,1.0,0.9996101150403544,0.0279216387235687,827.06,178.63066954643628,2.2715,8.7234,0.4853698643387421,616.37,39.17,588.1333333333333,1148.253333333333,False,False,True,False,False,False,False,False,False,False,569.75445,137.60555,65.2194,42.8506,25.20415,56.55585000000001,569.75445,0.0,Severe,Zone_003
2026-01-11 01:00:00,5.02,258.3,19.2,68.6,428.2,1057.98,-2,1,2.31,557.48,17.86,29.71,1,11,1,6,1,0.2588190451025207,0.9659258262890684,-0.9792228106217656,-0.2027872953565123,1486.18,269.23550724637687,11.5962,13.1712,0.2881212235395443,707.36,108.07,609.0833333333334,1242.706666666667,False,False,True,False,False,False,False,False,False,False,569.75445,-12.274450000000002,65.2194,-47.359399999999994,25.20415,4.505850000000002,569.75445,0.0,Moderate,Zone_003
2026-01-11 15:00:00,3.27,101.3,13.2,50.4,204.99,632.78,-29,1,4.4,694.43,92.36,-38.05,15,11,1,6,1,-0.7071067811865471,-0.7071067811865479,0.980614658546613,-0.1959461442425175,837.77,222.22015915119363,14.388000000000002,6.6528,0.2446852954868281,557.48,17.86,627.07,1229.3066666666668,False,False,True,False,False,False,False,False,False,False,569.75445,124.67554999999993,65.2194,27.140600000000006,25.20415,-63.254149999999996,569.75445,0.0,Severe,Zone_003
2026-01-11 17:00:00,10.05,84.4,11.9,55.4,391.8,241.83,24,1,4.29,596.65,101.69,9.88,17,11,1,6,1,-0.9659258262890684,-0.2588190451025206,0.9952273999818312,0.0975828997591494,633.63,60.05971563981042,43.11450000000001,6.5926,0.6183419345674921,694.43,92.36,653.09,1050.3366666666668,False,False,True,False,False,False,False,False,False,False,569.75445,26.895549999999957,65.2194,36.470600000000005,25.20415,-15.324149999999998,569.75445,0.0,High,Zone_003
2026-01-11 23:00:00,9.69,2.6,16.4,90.5,354.69,399.69,26,0,0.92,683.74,110.32,-14.3,23,11,1,6,1,-0.2588190451025215,0.965925826289068,0.0453629881292537,0.9989705697907147,754.38,74.03140333660451,8.9148,14.842,0.470174182772608,596.65,101.69,616.1866666666666,985.8600000000002,False,False,True,False,False,False,False,False,False,False,569.75445,113.98554999999999,65.2194,45.1006,25.20415,-39.504149999999996,569.75445,0.0,Severe,Zone_003
2026-01-12 10:00:00,5.28,277.1,15.6,69.6,59.11,662.11,7,1,2.7,454.11,111.96,-23.05,10,12,1,0,0,0.4999999999999999,-0.8660254037844387,-0.9923319378854888,0.1236014767404928,721.22,124.77854671280276,14.256000000000002,10.8576,0.0819583483541776,683.74,110.32,658.2733333333333,741.9266666666668,False,False,True,False,False,False,False,False,False,False,569.75445,-115.64445,65.2194,46.7406,25.20415,-48.254149999999996,569.75445,0.0,Low,Zone_003
2026-01-12 13:00:00,6.48,341.0,19.2,63.8,286.36,1031.87,10,0,3.06,659.05,71.8,-26.55,13,12,1,0,0,-0.2588190451025208,-0.9659258262890684,-0.3255681544571567,0.9455185755993168,1318.23,188.85816618911173,19.8288,12.249599999999996,0.217230680533746,454.11,111.96,578.1666666666666,703.0766666666668,False,False,True,False,False,False,False,False,False,False,569.75445,89.29554999999993,65.2194,6.580600000000004,25.20415,-51.754149999999996,569.75445,0.0,Severe,Zone_003
2026-01-12 19:00:00,2.33,31.5,26.3,77.9,212.24,210.03,-16,1,2.08,557.8,16.45,-4.27,19,12,1,0,0,-0.9659258262890684,0.2588190451025203,0.5224985647159488,0.8526401643540922,422.27,149.21201413427562,4.8464,20.4877,0.5026168091505435,659.05,71.8,598.9666666666667,931.2766666666668,False,False,True,False,False,False,False,False,False,False,569.75445,-11.954450000000065,65.2194,-48.76939999999999,25.20415,-29.474149999999998,569.75445,0.0,Moderate,Zone_003
2026-01-13 03:00:00,6.06,342.8,22.4,66.0,245.95,1046.66,14,1,4.44,533.86,109.76,7.18,3,13,1,1,0,0.7071067811865475,0.7071067811865476,-0.2957080500440469,0.9552783621223436,1292.61,197.0442073170732,26.9064,14.784,0.1902739418695507,557.8,16.45,556.9866666666667,820.5733333333334,False,False,True,False,False,False,False,False,False,False,569.75445,-35.894450000000006,65.2194,44.54060000000001,25.20415,-18.02415,569.75445,0.0,Moderate,Zone_003
2026-01-13 05:00:00,4.61,54.0,10.3,76.8,72.51,1108.72,27,0,1.74,692.65,91.21,55.09,5,13,1,1,0,0.9659258262890684,0.2588190451025207,0.8090169943749475,0.5877852522924731,1181.23,231.16046966731895,8.0214,7.910400000000001,0.0613851663096941,533.86,109.76,583.5699999999999,1011.0366666666667,False,False,True,False,False,False,False,False,False,False,569.75445,122.89554999999996,65.2194,25.9906,25.20415,29.885850000000005,569.75445,0.0,Severe,Zone_003
2026-01-13 10:00:00,6.86,345.7,21.0,71.4,396.27,685.37,10,0,2.24,623.35,30.39,38.04,10,13,1,1,0,0.4999999999999999,-0.8660254037844387,-0.2469990127227435,0.9690157314068694,1081.64,146.9619565217391,15.366400000000002,14.994000000000002,0.3663603417033394,692.65,91.21,594.77,965.3700000000002,False,False,True,False,False,False,False,False,False,False,569.75445,53.59555,65.2194,-34.82939999999999,25.20415,12.83585,569.75445,0.0,High,Zone_003
2026-01-13 16:00:00,9.47,239.7,25.0,83.2,332.43,952.19,-22,1,0.24,695.03,96.9,49.22,16,13,1,1,0,-0.8660254037844384,-0.5000000000000004,-0.8633955506067716,-0.5045276238150194,1284.62,128.84854563691073,2.2728,20.8,0.2587769145739595,623.35,30.39,616.62,1185.16,False,False,True,False,False,False,False,False,False,False,569.75445,125.27554999999995,65.2194,31.680600000000013,25.20415,24.01585,569.75445,0.0,Severe,Zone_003
2026-01-13 22:00:00,8.95,26.0,31.5,49.2,325.47,1175.4,13,1,2.81,736.3,105.25,48.14,22,13,1,1,0,-0.5000000000000004,0.8660254037844384,0.4383711467890774,0.898794046299167,1500.87,158.82222222222225,25.1495,15.498,0.2168542245497611,695.03,96.9,670.3433333333334,1182.496666666667,False,False,True,False,False,False,False,False,False,False,569.75445,166.54554999999993,65.2194,40.03060000000001,25.20415,22.935850000000002,569.75445,0.0,Severe,Zone_003
2026-01-14 04:00:00,7.39,233.4,23.6,89.4,66.76,819.74,3,0,1.97,490.9,23.61,64.23,4,14,1,2,0,0.8660254037844386,0.5000000000000001,-0.8028174751911143,-0.5962248749656162,886.5,112.3574144486692,14.5583,21.0984,0.0753073886068809,736.3,105.25,684.8933333333334,1289.0433333333335,False,False,True,False,False,False,False,False,False,False,569.75445,-78.85445000000004,65.2194,-41.609399999999994,25.20415,39.025850000000005,569.75445,0.0,Moderate,Zone_003
2026-01-14 23:00:00,0.76,32.2,11.4,72.8,367.67,177.9,-26,0,0.89,653.98,18.89,72.29,23,14,1,2,0,-0.2588190451025215,0.965925826289068,0.53287627607073,0.846193166127564,545.57,432.9920634920636,0.6764,8.299199999999999,0.6739190204739997,490.9,23.61,640.7433333333333,1223.996666666667,False,False,True,False,False,False,False,False,False,False,569.75445,84.22555,65.2194,-46.32939999999999,25.20415,47.08585000000001,569.75445,0.0,High,Zone_003
2026-01-15 10:00:00,3.59,224.3,12.1,52.6,386.78,652.64,-3,1,4.5,544.72,107.03,-29.57,10,15,1,3,0,0.4999999999999999,-0.8660254037844387,-0.698415285431006,-0.7156927337037358,1039.42,254.13691931540345,16.155,6.3646,0.3721113698023897,653.98,18.89,627.06,977.646666666667,False,False,True,False,False,False,False,False,False,False,569.75445,-25.034449999999993,65.2194,41.81060000000001,25.20415,-54.77415,569.75445,0.0,Moderate,Zone_003
2026-01-15 16:00:00,5.4,256.9,29.7,37.0,198.78,362.09,-7,0,1.03,450.77,25.51,42.47,16,15,1,3,0,-0.8660254037844384,-0.5000000000000004,-0.9739759672790516,-0.2266513074368552,560.87,95.06271186440678,5.562,10.989,0.3544136787490862,544.72,107.03,563.1999999999999,823.8300000000003,False,False,True,False,False,False,False,False,False,False,569.75445,-118.98445000000004,65.2194,-39.70939999999999,25.20415,17.26585,569.75445,0.0,Low,Zone_003
2026-01-16 13:00:00,8.31,176.5,22.7,44.8,436.23,580.79,-8,0,1.09,616.27,95.02,87.38,13,16,1,4,0,-0.2588190451025208,-0.9659258262890684,0.0610485395348567,-0.998134798421867,1017.02,115.43927355278092,9.057900000000002,10.1696,0.4289296179032861,450.77,25.51,549.8233333333333,715.2866666666669,False,False,True,False,False,False,False,False,False,False,569.75445,46.51554999999996,65.2194,29.800600000000003,25.20415,62.17585,569.75445,0.0,High,Zone_003
2026-01-16 19:00:00,1.07,206.2,28.0,55.5,153.97,811.49,18,1,0.16,553.24,71.61,-23.2,19,16,1,4,0,-0.9659258262890684,0.2588190451025203,-0.4415058527917451,-0.8972583696743285,965.46,614.9426751592357,0.1712,15.54,0.1594783833612992,616.27,95.02,537.2533333333333,872.4366666666668,False,False,True,False,False,False,False,False,False,False,569.75445,-16.51445000000001,65.2194,6.390600000000006,25.20415,-48.40415,569.75445,0.0,Moderate,Zone_003
2026-01-16 22:00:00,3.45,175.1,33.0,46.5,432.63,464.53,11,1,2.78,624.64,39.85,91.13,22,16,1,4,0,-0.5000000000000004,0.8660254037844384,0.0854169231373676,-0.9963452961909064,897.16,227.1291139240506,9.591,15.345,0.4822216772927906,553.24,71.61,540.0933333333334,847.7833333333334,False,False,True,False,False,False,False,False,False,False,569.75445,54.88554999999997,65.2194,-25.36939999999999,25.20415,65.92585,569.75445,0.0,High,Zone_003
2026-01-17 22:00:00,7.11,150.8,14.8,58.1,399.55,400.33,-12,1,4.15,692.46,63.79,0.78,22,17,1,5,1,-0.5000000000000004,0.8660254037844384,0.4878596591387326,-0.8729220772698097,799.88,105.10906701708278,29.506500000000003,8.5988,0.4995124268640296,624.64,39.85,598.0500000000001,959.88,False,False,True,False,False,False,False,False,False,False,569.75445,122.70555000000002,65.2194,-1.429399999999994,25.20415,-24.424149999999997,569.75445,0.0,Severe,Zone_003
2026-01-18 00:00:00,6.3,121.9,28.1,61.7,234.11,250.77,-21,0,2.1,519.71,27.78,34.95,0,18,1,6,1,0.0,1.0,0.8489716876291415,-0.528438334722347,484.88,71.30588235294118,13.23,17.3377,0.4828204916680416,692.46,63.79,623.4466666666667,887.5000000000001,False,False,True,False,False,False,False,False,False,False,569.75445,-50.04444999999998,65.2194,-37.43939999999999,25.20415,9.745850000000004,569.75445,0.0,Moderate,Zone_003
2026-01-19 01:00:00,10.57,356.1,28.6,94.1,443.43,982.27,20,0,4.91,741.83,64.05,64.0,1,19,1,0,0,0.2588190451025207,0.9659258262890684,-0.0680152906652477,0.9976842788356052,1425.7,128.78952122854562,51.898700000000005,26.9126,0.3110261625867994,519.71,27.78,612.27,727.3066666666668,False,False,True,False,False,False,False,False,False,False,569.75445,172.07555000000002,65.2194,-1.169399999999996,25.20415,38.79585,569.75445,0.0,Severe,Zone_003
2026-01-19 14:00:00,1.88,135.3,22.2,45.9,299.79,774.73,-29,0,2.92,594.41,85.89,3.94,14,19,1,0,0,-0.4999999999999997,-0.8660254037844388,0.7033947028105039,-0.7107994738729925,1074.52,451.47899159663865,5.489599999999999,10.189799999999998,0.2789989949000484,741.83,64.05,651.3333333333334,903.4866666666668,False,False,True,False,False,False,False,False,False,False,569.75445,24.65554999999995,65.2194,20.670600000000007,25.20415,-21.264149999999997,569.75445,0.0,High,Zone_003
2026-01-19 17:00:00,10.41,27.9,34.6,47.5,215.74,224.91,28,0,2.22,556.44,21.63,4.3,17,19,1,0,0,-0.9659258262890684,-0.2588190451025206,0.4679298142605733,0.8837656300886935,440.65,40.389550870760765,23.110200000000003,16.435,0.4895949166004766,594.41,85.89,618.65,995.0333333333334,False,False,True,False,False,False,False,False,False,False,569.75445,-13.314449999999965,65.2194,-43.5894,25.20415,-20.904149999999998,569.75445,0.0,Moderate,Zone_003
2026-01-19 19:00:00,11.45,36.8,11.1,65.9,481.75,482.44,-26,1,3.1,523.01,19.52,13.58,19,19,1,0,0,-0.9659258262890684,0.2588190451025203,0.5990235985155858,0.8007313709487335,964.19,80.68535564853558,35.495,7.3149,0.4996421867059397,556.44,21.63,630.8933333333333,980.29,False,False,True,False,False,False,False,False,False,False,569.75445,-46.74445000000003,65.2194,-45.6994,25.20415,-11.624149999999998,569.75445,0.0,Moderate,Zone_003
2026-01-20 01:00:00,4.1,130.2,18.3,42.9,452.44,1156.94,-18,0,1.48,511.12,31.37,32.77,1,20,1,1,0,0.2588190451025207,0.9659258262890684,0.7637960286346424,-0.6454576877239504,1609.38,349.8652173913044,6.068,7.850700000000001,0.28112689358635,523.01,19.52,557.9533333333334,826.4533333333335,False,False,True,False,False,False,False,False,False,False,569.75445,-58.634450000000015,65.2194,-33.84939999999999,25.20415,7.565850000000005,569.75445,0.0,Moderate,Zone_003
2026-01-20 03:00:00,2.01,315.3,16.6,63.2,475.3,292.69,-26,0,4.92,447.51,93.09,45.03,3,20,1,1,0,0.7071067811865475,0.7071067811865476,-0.7033947028105036,0.7107994738729927,767.99,305.9721115537849,9.8892,10.4912,0.618888266774307,511.12,31.37,530.19,1004.7400000000002,False,False,True,False,False,False,False,False,False,False,569.75445,-122.24445000000003,65.2194,27.87060000000001,25.20415,19.825850000000003,569.75445,0.0,Low,Zone_003
2026-01-20 12:00:00,5.97,18.1,11.8,38.8,429.99,251.83,-18,0,4.87,682.19,108.94,21.99,12,20,1,1,0,1.2246467991473532e-16,-1.0,0.3106764296307318,0.9505157316277836,681.82,105.38176197836168,29.0739,4.578399999999999,0.630650318265818,447.51,93.09,493.88000000000005,1113.8533333333337,False,False,True,False,False,False,False,False,False,False,569.75445,112.43555000000003,65.2194,43.720600000000005,25.20415,-3.21415,569.75445,0.0,Severe,Zone_003
2026-01-21 05:00:00,8.52,51.2,18.6,48.6,94.64,498.52,15,0,1.41,546.12,74.35,-12.02,5,21,1,2,0,0.9659258262890684,0.2588190451025207,0.7793379649314741,0.6266038113644605,593.16,65.76053215077606,12.0132,9.039600000000002,0.1595522287409805,682.19,108.94,546.94,1019.73,False,False,True,False,False,False,False,False,False,False,569.75445,-23.634450000000015,65.2194,9.130600000000001,25.20415,-37.224149999999995,569.75445,0.0,Moderate,Zone_003
2026-01-21 07:00:00,10.61,225.3,24.0,85.6,146.76,1067.36,14,0,4.73,589.93,67.11,79.65,7,21,1,2,0,0.9659258262890684,-0.2588190451025206,-0.7107994738729925,-0.703394702810504,1214.12,109.28172817281728,50.185300000000005,20.544,0.1208776727176885,546.12,74.35,558.6066666666667,680.9900000000001,False,False,True,False,False,False,False,False,False,False,569.75445,20.17554999999993,65.2194,1.8906000000000063,25.20415,54.44585000000001,569.75445,0.0,High,Zone_003
2026-01-21 19:00:00,3.93,349.2,22.1,73.9,379.24,554.76,-4,1,1.32,736.45,12.66,-44.11,19,21,1,2,0,-0.9659258262890684,0.2588190451025203,-0.1873813145857246,0.9822872507286888,934.0,210.83521444695265,5.187600000000001,16.331900000000005,0.4060385438972163,589.93,67.11,606.0799999999999,829.7000000000002,False,False,True,False,False,False,False,False,False,False,569.75445,166.69555000000003,65.2194,-52.5594,25.20415,-69.31415,569.75445,0.0,Severe,Zone_003
2026-01-22 02:00:00,4.75,251.1,11.8,88.8,376.44,752.6,-10,0,2.01,582.65,39.79,76.87,2,22,1,3,0,0.4999999999999999,0.8660254037844387,-0.9460853588275452,-0.3239174181981495,1129.04,215.05523809523808,9.5475,10.4784,0.3334159994331467,736.45,12.66,624.1666666666666,913.76,False,False,True,False,False,False,False,False,False,False,569.75445,12.895549999999957,65.2194,-25.429399999999994,25.20415,51.665850000000006,569.75445,0.0,High,Zone_003
2026-01-22 06:00:00,5.57,249.1,33.4,84.4,447.23,442.31,11,0,0.33,606.56,65.0,-7.16,6,22,1,3,0,1.0,6.123233995736766e-17,-0.9342044743210292,-0.3567379993196257,889.54,146.54695222405272,1.8381000000000003,28.1896,0.5027654742900826,582.65,39.79,636.3433333333334,1092.3866666666668,False,False,True,False,False,False,False,False,False,False,569.75445,36.805549999999926,65.2194,-0.21939999999999316,25.20415,-32.364149999999995,569.75445,0.0,High,Zone_003
2026-01-22 10:00:00,2.09,75.4,18.6,74.1,377.33,422.12,1,0,1.2,705.84,48.51,17.66,10,22,1,3,0,0.4999999999999999,-0.8660254037844387,0.9677091704819712,0.2520693582431136,799.45,308.6679536679537,2.508,13.7826,0.4719869910563511,606.56,65.0,641.8866666666667,984.1933333333336,False,False,True,False,False,False,False,False,False,False,569.75445,136.08555,65.2194,-16.709399999999995,25.20415,-7.544149999999998,569.75445,0.0,Severe,Zone_003
2026-01-22 14:00:00,8.13,331.2,26.1,69.0,124.59,243.5,8,1,1.53,524.47,82.6,-34.92,14,22,1,3,0,-0.4999999999999997,-0.8660254037844388,-0.4817536741017153,0.8763066800438636,368.09,42.652375434530704,12.438900000000002,18.009,0.3384770029068977,705.84,48.51,631.6833333333334,939.3433333333336,False,False,True,False,False,False,False,False,False,False,569.75445,-45.28444999999999,65.2194,17.3806,25.20415,-60.12415,569.75445,0.0,Moderate,Zone_003
2026-01-23 05:00:00,11.95,132.0,33.1,89.2,137.94,850.73,-23,0,4.8,708.13,70.8,92.65,5,23,1,4,0,0.9659258262890684,0.2588190451025207,0.7431448254773942,-0.6691306063588582,988.67,79.41124497991969,57.35999999999999,29.525200000000005,0.1395207703278141,524.47,82.6,612.29,685.6933333333335,False,False,True,False,False,False,False,False,False,False,569.75445,138.37554999999998,65.2194,5.580600000000004,25.20415,67.44585000000001,569.75445,0.0,Severe,Zone_003
2026-01-23 23:00:00,1.87,303.5,25.8,53.9,144.47,1165.48,-3,1,0.19,448.56,37.0,96.27,23,23,1,4,0,-0.2588190451025215,0.965925826289068,-0.8338858220671683,0.551936985312058,1309.95,552.7215189873417,0.3553,13.906199999999998,0.1102866521622962,708.13,70.8,646.1466666666666,718.7366666666668,False,False,True,False,False,False,False,False,False,False,569.75445,-121.19445000000002,65.2194,-28.219399999999993,25.20415,71.06585,569.75445,0.0,Low,Zone_003
2026-01-24 10:00:00,2.68,60.0,14.3,61.8,444.72,136.49,30,1,1.24,676.28,82.93,-30.89,10,24,1,5,1,0.4999999999999999,-0.8660254037844387,0.8660254037844386,0.5000000000000001,581.21,182.77044025157232,3.3232000000000004,8.8374,0.7651623337520002,448.56,37.0,560.3866666666667,888.9033333333336,False,False,True,False,False,False,False,False,False,False,569.75445,106.52554999999995,65.2194,17.710600000000014,25.20415,-56.09415,569.75445,0.0,Severe,Zone_003
2026-01-24 15:00:00,5.61,62.6,27.2,71.2,322.79,956.41,-13,1,3.85,542.39,62.02,-34.08,15,24,1,5,1,-0.7071067811865471,-0.7071067811865479,0.8878153851364013,0.4601997847838517,1279.2,209.3617021276596,21.5985,19.3664,0.2523373983739837,676.28,82.93,610.99,959.9433333333336,False,False,True,False,False,False,False,False,False,False,569.75445,-27.364450000000033,65.2194,-3.19939999999999,25.20415,-59.28415,569.75445,0.0,Moderate,Zone_003
2026-01-24 17:00:00,6.35,6.5,20.6,49.8,343.1,688.58,-29,0,4.86,642.91,91.59,18.8,17,24,1,5,1,-0.9659258262890684,-0.2588190451025206,0.1132032137679067,0.9935718556765876,1031.68,150.6102189781022,30.861,10.2588,0.3325643610421836,542.39,62.02,555.7433333333333,1056.7866666666669,False,False,True,False,False,False,False,False,False,False,569.75445,73.15554999999995,65.2194,26.37060000000001,25.20415,-6.404149999999998,569.75445,0.0,High,Zone_003
2026-01-25 01:00:00,11.85,306.6,12.2,63.0,233.54,552.15,-25,0,0.19,571.7,76.85,36.91,1,25,1,6,1,0.2588190451025207,0.9659258262890684,-0.8028174751911145,0.5962248749656158,785.6899999999999,63.61862348178138,2.2515,7.685999999999999,0.2972419147500922,642.91,91.59,620.5266666666666,964.0300000000004,False,False,True,False,False,False,False,False,False,False,569.75445,1.9455500000000256,65.2194,11.630600000000001,25.20415,11.705849999999998,569.75445,0.0,High,Zone_003
2026-01-25 16:00:00,0.51,92.0,18.5,48.9,185.43,914.89,19,0,4.1,584.74,16.64,57.2,16,25,1,6,1,-0.8660254037844384,-0.5000000000000004,0.9993908270190958,-0.0348994967025009,1100.32,1089.4257425742574,2.091,9.0465,0.1685237021957249,571.7,76.85,585.6666666666666,1032.1900000000005,False,False,True,False,False,False,False,False,False,False,569.75445,14.98554999999999,65.2194,-48.57939999999999,25.20415,31.995850000000004,569.75445,0.0,High,Zone_003
2026-01-25 17:00:00,4.04,131.2,30.1,65.2,387.01,761.62,10,1,1.88,646.6,20.33,5.11,17,25,1,6,1,-0.9659258262890684,-0.2588190451025206,0.7524149088957246,-0.6586894601186802,1148.63,253.00220264317184,7.595199999999999,19.625200000000003,0.3369318231284225,584.74,16.64,599.7833333333334,972.5633333333336,False,False,True,False,False,False,False,False,False,False,569.75445,76.84555,65.2194,-44.889399999999995,25.20415,-20.09415,569.75445,0.0,High,Zone_003
2026-01-26 03:00:00,10.91,155.6,33.1,83.3,53.97,421.69,9,1,1.08,714.11,87.27,-41.58,3,26,1,0,0,0.7071067811865475,0.7071067811865476,0.413104429824542,-0.910683660806177,475.66,41.68799298860648,11.782800000000002,27.5723,0.1134633982256233,646.6,20.33,601.0133333333333,1011.546666666667,False,False,True,False,False,False,False,False,False,False,569.75445,144.35555,65.2194,22.050600000000003,25.20415,-66.78415,569.75445,0.0,Severe,Zone_003
2026-01-27 03:00:00,10.32,188.7,11.4,52.7,390.88,847.64,5,1,3.51,694.21,41.44,20.34,3,27,1,1,0,0.7071067811865475,0.7071067811865476,-0.1512608202472189,-0.9884938868086836,1238.52,114.46580406654344,36.2232,6.0078000000000005,0.3156024932984529,714.11,87.27,648.4833333333333,908.2033333333336,False,False,True,False,False,False,False,False,False,False,569.75445,124.45555000000002,65.2194,-23.779399999999995,25.20415,-4.864149999999999,569.75445,0.0,Severe,Zone_003
2026-01-27 06:00:00,9.35,99.9,15.7,66.1,367.53,852.63,14,0,0.76,685.49,114.95,11.26,6,27,1,1,0,1.0,6.123233995736766e-17,0.985109326154774,-0.1719291002794096,1220.16,123.8741116751269,7.106,10.377699999999995,0.3012145948072384,694.21,41.44,684.9733333333334,954.2700000000004,False,False,True,False,False,False,False,False,False,False,569.75445,115.73554999999999,65.2194,49.73060000000001,25.20415,-13.944149999999999,569.75445,0.0,Severe,Zone_003
2026-01-28 05:00:00,5.26,68.4,27.3,93.4,450.47,650.54,-22,0,4.05,487.37,96.76,-35.96,5,28,1,2,0,0.9659258262890684,0.2588190451025207,0.9297764858882516,0.3681245526846778,1101.01,191.14756944444449,21.303,25.4982,0.4091425146002307,685.49,114.95,697.9366666666668,978.1133333333336,False,False,True,False,False,False,False,False,False,False,569.75445,-82.38445000000002,65.2194,31.540600000000012,25.20415,-61.16415,569.75445,0.0,Moderate,Zone_003
2026-01-28 14:00:00,11.4,98.5,30.8,78.9,314.34,271.51,-19,0,0.8,459.15,42.74,56.9,14,28,1,2,0,-0.4999999999999997,-0.8660254037844388,0.9890158633619168,-0.1478094111296106,585.8499999999999,49.231092436974784,9.12,24.301200000000005,0.53655372535632,487.37,96.76,622.3566666666667,1186.5633333333335,False,False,True,False,False,False,False,False,False,False,569.75445,-110.60445000000004,65.2194,-22.47939999999999,25.20415,31.69585,569.75445,0.0,Low,Zone_003
2026-01-28 22:00:00,7.72,331.5,22.4,35.1,176.27,690.83,8,0,0.74,417.18,39.52,33.35,22,28,1,2,0,-0.5000000000000004,0.8660254037844384,-0.4771587602596087,0.8788171126619652,867.1,105.4866180048662,5.7128,7.8624,0.2032868181293968,459.15,42.74,544.0033333333333,969.0066666666668,False,False,True,False,False,False,False,False,False,False,569.75445,-152.57445,65.2194,-25.69939999999999,25.20415,8.145850000000003,569.75445,0.0,Low,Zone_003
2026-01-29 03:00:00,10.71,242.5,14.9,74.6,322.75,610.21,12,0,2.22,491.88,46.64,-35.73,3,29,1,3,0,0.7071067811865475,0.7071067811865476,-0.8870108331782215,-0.4617486132350343,932.96,83.22569134701159,23.776200000000003,11.1154,0.3459419482078545,417.18,39.52,454.56666666666666,851.3200000000003,False,False,True,False,False,False,False,False,False,False,569.75445,-77.87445000000002,65.2194,-18.579399999999993,25.20415,-60.934149999999995,569.75445,0.0,Moderate,Zone_003
2026-01-29 16:00:00,2.76,336.8,33.5,33.3,313.35,507.0,-30,0,1.97,746.02,30.27,-47.08,16,29,1,3,0,-0.8660254037844384,-0.5000000000000004,-0.393941909590951,0.9191353392552344,820.35,251.6411042944785,5.4372,11.1555,0.3819711098921192,491.88,46.64,456.07,795.3033333333336,False,False,True,False,False,False,False,False,False,False,569.75445,176.26554999999996,65.2194,-34.9494,25.20415,-72.28415,569.75445,0.0,Severe,Zone_003
2026-01-30 03:00:00,2.57,88.8,32.2,54.4,320.09,638.52,15,0,1.15,707.37,100.34,38.41,3,30,1,4,0,0.7071067811865475,0.7071067811865476,0.9997806834748456,0.020942419883357,958.61,312.2508143322476,2.9555,17.5168,0.3339105579954309,746.02,30.27,551.6933333333333,873.4700000000003,False,False,True,False,False,False,False,False,False,False,569.75445,137.61554999999998,65.2194,35.12060000000001,25.20415,13.205849999999998,569.75445,0.0,Severe,Zone_003
2026-01-30 11:00:00,1.14,148.9,22.6,94.9,91.35,1134.79,2,1,2.91,533.37,88.82,39.43,11,30,1,4,0,0.258819045102521,-0.9659258262890682,0.5165333288666419,-0.8562670846003282,1226.14,747.6463414634146,3.3174,21.4474,0.0745020960086123,707.37,100.34,648.4233333333333,903.9733333333336,False,False,True,False,False,False,False,False,False,False,569.75445,-36.384450000000015,65.2194,23.6006,25.20415,14.225850000000001,569.75445,0.0,Moderate,Zone_003
2026-01-30 20:00:00,0.57,246.3,24.4,74.7,281.47,918.11,14,0,4.42,709.78,76.92,93.46,20,30,1,4,0,-0.8660254037844386,0.5000000000000001,-0.915662593339561,-0.4019477766559603,1199.58,1121.1028037383178,2.5194,18.2268,0.234640457493456,533.37,88.82,662.2533333333334,1001.7000000000004,False,False,True,False,False,False,False,False,False,False,569.75445,140.02554999999995,65.2194,11.700600000000009,25.20415,68.25585,569.75445,0.0,Severe,Zone_003
2026-01-31 12:00:00,4.27,138.8,27.0,68.9,97.87,223.43,-24,0,2.92,453.26,72.28,-26.77,12,31,1,5,1,1.2246467991473532e-16,-1.0,0.6586894601186803,-0.7524149088957245,321.3,67.35849056603774,12.4684,18.603,0.3046062869592281,709.78,76.92,650.1733333333333,1128.1100000000004,False,False,True,False,False,False,False,False,False,False,569.75445,-116.49445000000003,65.2194,7.060600000000008,25.20415,-51.974149999999995,569.75445,0.0,Low,Zone_003
2026-01-31 23:00:00,3.11,276.1,31.6,84.9,239.13,752.97,20,1,2.73,746.34,23.4,36.65,23,31,1,5,1,-0.2588190451025215,0.965925826289068,-0.9943379441332044,0.1062640713362335,992.1,274.81994459833794,8.4903,26.8284,0.2410341699425461,453.26,72.28,565.4700000000001,915.6733333333336,False,False,True,False,False,False,False,False,False,False,569.75445,176.58555,65.2194,-41.819399999999995,25.20415,11.44585,569.75445,0.0,Severe,Zone_003
2026-02-01 00:00:00,9.05,96.6,29.3,58.1,309.68,394.08,24,1,1.22,485.15,86.44,-5.37,0,1,2,6,1,0.0,1.0,0.9933727656003964,-0.1149371504928664,703.76,73.69214659685863,11.041,17.023300000000003,0.4400363760372854,746.34,23.4,636.46,837.6600000000003,False,False,True,False,False,False,False,False,False,False,569.75445,-84.60445000000004,65.2194,21.220600000000005,25.20415,-30.57415,569.75445,0.0,Moderate,Zone_003
2026-02-01 03:00:00,4.43,338.9,29.2,42.3,217.18,153.96,-20,1,0.2,552.25,68.69,-3.23,3,1,2,6,1,0.7071067811865475,0.7071067811865476,-0.3599968081200516,0.9329535348254888,371.14,75.28194726166329,0.886,12.351599999999998,0.5851700167052865,485.15,86.44,561.5833333333334,672.386666666667,False,False,True,False,False,False,False,False,False,False,569.75445,-17.50445000000002,65.2194,3.4706000000000046,25.20415,-28.43415,569.75445,0.0,Moderate,Zone_003
2026-02-01 04:00:00,11.56,317.4,24.9,75.6,144.0,1075.18,-15,0,3.01,503.24,46.97,-3.59,4,1,2,6,1,0.8660254037844386,0.5000000000000001,-0.6768759696826608,0.7360970871197342,1219.18,101.09286898839136,34.7956,18.8244,0.1181121737561311,552.25,68.69,594.58,689.0000000000003,False,False,True,False,False,False,False,False,False,False,569.75445,-66.51445000000001,65.2194,-18.249399999999994,25.20415,-28.79415,569.75445,0.0,Moderate,Zone_003
2026-02-02 07:00:00,9.12,125.0,11.0,52.2,433.83,417.78,10,1,3.32,467.59,12.85,48.15,7,2,2,0,0,0.9659258262890684,-0.2588190451025206,0.8191520442889917,-0.5735764363510462,851.6099999999999,88.52494802494802,30.278399999999998,5.742000000000001,0.5094233275795259,503.24,46.97,513.5466666666666,764.6933333333336,False,False,True,False,False,False,False,False,False,False,569.75445,-102.16445000000004,65.2194,-52.36939999999999,25.20415,22.94585,569.75445,0.0,Low,Zone_003
2026-02-02 17:00:00,5.41,275.9,32.4,53.4,137.58,765.94,0,1,3.66,506.54,25.41,86.0,17,2,2,0,0,-0.9659258262890684,-0.2588190451025206,-0.9947028171171742,0.1027925367872464,903.52,152.87986463620982,19.800600000000003,17.301599999999997,0.1522711174074729,467.59,12.85,507.6933333333334,813.976666666667,False,False,True,False,False,False,False,False,False,False,569.75445,-63.21445,65.2194,-39.8094,25.20415,60.79585,569.75445,0.0,Moderate,Zone_003
2026-02-02 19:00:00,10.83,296.6,25.9,74.8,475.95,848.23,-30,0,3.47,569.25,57.5,2.9,19,2,2,0,0,-0.9659258262890684,0.2588190451025203,-0.8941542368393681,0.4477590878387699,1324.18,116.873786407767,37.5801,19.3732,0.3594299868597924,506.54,25.41,492.4566666666667,991.4366666666672,False,False,True,False,False,False,False,False,False,False,569.75445,-0.5044500000000198,65.2194,-7.719399999999993,25.20415,-22.30415,569.75445,0.0,High,Zone_003
2026-02-03 00:00:00,1.92,186.2,33.0,93.6,471.89,333.89,-20,0,1.57,667.17,85.27,-5.77,0,3,2,1,0,0.0,1.0,-0.1079993557060226,-0.9941509639723154,805.78,332.9669421487603,3.0144,30.888,0.5856313137580977,569.25,57.5,514.46,1026.436666666667,False,False,True,False,False,False,False,False,False,False,569.75445,97.41554999999994,65.2194,20.050600000000003,25.20415,-30.974149999999998,569.75445,0.0,Severe,Zone_003
2026-02-03 01:00:00,2.87,42.1,28.9,87.2,381.5,511.77,4,1,3.17,659.02,70.9,79.88,1,3,2,1,0,0.2588190451025207,0.9659258262890684,0.6704266189587992,0.7419758409756164,893.27,265.0652818991098,9.0979,25.2008,0.4270825170441188,667.17,85.27,580.9866666666667,1011.1600000000002,False,False,True,False,False,False,False,False,False,False,569.75445,89.26554999999996,65.2194,5.6806000000000125,25.20415,54.67585,569.75445,0.0,Severe,Zone_003
2026-02-03 18:00:00,1.29,347.8,12.9,72.1,441.68,181.59,14,1,4.42,603.11,55.82,-31.7,18,3,2,1,0,-1.0,-1.8369701987210294e-16,-0.2113247964553889,0.9774158942860958,623.27,348.19553072625695,5.7018,9.3009,0.708649541932068,659.02,70.9,631.8133333333334,1007.7433333333336,False,False,True,False,False,False,False,False,False,False,569.75445,33.355549999999994,65.2194,-9.399399999999993,25.20415,-56.90415,569.75445,0.0,High,Zone_003
2026-02-04 03:00:00,4.41,3.6,33.1,90.4,191.65,820.4,25,1,4.9,698.48,98.72,25.83,3,4,2,2,0,0.7071067811865475,0.7071067811865476,0.0627905195293133,0.9980267284282716,1012.05,206.1201629327902,21.609,29.922400000000003,0.1893681142236055,603.11,55.82,643.1,774.1066666666669,False,False,True,False,False,False,False,False,False,False,569.75445,128.72555,65.2194,33.500600000000006,25.20415,0.6258499999999998,569.75445,0.0,Severe,Zone_003
2026-02-05 03:00:00,1.11,300.7,15.7,36.1,261.12,101.32,-9,0,4.31,717.83,58.23,-19.25,3,5,2,3,0,0.7071067811865475,0.7071067811865476,-0.8598522715968737,0.5105429179116052,362.44,225.11801242236024,4.7841,5.6677,0.7204502814258912,698.48,98.72,653.5366666666667,842.8633333333337,False,False,True,False,False,False,False,False,False,False,569.75445,148.07555000000002,65.2194,-6.989399999999996,25.20415,-44.45415,569.75445,0.0,Severe,Zone_003
2026-02-05 04:00:00,8.85,131.5,23.1,94.3,424.01,777.71,-5,0,4.23,684.76,90.18,-49.76,4,5,2,3,0,0.8660254037844386,0.5000000000000001,0.7489557207890021,-0.6626200482157376,1201.72,128.52620320855615,37.435500000000005,21.7833,0.3528359351596045,717.83,58.23,673.14,665.9200000000003,False,False,True,False,False,False,False,False,False,False,569.75445,115.00554999999997,65.2194,24.960600000000014,25.20415,-74.96414999999999,569.75445,0.0,Severe,Zone_003
2026-02-05 18:00:00,2.71,348.2,11.0,52.6,465.94,1140.43,-28,0,3.92,460.68,41.07,87.76,18,5,2,3,0,-1.0,-1.8369701987210294e-16,-0.2044960518417902,0.978867388761685,1606.37,500.4267912772586,10.6232,5.7860000000000005,0.2900577077510162,684.76,90.18,700.3566666666667,858.736666666667,False,False,True,False,False,False,False,False,False,False,569.75445,-109.07445000000001,65.2194,-24.149399999999993,25.20415,62.55585000000001,569.75445,0.0,Low,Zone_003
2026-02-05 23:00:00,6.58,181.0,10.8,32.2,223.89,847.86,16,0,1.47,660.15,40.32,-44.58,23,5,2,3,0,-0.2588190451025215,0.965925826289068,-0.0174524064372836,-0.9998476951563912,1071.75,151.3771186440678,9.6726,3.4776000000000007,0.2089013296011196,460.68,41.07,621.09,1056.8433333333337,False,False,True,False,False,False,False,False,False,False,569.75445,90.39554999999996,65.2194,-24.899399999999993,25.20415,-69.78415,569.75445,0.0,Severe,Zone_003
2026-02-06 05:00:00,1.48,3.1,27.3,71.4,411.03,828.67,-21,1,4.45,594.48,51.79,-1.67,5,6,2,4,0,0.9659258262890684,0.2588190451025207,0.0540788129847752,0.9985366703262116,1239.6999999999998,626.111111111111,6.586,19.492200000000004,0.3315560216181334,660.15,40.32,601.8633333333333,1293.2800000000004,False,False,True,False,False,False,False,False,False,False,569.75445,24.72555,65.2194,-13.429399999999994,25.20415,-26.87415,569.75445,0.0,High,Zone_003
2026-02-06 15:00:00,4.27,207.7,14.2,64.7,415.9,1092.41,17,0,3.75,613.53,68.76,-29.67,15,6,2,4,0,-0.7071067811865471,-0.7071067811865479,-0.4648420457246192,-0.885393625754416,1508.31,316.20754716981133,16.0125,9.1874,0.2757390722066418,594.48,51.79,571.7700000000001,1305.9400000000005,False,False,True,False,False,False,False,False,False,False,569.75445,43.77554999999995,65.2194,3.540600000000012,25.20415,-54.87415,569.75445,0.0,High,Zone_003
2026-02-07 12:00:00,2.74,240.9,27.1,91.3,373.3,338.14,14,0,1.97,623.89,96.73,-13.86,12,7,2,5,1,1.2246467991473532e-16,-1.0,-0.8737722230354654,-0.4863353804234901,711.44,219.58024691358025,5.3978,24.7423,0.5247104464185314,613.53,68.76,622.72,1273.2533333333336,False,False,True,False,False,False,False,False,False,False,569.75445,54.13554999999997,65.2194,31.51060000000001,25.20415,-39.06415,569.75445,0.0,High,Zone_003
2026-02-07 20:00:00,10.09,138.2,24.6,78.0,68.01,526.43,-2,1,0.13,467.38,52.33,60.9,20,7,2,5,1,-0.8660254037844386,0.5000000000000001,0.6665324702494528,-0.7454759996828618,594.4399999999999,56.13220018885741,1.3117,19.188,0.1144102011977659,623.89,96.73,610.6333333333333,1153.1500000000003,False,False,True,False,False,False,False,False,False,False,569.75445,-102.37445000000002,65.2194,-12.889399999999995,25.20415,35.69585,569.75445,0.0,Low,Zone_003
2026-02-07 21:00:00,1.86,307.6,34.4,55.8,199.54,568.34,27,0,3.82,559.81,33.2,4.74,21,7,2,5,1,-0.7071067811865477,0.7071067811865474,-0.7922896433551903,0.6101451639012682,767.88,325.3728813559322,7.1052,19.1952,0.2598583111944574,467.38,52.33,568.2666666666668,938.0633333333336,False,False,True,False,False,False,False,False,False,False,569.75445,-9.944450000000074,65.2194,-32.01939999999999,25.20415,-20.464149999999997,569.75445,0.0,Moderate,Zone_003
2026-02-08 04:00:00,5.66,192.1,30.4,31.2,172.65,405.11,18,1,2.62,441.67,92.41,-39.71,4,8,2,6,1,0.8660254037844386,0.5000000000000001,-0.2096185629038218,-0.977783236758606,577.76,93.7922077922078,14.8292,9.4848,0.2988265023539186,559.81,33.2,550.36,691.2533333333337,False,False,True,False,False,False,False,False,False,False,569.75445,-128.08445,65.2194,27.190600000000003,25.20415,-64.91415,569.75445,0.0,Low,Zone_003
2026-02-08 08:00:00,4.13,188.4,30.0,72.5,380.36,1002.74,-17,0,1.77,671.42,45.22,83.6,8,8,2,6,1,0.8660254037844387,-0.4999999999999998,-0.1460830285624117,-0.9892723329629884,1383.1,298.72570194384446,7.3101,21.75,0.2750054226014026,441.67,92.41,489.62000000000006,646.6933333333336,False,False,True,False,False,False,False,False,False,False,569.75445,101.66554999999994,65.2194,-19.999399999999994,25.20415,58.395849999999996,569.75445,0.0,Severe,Zone_003
2026-02-08 19:00:00,7.75,262.3,17.0,85.9,444.47,814.17,6,1,2.05,712.86,54.13,83.12,19,8,2,6,1,-0.9659258262890684,0.2588190451025203,-0.9909831997148364,-0.1339861854182918,1258.64,152.5624242424242,15.8875,14.603000000000002,0.3531351299815675,671.42,45.22,557.6333333333333,909.5800000000004,False,False,True,False,False,False,False,False,False,False,569.75445,143.10555,65.2194,-11.08939999999999,25.20415,57.915850000000006,569.75445,0.0,Severe,Zone_003
2026-02-09 08:00:00,4.45,200.1,31.7,33.1,251.57,732.62,15,0,1.47,503.52,11.98,26.13,8,9,2,0,0,0.8660254037844387,-0.4999999999999998,-0.3436596945856159,-0.9390942520947092,984.19,198.82626262626263,6.5415,10.4927,0.2556112132819882,712.86,54.13,608.6500000000001,1073.166666666667,False,False,True,False,False,False,False,False,False,False,569.75445,-66.23445000000004,65.2194,-53.23939999999999,25.20415,0.9258500000000005,569.75445,0.0,Moderate,Zone_003
2026-02-09 10:00:00,6.93,148.3,29.5,40.3,399.04,639.13,27,0,1.87,412.47,26.22,-44.92,10,9,2,0,0,0.4999999999999999,-0.8660254037844387,0.5254716510722677,-0.8508111094240512,1038.17,139.72678331090177,12.9591,11.8885,0.3843686486798886,503.52,11.98,629.2666666666668,1208.6433333333334,False,False,True,False,False,False,False,False,False,False,569.75445,-157.28445,65.2194,-38.999399999999994,25.20415,-70.12415,569.75445,0.0,Low,Zone_003
2026-02-09 13:00:00,0.68,188.9,19.3,73.2,355.5,691.72,-17,1,4.78,549.11,110.26,-0.16,13,9,2,0,0,-0.2588190451025208,-0.9659258262890684,-0.154710386299468,-0.9879598657693892,1047.22,887.4745762711864,3.2504000000000004,14.127600000000005,0.339470216382422,412.47,26.22,542.9500000000002,1093.666666666667,False,False,True,False,False,False,False,False,False,False,569.75445,-20.644450000000006,65.2194,45.04060000000001,25.20415,-25.36415,569.75445,0.0,Moderate,Zone_003
2026-02-09 15:00:00,4.84,121.7,11.6,42.9,123.0,336.86,20,0,2.03,721.05,115.58,93.66,15,9,2,0,0,-0.7071067811865471,-0.7071067811865479,0.8508111094240511,-0.5254716510722679,459.86,86.11610486891387,9.8252,4.9764,0.2674727090853738,549.11,110.26,488.3666666666668,1023.1933333333336,False,False,True,False,False,False,False,False,False,False,569.75445,151.29554999999993,65.2194,50.360600000000005,25.20415,68.45585,569.75445,0.0,Severe,Zone_003
2026-02-10 22:00:00,2.9,119.5,11.3,33.1,77.76,1019.52,28,0,4.1,737.8,49.27,75.39,22,10,2,1,0,-0.5000000000000004,0.8660254037844384,0.8703556959398997,-0.492423560103467,1097.28,322.7294117647059,11.89,3.7403,0.0708661417322834,721.05,115.58,560.8766666666667,848.416666666667,False,False,True,False,False,False,False,False,False,False,569.75445,168.04554999999993,65.2194,-15.94939999999999,25.20415,50.18585,569.75445,0.0,Severe,Zone_003
2026-02-10 23:00:00,2.0,268.0,27.1,44.3,143.94,934.29,0,0,1.92,610.42,98.86,72.04,23,10,2,1,0,-0.2588190451025215,0.965925826289068,-0.9993908270190958,-0.0348994967025007,1078.23,431.292,3.84,12.0053,0.1334965638129156,737.8,49.27,669.32,868.1200000000003,False,False,True,False,False,False,False,False,False,False,569.75445,40.66554999999994,65.2194,33.640600000000006,25.20415,46.83585000000001,569.75445,0.0,High,Zone_003
2026-02-12 05:00:00,1.23,128.0,17.2,78.3,197.19,1019.54,21,0,1.77,428.33,80.55,-40.06,5,12,2,3,0,0.9659258262890684,0.2588190451025207,0.788010753606722,-0.6156614753256583,1216.73,703.3121387283237,2.1771,13.4676,0.162065536314548,610.42,98.86,689.7566666666667,878.4566666666669,False,False,True,False,False,False,False,False,False,False,569.75445,-141.42445000000004,65.2194,15.330600000000004,25.20415,-65.26415,569.75445,0.0,Low,Zone_003
2026-02-12 21:00:00,9.2,296.5,23.9,44.7,69.79,705.47,18,0,3.37,483.05,68.28,1.8,21,12,2,3,0,-0.7071067811865477,0.7071067811865474,-0.8949343616020249,0.4461978131098091,775.26,79.9237113402062,31.004,10.6833,0.0900214121714005,428.33,80.55,592.1833333333334,1130.746666666667,False,False,True,False,False,False,False,False,False,False,569.75445,-86.70445000000001,65.2194,3.060600000000008,25.20415,-23.404149999999998,569.75445,0.0,Moderate,Zone_003
2026-02-13 09:00:00,1.16,32.3,23.8,92.8,240.61,1118.81,6,1,0.35,539.44,44.6,40.79,9,13,2,4,0,0.7071067811865476,-0.7071067811865475,0.5343523493898262,0.8452618332218562,1359.42,818.9277108433736,0.4059999999999999,22.0864,0.1769946006385076,483.05,68.28,507.2666666666667,1023.4066666666672,False,False,True,False,False,False,False,False,False,False,569.75445,-30.314449999999965,65.2194,-20.61939999999999,25.20415,15.58585,569.75445,0.0,Moderate,Zone_003
2026-02-13 19:00:00,0.58,202.7,23.7,69.3,279.6,614.87,20,1,2.23,713.8,113.8,88.89,19,13,2,4,0,-0.9659258262890684,0.2588190451025203,-0.3859060423243183,-0.9225380894562464,894.47,828.2129629629629,1.2934,16.4241,0.3125873422250048,539.44,44.6,483.60666666666674,1117.136666666667,False,False,True,False,False,False,False,False,False,False,569.75445,144.04554999999993,65.2194,48.580600000000004,25.20415,63.68585,569.75445,0.0,Severe,Zone_003
2026-02-15 00:00:00,11.68,285.4,30.4,87.5,377.03,937.84,-18,1,2.64,730.8,35.5,80.63,0,15,2,6,1,0.0,1.0,-0.9640954042341104,0.2655561174868079,1314.87,107.95320197044336,30.8352,26.6,0.2867431761314807,713.8,113.8,578.7633333333334,1009.7166666666672,False,False,True,False,False,False,False,False,False,False,569.75445,161.04554999999993,65.2194,-29.719399999999993,25.20415,55.42585,569.75445,0.0,Severe,Zone_003
2026-02-15 02:00:00,3.85,351.0,26.4,71.2,353.39,790.39,-3,0,2.62,718.91,88.63,-41.64,2,15,2,6,1,0.4999999999999999,0.8660254037844387,-0.1564344650402311,0.9876883405951375,1143.78,262.9379310344828,10.087000000000002,18.7968,0.3089667593418315,730.8,35.5,661.3466666666667,1189.586666666667,False,False,True,False,False,False,False,False,False,False,569.75445,149.15554999999995,65.2194,23.410600000000002,25.20415,-66.84415,569.75445,0.0,Severe,Zone_003
2026-02-15 05:00:00,4.01,118.2,27.4,41.7,169.02,495.08,-13,0,3.47,437.27,104.06,43.14,5,15,2,6,1,0.9659258262890684,0.2588190451025207,0.8813034520649923,-0.4725507648690539,664.1,147.25055432372503,13.9147,11.4258,0.2545098629724439,718.91,88.63,721.1700000000001,1117.706666666667,False,False,True,False,False,False,False,False,False,False,569.75445,-132.48445000000004,65.2194,38.84060000000001,25.20415,17.935850000000002,569.75445,0.0,Low,Zone_003
2026-02-15 08:00:00,3.93,229.0,11.7,41.4,303.52,296.39,3,0,0.37,420.61,58.47,35.9,8,15,2,6,1,0.8660254037844387,-0.4999999999999998,-0.754709580222772,-0.6560590289905073,599.91,135.41986455981942,1.4541,4.843799999999999,0.5059425580503742,437.27,104.06,628.9933333333335,1040.916666666667,False,False,True,False,False,False,False,False,False,False,569.75445,-149.14445,65.2194,-6.749399999999994,25.20415,10.69585,569.75445,0.0,Low,Zone_003
2026-02-15 15:00:00,4.44,19.7,10.7,70.0,392.61,629.49,0,0,0.01,477.0,101.42,55.95,15,15,2,6,1,-0.7071067811865471,-0.7071067811865479,0.3370952584230821,0.941470544812038,1022.1,206.9028340080972,0.0444,7.49,0.3841209275022013,420.61,58.47,525.5966666666668,802.5966666666669,False,False,True,False,False,False,False,False,False,False,569.75445,-92.75445000000002,65.2194,36.20060000000001,25.20415,30.745850000000004,569.75445,0.0,Moderate,Zone_003
2026-02-15 21:00:00,8.66,314.9,31.2,79.9,139.88,978.91,27,0,1.98,668.51,116.67,56.54,21,15,2,6,1,-0.7071067811865477,0.7071067811865474,-0.7083398377245289,0.7058715706786809,1118.79,122.1386462882096,17.1468,24.928800000000003,0.1250279319622091,477.0,101.42,444.96,762.036666666667,False,False,True,False,False,False,False,False,False,False,569.75445,98.75554999999997,65.2194,51.45060000000001,25.20415,31.33585,569.75445,0.0,Severe,Zone_003
2026-02-16 00:00:00,1.61,306.2,11.9,62.6,248.16,600.4,30,0,4.77,545.86,89.18,82.78,0,16,2,0,0,0.0,1.0,-0.8069603121438021,0.5906056676199251,848.56,402.1611374407582,7.679699999999999,7.449400000000001,0.2924483831432073,668.51,116.67,522.0400000000001,913.6000000000004,False,False,True,False,False,False,False,False,False,False,569.75445,-23.894450000000006,65.2194,23.960600000000014,25.20415,57.57585,569.75445,0.0,Moderate,Zone_003
2026-02-16 11:00:00,0.81,189.7,30.7,90.5,146.32,578.48,0,0,1.12,727.09,36.27,40.6,11,16,2,0,0,0.258819045102521,-0.9659258262890682,-0.1684893795650021,-0.9857034690888536,724.8,553.2824427480915,0.9072,27.7835,0.2018763796909492,545.86,89.18,563.7900000000001,996.4833333333336,False,False,True,False,False,False,False,False,False,False,569.75445,157.33555,65.2194,-28.94939999999999,25.20415,15.395850000000003,569.75445,0.0,Severe,Zone_003
2026-02-16 18:00:00,5.99,266.2,14.5,78.0,479.42,360.79,-24,1,3.2,681.72,91.29,-39.55,18,16,2,0,0,-1.0,-1.8369701987210294e-16,-0.99780146829205,-0.0662739004000006,840.21,129.462249614792,19.168000000000003,11.31,0.5705954463765011,727.09,36.27,647.1533333333335,897.3833333333336,False,False,True,False,False,False,False,False,False,False,569.75445,111.96555000000001,65.2194,26.070600000000013,25.20415,-64.75415,569.75445,0.0,Severe,Zone_003
2026-02-16 19:00:00,4.98,153.5,18.4,70.6,114.03,456.03,14,0,4.76,743.35,37.68,36.96,19,16,2,0,0,-0.9659258262890684,0.2588190451025203,0.446197813109809,-0.894934361602025,570.06,104.02554744525546,23.7048,12.990399999999998,0.2000315756236186,681.72,91.29,651.5566666666667,804.5233333333335,False,False,True,False,False,False,False,False,False,False,569.75445,173.59555,65.2194,-27.539399999999993,25.20415,11.755850000000002,569.75445,0.0,Severe,Zone_003
2026-02-16 23:00:00,7.57,18.7,16.8,83.8,278.99,751.74,19,0,3.04,744.34,39.12,66.27,23,16,2,0,0,-0.2588190451025215,0.965925826289068,0.3206129905856762,0.9472102777460288,1030.73,127.72366790582404,23.0128,14.078399999999998,0.2706722420032404,743.35,37.68,717.3866666666668,711.6900000000002,False,False,True,False,False,False,False,False,False,False,569.75445,174.58555,65.2194,-26.099399999999996,25.20415,41.06585,569.75445,0.0,Severe,Zone_003
2026-02-17 15:00:00,2.28,76.9,32.6,64.9,101.59,125.85,4,0,2.34,698.31,39.62,59.0,15,17,2,1,0,-0.7071067811865471,-0.7071067811865479,0.9739759672790516,0.2266513074368548,227.44,81.81294964028777,5.3352,21.157400000000003,0.4466672529018642,744.34,39.12,723.1366666666668,813.666666666667,False,False,True,False,False,False,False,False,False,False,569.75445,128.55554999999993,65.2194,-25.599399999999996,25.20415,33.79585,569.75445,0.0,Severe,Zone_003
2026-02-17 16:00:00,5.55,243.4,31.6,80.1,426.62,513.05,4,0,2.07,448.14,72.64,-17.97,16,17,2,1,0,-0.8660254037844384,-0.5000000000000004,-0.8941542368393683,-0.4477590878387694,939.67,155.31735537190082,11.488499999999998,25.3116,0.4540104504772952,698.31,39.62,728.6666666666669,609.4100000000003,False,False,True,False,False,False,False,False,False,False,569.75445,-121.61445000000003,65.2194,7.420600000000007,25.20415,-43.17415,569.75445,0.0,Low,Zone_003
2026-02-18 01:00:00,7.06,222.9,22.2,45.9,130.2,540.65,8,0,3.9,603.91,60.27,69.77,1,18,2,2,0,0.2588190451025207,0.9659258262890684,-0.6807208689589177,-0.7325428987873788,670.8499999999999,88.73677248677248,27.534,10.189799999999998,0.1940821346053514,448.14,72.64,630.2633333333334,732.6133333333337,False,False,True,False,False,False,False,False,False,False,569.75445,34.15554999999995,65.2194,-4.94939999999999,25.20415,44.56585,569.75445,0.0,High,Zone_003
2026-02-18 11:00:00,3.46,161.6,10.8,53.9,115.2,1072.48,18,0,1.14,675.81,79.96,94.73,11,18,2,2,0,0.258819045102521,-0.9659258262890682,0.3156490369471025,-0.9488760116444964,1187.68,299.9191919191919,3.9444,5.8212,0.0969958237909201,603.91,60.27,583.4533333333334,612.6533333333335,False,False,True,False,False,False,False,False,False,False,569.75445,106.05554999999993,65.2194,14.7406,25.20415,69.52585,569.75445,0.0,Severe,Zone_003
2026-02-18 22:00:00,10.31,327.5,11.3,51.6,388.02,614.87,-3,0,0.84,440.05,21.39,-44.12,22,18,2,2,0,-0.5000000000000004,0.8660254037844384,-0.5372996083468242,0.8433914458128855,1002.89,92.77428307123034,8.6604,5.8308,0.3869018536429718,675.81,79.96,575.9533333333334,932.7333333333336,False,False,True,False,False,False,False,False,False,False,569.75445,-129.70445,65.2194,-43.82939999999999,25.20415,-69.32415,569.75445,0.0,Low,Zone_003
2026-02-20 23:00:00,5.6,288.7,16.0,30.0,311.5,994.43,5,0,2.88,562.52,113.9,-8.91,23,20,2,4,0,-0.2588190451025215,0.965925826289068,-0.9472102777460288,0.3206129905856762,1305.9299999999998,214.0868852459016,16.128,4.8,0.2385273330117234,440.05,21.39,573.2566666666668,953.806666666667,False,False,True,False,False,False,False,False,False,False,569.75445,-7.234450000000038,65.2194,48.68060000000001,25.20415,-34.114149999999995,569.75445,0.0,Moderate,Zone_003
2026-02-21 02:00:00,8.41,149.8,21.2,51.3,103.83,708.02,-2,1,1.71,740.78,114.01,40.78,2,21,2,5,1,0.4999999999999999,0.8660254037844387,0.5030199466302349,-0.8642748019537049,811.85,91.11672278338943,14.3811,10.8756,0.1278930836977274,562.52,113.9,559.46,1165.5000000000002,False,False,True,False,False,False,False,False,False,False,569.75445,171.02554999999995,65.2194,48.79060000000001,25.20415,15.575850000000003,569.75445,0.0,Severe,Zone_003
2026-02-21 10:00:00,6.15,221.5,29.0,31.9,391.04,161.56,28,0,2.38,560.71,43.7,-32.15,10,21,2,5,1,0.4999999999999999,-0.8660254037844387,-0.6626200482157375,-0.7489557207890021,552.6,83.09774436090225,14.637,9.251,0.707636626854868,740.78,114.01,581.1166666666668,1040.2233333333336,False,False,True,False,False,False,False,False,False,False,569.75445,-9.044449999999983,65.2194,-21.51939999999999,25.20415,-57.35415,569.75445,0.0,Moderate,Zone_003
2026-02-21 23:00:00,1.52,33.7,24.7,36.7,332.32,999.23,15,1,4.63,458.43,92.46,2.81,23,21,2,5,1,-0.2588190451025215,0.965925826289068,0.5548444274479993,0.8319541221304825,1331.55,659.1831683168317,7.0376,9.0649,0.2495738049641395,560.71,43.7,621.3366666666667,890.126666666667,False,False,True,False,False,False,False,False,False,False,569.75445,-111.32445000000001,65.2194,27.2406,25.20415,-22.39415,569.75445,0.0,Low,Zone_003
2026-02-22 00:00:00,8.28,153.8,11.6,44.8,490.74,687.09,18,0,2.28,406.86,57.36,4.8,0,22,2,6,1,0.0,1.0,0.4415058527917448,-0.8972583696743286,1177.83,134.1492027334852,18.8784,5.1968,0.4166475637400983,458.43,92.46,586.6400000000001,898.666666666667,False,False,True,False,False,False,False,False,False,False,569.75445,-162.89445,65.2194,-7.859399999999994,25.20415,-20.404149999999998,569.75445,0.0,Low,Zone_003
2026-02-22 18:00:00,3.83,271.0,26.8,63.3,128.43,588.82,1,1,2.3,641.51,73.28,82.4,18,22,2,6,1,-1.0,-1.8369701987210294e-16,-0.9998476951563912,0.0174524064372831,717.25,165.64665127020783,8.809,16.9644,0.1790589055420007,406.86,57.36,475.3333333333335,1020.6600000000004,False,False,True,False,False,False,False,False,False,False,569.75445,71.75554999999997,65.2194,8.060600000000008,25.20415,57.19585000000001,569.75445,0.0,High,Zone_003
2026-02-22 19:00:00,3.25,170.6,12.9,73.7,329.85,1034.36,-24,1,1.15,492.39,42.47,72.98,19,22,2,6,1,-0.9659258262890684,0.2588190451025203,0.1633259622416223,-0.9865721616069694,1364.21,363.7893333333333,3.7375,9.5073,0.2417882877269628,641.51,73.28,502.2666666666668,1075.5433333333335,False,False,True,False,False,False,False,False,False,False,569.75445,-77.36445000000003,65.2194,-22.749399999999994,25.20415,47.775850000000005,569.75445,0.0,Moderate,Zone_003
2026-02-22 22:00:00,8.6,295.0,33.6,40.8,493.68,562.84,-26,1,1.0,708.35,75.37,-13.66,22,22,2,6,1,-0.5000000000000004,0.8660254037844384,-0.90630778703665,0.4226182617406996,1056.52,116.10109890109892,8.6,13.708799999999998,0.467269904971037,492.39,42.47,513.5866666666667,1086.4300000000003,False,False,True,False,False,False,False,False,False,False,569.75445,138.59555,65.2194,10.150600000000011,25.20415,-38.864149999999995,569.75445,0.0,Severe,Zone_003
2026-02-23 01:00:00,5.0,243.8,19.5,79.2,188.22,1082.45,-10,0,4.98,554.83,53.84,69.75,1,23,2,0,0,0.2588190451025207,0.9659258262890684,-0.8972583696743284,-0.4415058527917453,1270.67,231.0309090909091,24.9,15.444,0.1481265788914509,708.35,75.37,614.0833333333335,1045.9933333333336,False,False,True,False,False,False,False,False,False,False,569.75445,-14.924449999999979,65.2194,-11.37939999999999,25.20415,44.54585,569.75445,0.0,Moderate,Zone_003
2026-02-23 10:00:00,9.44,303.3,20.9,76.5,110.03,568.71,-20,0,4.03,556.38,118.18,82.6,10,23,2,0,0,0.4999999999999999,-0.8660254037844387,-0.8358073613682703,0.5490228179981318,678.74,68.28370221327968,38.0432,15.988499999999998,0.1621092023455226,554.83,53.84,585.1900000000002,1230.466666666667,False,False,True,False,False,False,False,False,False,False,569.75445,-13.374450000000024,65.2194,52.960600000000014,25.20415,57.395849999999996,569.75445,0.0,Moderate,Zone_003
2026-02-24 13:00:00,3.66,30.0,33.5,83.2,404.13,221.3,-26,0,0.52,642.06,74.79,85.97,13,24,2,1,0,-0.2588190451025208,-0.9659258262890684,0.4999999999999999,0.8660254037844387,625.4300000000001,150.34375,1.9032,27.872000000000003,0.646163439553587,556.38,118.18,606.5200000000002,1001.976666666667,False,False,True,False,False,False,False,False,False,False,569.75445,72.30554999999993,65.2194,9.570600000000013,25.20415,60.76585,569.75445,0.0,High,Zone_003
2026-02-24 20:00:00,6.47,14.0,20.6,54.3,188.76,1171.75,-9,0,1.82,472.33,85.8,68.38,20,24,2,1,0,-0.8660254037844386,0.5000000000000001,0.2419218955996677,0.9702957262759964,1360.51,195.1951219512195,11.7754,11.1858,0.1387420893635474,642.06,74.79,584.4233333333335,858.2800000000003,False,False,True,False,False,False,False,False,False,False,569.75445,-97.42445000000004,65.2194,20.580600000000004,25.20415,43.17585,569.75445,0.0,Low,Zone_003
2026-02-25 02:00:00,6.3,192.1,10.0,32.1,447.52,1178.59,7,0,2.57,414.04,95.29,-3.17,2,25,2,2,0,0.4999999999999999,0.8660254037844387,-0.2096185629038218,-0.977783236758606,1626.11,239.13382352941176,16.191,3.21,0.2752089342049431,472.33,85.8,556.9233333333335,888.226666666667,False,False,True,False,False,False,False,False,False,False,569.75445,-155.71445,65.2194,30.070600000000013,25.20415,-28.37415,569.75445,0.0,Low,Zone_003
2026-02-25 04:00:00,3.47,86.8,32.9,79.6,202.81,277.03,14,0,0.38,446.48,27.18,-25.16,4,25,2,2,0,0.8660254037844386,0.5000000000000001,0.998440764181981,0.0558215049931639,479.84,120.86649874055416,1.3186,26.1884,0.4226617205735245,414.04,95.29,509.47666666666674,1204.016666666667,False,False,True,False,False,False,False,False,False,False,569.75445,-123.27445,65.2194,-38.03939999999999,25.20415,-50.364149999999995,569.75445,0.0,Low,Zone_003
2026-02-25 21:00:00,0.9,177.6,10.6,39.9,390.41,103.86,-23,0,2.76,658.69,13.28,49.69,21,25,2,2,0,-0.7071067811865477,0.7071067811865474,0.0418756537291998,-0.9991228300988584,494.27,353.05000000000007,2.484,4.2294,0.7898719323446699,446.48,27.18,444.2833333333335,1155.486666666667,False,False,True,False,False,False,False,False,False,False,569.75445,88.93555000000003,65.2194,-51.93939999999999,25.20415,24.48585,569.75445,0.0,Severe,Zone_003
2026-02-26 02:00:00,6.77,240.0,32.7,30.3,487.13,435.43,13,0,2.59,545.95,37.42,70.68,2,26,2,3,0,0.4999999999999999,0.8660254037844387,-0.8660254037844384,-0.5000000000000004,922.56,126.89958734525447,17.534299999999998,9.9081,0.5280198577870274,658.69,13.28,506.4033333333335,866.7400000000002,False,False,True,False,False,False,False,False,False,False,569.75445,-23.804449999999974,65.2194,-27.79939999999999,25.20415,45.47585000000001,569.75445,0.0,Moderate,Zone_003
2026-02-26 17:00:00,1.37,137.9,22.8,70.3,240.75,809.19,3,0,0.34,509.82,68.5,56.32,17,26,2,3,0,-0.9659258262890684,-0.2588190451025206,0.6704266189587992,-0.7419758409756163,1049.94,561.4652406417113,0.4658,16.028399999999998,0.2292988170752614,545.95,37.42,550.3733333333336,632.2233333333337,False,False,True,False,False,False,False,False,False,False,569.75445,-59.93445000000003,65.2194,3.280600000000007,25.20415,31.115850000000002,569.75445,0.0,Moderate,Zone_003
2026-02-27 23:00:00,1.98,65.7,11.7,47.8,118.21,787.94,-4,0,1.74,517.72,74.65,-18.97,23,27,2,4,0,-0.2588190451025215,0.965925826289068,0.9114032766354452,0.4115143586051086,906.15,365.3830645161291,3.4452,5.592599999999999,0.1304530155051591,509.82,68.5,571.4866666666669,822.2566666666671,False,False,True,False,False,False,False,False,False,False,569.75445,-52.03444999999999,65.2194,9.430600000000013,25.20415,-44.17415,569.75445,0.0,Moderate,Zone_003
2026-02-28 07:00:00,8.57,174.3,15.5,62.3,371.8,872.05,-26,1,3.59,663.72,22.64,99.75,7,28,2,5,1,0.9659258262890684,-0.2588190451025206,0.0993197497436387,-0.9950555699612263,1243.85,137.1389195148842,30.7663,9.6565,0.2989106403505246,517.72,74.65,524.4966666666668,959.5500000000004,False,False,True,False,False,False,False,False,False,False,569.75445,93.96555000000001,65.2194,-42.57939999999999,25.20415,74.54585,569.75445,0.0,Severe,Zone_003
2026-02-28 16:00:00,1.26,248.1,20.1,54.2,201.27,286.82,17,0,4.05,725.96,10.7,19.44,16,28,2,5,1,-0.8660254037844384,-0.5000000000000004,-0.92783625389892,-0.3729877825758093,488.09,277.3238636363636,5.103,10.8942,0.4123624741338687,663.72,22.64,563.7533333333334,1066.6466666666672,False,False,True,False,False,False,False,False,False,False,569.75445,156.20555000000002,65.2194,-54.51939999999999,25.20415,-5.764149999999997,569.75445,0.0,Severe,Zone_003
2026-02-28 21:00:00,8.35,15.7,18.7,76.9,108.83,159.97,-16,1,4.94,580.95,21.35,-33.57,21,28,2,5,1,-0.7071067811865477,0.7071067811865474,0.2706004459758636,0.9626917464264788,268.8,30.372881355932204,41.249,14.3803,0.4048735119047619,725.96,10.7,635.8000000000002,879.3633333333337,False,False,True,False,False,False,False,False,False,False,569.75445,11.195550000000026,65.2194,-43.86939999999999,25.20415,-58.77415,569.75445,0.0,High,Zone_003
2026-03-01 02:00:00,1.94,345.2,31.5,93.8,477.48,320.96,1,1,1.42,471.64,100.81,-7.75,2,1,3,6,1,0.4999999999999999,0.8660254037844387,-0.2554457579357907,0.9668233886044594,798.44,327.2295081967213,2.7548,29.547,0.5980161314563398,580.95,21.35,656.8766666666669,666.9133333333338,False,False,True,False,False,False,False,False,False,False,569.75445,-98.11445000000003,65.2194,35.59060000000001,25.20415,-32.95415,569.75445,0.0,Low,Zone_003
2026-03-01 03:00:00,8.04,220.8,13.9,52.0,412.54,951.69,22,1,3.27,671.68,44.35,36.16,3,1,3,6,1,0.7071067811865475,0.7071067811865476,-0.6534206039901054,-0.7569950556517564,1364.23,159.74590163934428,26.2908,7.228000000000001,0.3023976895391539,471.64,100.81,592.8500000000003,518.4433333333337,False,False,True,False,False,False,False,False,False,False,569.75445,101.92554999999993,65.2194,-20.86939999999999,25.20415,10.955849999999998,569.75445,0.0,Severe,Zone_003
2026-03-01 13:00:00,3.31,68.9,12.7,62.0,486.42,580.09,-8,0,3.03,508.2,23.69,45.65,13,1,3,6,1,-0.2588190451025208,-0.9659258262890684,0.932953534825489,0.3599968081200512,1066.51,279.9238845144357,10.0293,7.874,0.4560857375927089,671.68,44.35,574.7566666666668,810.4900000000004,False,False,True,False,False,False,False,False,False,False,569.75445,-61.55445000000003,65.2194,-41.529399999999995,25.20415,20.44585,569.75445,0.0,Moderate,Zone_003
2026-03-01 15:00:00,10.15,326.9,33.8,41.2,403.6,674.28,-6,0,4.24,599.2,39.88,14.77,15,1,3,6,1,-0.7071067811865471,-0.7071067811865479,-0.5461019610144296,0.8377187166204384,1077.88,101.2093896713615,43.036,13.9256,0.3744387130292796,508.2,23.69,550.5066666666668,1076.3933333333337,False,False,True,False,False,False,False,False,False,False,569.75445,29.445550000000026,65.2194,-25.33939999999999,25.20415,-10.434149999999999,569.75445,0.0,High,Zone_003
2026-03-02 12:00:00,7.26,312.1,30.0,37.7,326.17,1131.6,-30,0,3.1,667.38,29.23,-27.87,12,2,3,0,0,1.2246467991473532e-16,-1.0,-0.7419758409756162,0.6704266189587993,1457.77,187.8569587628866,22.506,11.31,0.2237458584001591,599.2,39.88,593.0266666666669,1169.5400000000002,False,False,True,False,False,False,False,False,False,False,569.75445,97.62554999999998,65.2194,-35.98939999999999,25.20415,-53.07415,569.75445,0.0,Severe,Zone_003
2026-03-02 14:00:00,0.7,240.9,25.2,66.9,266.76,1073.98,-1,1,4.45,615.63,52.58,13.68,14,2,3,0,0,-0.4999999999999997,-0.8660254037844388,-0.8737722230354654,-0.4863353804234901,1340.74,1117.2833333333333,3.115,16.858800000000002,0.1989647508092545,667.38,29.23,591.5933333333336,1200.7200000000005,False,False,True,False,False,False,False,False,False,False,569.75445,45.875549999999976,65.2194,-12.639399999999995,25.20415,-11.524149999999999,569.75445,0.0,High,Zone_003
2026-03-02 22:00:00,0.81,271.4,21.0,81.0,208.59,1138.77,19,0,1.71,517.93,110.62,80.45,22,2,3,0,0,-0.5000000000000004,0.8660254037844384,-0.9997014897811832,0.0244321781526523,1347.36,1028.5190839694656,1.3851,17.01,0.1548138582116138,615.63,52.58,627.4033333333335,1292.1300000000003,False,False,True,False,False,False,False,False,False,False,569.75445,-51.82445000000007,65.2194,45.40060000000001,25.20415,55.245850000000004,569.75445,0.0,Moderate,Zone_003
2026-03-03 11:00:00,7.73,209.1,32.0,84.2,184.46,254.29,-23,1,4.74,635.81,46.92,84.52,11,3,3,1,0,0.258819045102521,-0.9659258262890682,-0.4863353804234903,-0.8737722230354653,438.75,53.31105710814094,36.64020000000001,26.944000000000003,0.4204216524216524,517.93,110.62,600.3133333333335,1381.956666666667,False,False,True,False,False,False,False,False,False,False,569.75445,66.05554999999993,65.2194,-18.29939999999999,25.20415,59.31585,569.75445,0.0,High,Zone_003
2026-03-04 04:00:00,7.17,357.0,13.6,79.6,189.31,933.23,21,1,2.49,642.88,29.94,88.51,4,4,3,2,0,0.8660254037844386,0.5000000000000001,-0.0523359562429443,0.9986295347545738,1122.54,146.35462842242504,17.8533,10.8256,0.168644324478415,635.81,46.92,589.7900000000001,1042.2833333333338,False,False,True,False,False,False,False,False,False,False,569.75445,73.12554999999998,65.2194,-35.279399999999995,25.20415,63.30585000000001,569.75445,0.0,High,Zone_003
2026-03-04 06:00:00,8.69,75.8,23.3,70.7,290.35,427.03,1,0,2.92,533.16,18.87,82.97,6,4,3,2,0,1.0,6.123233995736766e-17,0.9694453498951388,0.2453073858788027,717.38,78.06093579978237,25.3748,16.473100000000002,0.404736680699211,642.88,29.94,598.8733333333334,969.5500000000004,False,False,True,False,False,False,False,False,False,False,569.75445,-36.59445000000005,65.2194,-46.34939999999999,25.20415,57.76585,569.75445,0.0,Moderate,Zone_003
2026-01-01 01:00:00,7.77,273.2,33.1,68.1,272.66,610.25,-26,1,4.55,606.41,25.0,88.03,1,1,1,3,0,0.2588190451025207,0.9659258262890684,-0.998440764181981,0.0558215049931637,882.9100000000001,106.76058041112456,35.3535,22.5411,0.3088196984970155,569.6471875,66.288046875,570.5054427083332,943.2095572916668,False,False,False,True,False,False,False,False,False,False,569.75445,36.65554999999995,65.2194,-40.21939999999999,25.20415,62.82585,569.75445,0.0,High,Zone_004
2026-01-01 10:00:00,7.62,271.7,30.3,63.7,152.11,387.24,16,0,1.94,521.33,79.11,-39.48,10,1,1,3,0,0.4999999999999999,-0.8660254037844387,-0.999559860119384,0.0296662440851105,539.35,66.42241379310344,14.7828,19.3011,0.282024659312135,606.41,25.0,606.41,882.9100000000001,False,False,False,True,False,False,False,False,False,False,569.75445,-48.42444999999998,65.2194,13.890600000000006,25.20415,-64.68414999999999,569.75445,0.0,Moderate,Zone_004
2026-01-02 05:00:00,3.19,340.5,22.7,57.7,306.67,549.73,6,0,1.52,735.21,53.93,96.8,5,2,1,4,0,0.9659258262890684,0.2588190451025207,-0.3338068592337713,0.9426414910921784,856.4000000000001,232.0867208672087,4.8488,13.0979,0.3580920130780009,521.33,79.11,563.87,711.1300000000001,False,False,False,True,False,False,False,False,False,False,569.75445,165.45555000000002,65.2194,-11.289399999999993,25.20415,71.59585,569.75445,0.0,Severe,Zone_004
2026-01-02 15:00:00,9.81,50.9,17.6,55.3,167.18,729.36,16,1,1.16,583.14,117.97,45.67,15,2,1,4,0,-0.7071067811865471,-0.7071067811865479,0.7760464070665459,0.6306758074312863,896.54,86.95829291949563,11.3796,9.7328,0.186472438485734,735.21,53.93,620.9833333333333,759.5533333333334,False,False,False,True,False,False,False,False,False,False,569.75445,13.385549999999967,65.2194,52.750600000000006,25.20415,20.465850000000003,569.75445,0.0,High,Zone_004
2026-01-02 23:00:00,6.9,127.5,21.1,78.3,198.77,329.72,-17,0,3.45,620.32,56.9,69.1,23,2,1,4,0,-0.2588190451025215,0.965925826289068,0.7933533402912352,-0.6087614290087207,528.49,71.41756756756756,23.805000000000003,16.5213,0.3761092925126303,583.14,117.97,613.2266666666666,764.0966666666667,False,False,False,True,False,False,False,False,False,False,569.75445,50.56555000000003,65.2194,-8.319399999999995,25.20415,43.895849999999996,569.75445,0.0,High,Zone_004
2026-01-03 04:00:00,1.15,226.3,25.3,55.4,397.89,785.77,-6,1,4.96,535.52,91.69,92.15,4,3,1,5,1,0.8660254037844386,0.5000000000000001,-0.7229671459095683,-0.6908824110768582,1183.66,717.369696969697,5.704,14.0162,0.3361522734569049,620.32,56.9,646.2233333333334,760.4766666666668,False,False,False,True,False,False,False,False,False,False,569.75445,-34.23445000000004,65.2194,26.470600000000005,25.20415,66.94585000000001,569.75445,0.0,Moderate,Zone_004
2026-01-03 07:00:00,4.31,164.0,20.9,68.4,173.56,421.87,17,0,0.31,466.54,75.39,79.58,7,3,1,5,1,0.9659258262890684,-0.2588190451025206,0.2756373558169992,-0.9612616959383188,595.4300000000001,123.79002079002082,1.3360999999999998,14.2956,0.2914868246477335,535.52,91.69,579.66,869.5633333333334,False,False,False,True,False,False,False,False,False,False,569.75445,-103.21445,65.2194,10.170600000000007,25.20415,54.37585,569.75445,0.0,Low,Zone_004
2026-01-03 12:00:00,5.24,58.9,17.1,63.6,170.02,995.46,3,0,1.34,613.79,73.35,-27.51,12,3,1,5,1,1.2246467991473532e-16,-1.0,0.8562670846003282,0.5165333288666419,1165.48,203.0452961672474,7.0216,10.875600000000002,0.1458798091773346,466.54,75.39,540.7933333333334,769.1933333333333,False,False,False,True,False,False,False,False,False,False,569.75445,44.035549999999944,65.2194,8.130600000000001,25.20415,-52.714150000000004,569.75445,0.0,High,Zone_004
2026-01-03 18:00:00,4.85,87.7,31.3,69.6,364.56,686.67,-29,0,1.03,674.62,112.72,-31.22,18,3,1,5,1,-1.0,-1.8369701987210294e-16,0.999194395114446,0.0401317925325597,1051.23,196.4915887850468,4.9955,21.7848,0.3467937558859622,613.79,73.35,538.6166666666667,981.5233333333332,False,False,False,True,False,False,False,False,False,False,569.75445,104.86554999999998,65.2194,47.500600000000006,25.20415,-56.42415,569.75445,0.0,Severe,Zone_004
2026-01-06 05:00:00,9.51,149.8,10.8,38.0,189.27,215.87,-14,0,0.02,501.46,90.98,-39.49,5,6,1,1,0,0.9659258262890684,0.2588190451025207,0.5030199466302349,-0.8642748019537049,405.14,40.47352647352648,0.1902,4.104,0.467171841832453,674.62,112.72,584.9833333333332,937.38,False,False,False,True,False,False,False,False,False,False,569.75445,-68.29445000000004,65.2194,25.76060000000001,25.20415,-64.69415000000001,569.75445,0.0,Moderate,Zone_004
2026-01-06 06:00:00,3.69,60.0,34.2,43.2,489.39,1162.03,23,0,3.08,586.14,70.26,42.2,6,6,1,1,0,1.0,6.123233995736766e-17,0.8660254037844386,0.5000000000000001,1651.42,394.1336515513127,11.3652,14.774400000000004,0.2963449637281854,501.46,90.98,596.6233333333333,873.9499999999999,False,False,False,True,False,False,False,False,False,False,569.75445,16.385549999999967,65.2194,5.040600000000012,25.20415,16.995850000000004,569.75445,0.0,High,Zone_004
2026-01-06 10:00:00,11.67,25.2,11.7,72.6,369.17,364.59,-23,1,2.85,574.97,96.0,91.96,10,6,1,1,0,0.4999999999999999,-0.8660254037844387,0.4257792915650726,0.9048270524660196,733.76,60.29252259654889,33.2595,8.4942,0.5031209114696904,586.14,70.26,587.4066666666666,1035.93,False,False,False,True,False,False,False,False,False,False,569.75445,5.2155500000000075,65.2194,30.780600000000007,25.20415,66.75585,569.75445,0.0,High,Zone_004
2026-01-06 19:00:00,6.03,263.5,27.6,34.7,62.88,968.9,-19,0,0.65,413.58,10.99,65.1,19,6,1,1,0,-0.9659258262890684,0.2588190451025203,-0.9935718556765876,-0.1132032137679069,1031.78,158.00612557427257,3.9195,9.5772,0.0609432243307681,574.97,96.0,554.1899999999999,930.1066666666668,False,False,False,True,False,False,False,False,False,False,569.75445,-156.17445000000004,65.2194,-54.22939999999999,25.20415,39.895849999999996,569.75445,0.0,Low,Zone_004
2026-01-07 04:00:00,5.56,293.8,33.6,76.8,90.05,948.83,-22,1,2.69,487.84,90.63,14.76,4,7,1,2,0,0.8660254037844386,0.5000000000000001,-0.9149596678498249,0.4035452963523898,1038.88,171.43234323432347,14.9564,25.8048,0.0866798860311104,413.58,10.99,524.8966666666666,1138.986666666667,False,False,False,True,False,False,False,False,False,False,569.75445,-81.91445000000004,65.2194,25.410600000000002,25.20415,-10.444149999999999,569.75445,0.0,Moderate,Zone_004
2026-01-07 19:00:00,6.88,265.0,21.8,72.7,467.34,995.48,-2,0,4.41,535.17,103.35,74.67,19,7,1,2,0,-0.9659258262890684,0.2588190451025203,-0.9961946980917455,-0.0871557427476582,1462.82,198.2140921409214,30.3408,15.8486,0.3194788148917843,487.84,90.63,492.13,934.8066666666668,False,False,False,True,False,False,False,False,False,False,569.75445,-34.58445000000006,65.2194,38.1306,25.20415,49.46585,569.75445,0.0,Moderate,Zone_004
2026-01-07 23:00:00,7.38,345.5,11.1,60.6,360.15,1078.24,-1,0,4.31,728.72,44.1,85.82,23,7,1,2,0,-0.2588190451025215,0.965925826289068,-0.2503800040544419,0.9681476403781076,1438.39,182.53680203045684,31.8078,6.7266,0.2503841100118883,535.17,103.35,478.8633333333333,1177.8266666666666,False,False,False,True,False,False,False,False,False,False,569.75445,158.96555,65.2194,-21.11939999999999,25.20415,60.615849999999995,569.75445,0.0,Severe,Zone_004
2026-01-08 22:00:00,6.38,149.6,13.0,90.1,498.88,1008.17,26,1,4.04,655.13,54.51,54.31,22,8,1,3,0,-0.5000000000000004,0.8660254037844384,0.5060337641211637,-0.8625136692072575,1507.05,219.04796511627907,25.7752,11.713,0.3310308218041869,728.72,44.1,583.91,1313.3633333333337,False,False,False,True,False,False,False,False,False,False,569.75445,85.37554999999998,65.2194,-10.709399999999995,25.20415,29.105850000000004,569.75445,0.0,High,Zone_004
2026-01-09 05:00:00,1.32,225.6,14.4,58.8,368.61,338.36,-17,0,4.37,453.44,76.61,28.83,5,9,1,4,0,0.9659258262890684,0.2588190451025207,-0.7144726796328031,-0.6996633405133657,706.97,388.44505494505495,5.768400000000001,8.4672,0.5213941185623152,655.13,54.51,639.6733333333333,1469.42,False,False,False,True,False,False,False,False,False,False,569.75445,-116.31445000000002,65.2194,11.390600000000006,25.20415,3.62585,569.75445,0.0,Low,Zone_004
2026-01-09 13:00:00,1.01,162.4,20.6,36.5,451.96,537.75,-9,1,3.25,536.76,82.68,96.65,13,9,1,4,0,-0.2588190451025208,-0.9659258262890684,0.3023698907504446,-0.9531906677929468,989.71,655.4370860927153,3.2825,7.519000000000001,0.4566590213294803,453.44,76.61,612.43,1217.47,False,False,False,True,False,False,False,False,False,False,569.75445,-32.99445000000003,65.2194,17.460600000000014,25.20415,71.44585000000001,569.75445,0.0,Moderate,Zone_004
2026-01-09 14:00:00,2.63,258.7,26.2,47.7,448.87,842.14,3,1,2.63,540.21,40.69,-41.42,14,9,1,4,0,-0.4999999999999997,-0.8660254037844388,-0.980614658546613,-0.195946144242518,1291.01,412.4632587859425,6.916899999999999,12.4974,0.3476890186753007,536.76,82.68,548.4433333333333,1067.91,False,False,False,True,False,False,False,False,False,False,569.75445,-29.544449999999983,65.2194,-24.529399999999995,25.20415,-66.62415,569.75445,0.0,Moderate,Zone_004
2026-01-09 19:00:00,10.18,88.5,11.5,39.1,385.48,425.39,24,0,4.32,530.53,104.11,85.83,19,9,1,4,0,-0.9659258262890684,0.2588190451025203,0.9996573249755571,0.0261769483078731,810.87,75.92415730337079,43.9776,4.4965,0.4753906298173567,540.21,40.69,510.1366666666666,995.8966666666668,False,False,False,True,False,False,False,False,False,False,569.75445,-39.22445000000005,65.2194,38.890600000000006,25.20415,60.62585,569.75445,0.0,Moderate,Zone_004
2026-01-09 21:00:00,1.39,120.7,32.4,67.6,341.47,1085.29,-17,1,1.01,468.96,51.42,15.46,21,9,1,4,0,-0.7071067811865477,0.7071067811865474,0.8598522715968735,-0.5105429179116057,1426.76,754.8994708994709,1.4039,21.9024,0.239332473576495,530.53,104.11,535.8333333333334,1030.53,False,False,False,True,False,False,False,False,False,False,569.75445,-100.79445000000004,65.2194,-13.799399999999991,25.20415,-9.744149999999998,569.75445,0.0,Low,Zone_004
2026-01-10 14:00:00,5.22,186.2,22.1,35.4,472.09,1106.43,-9,0,2.74,409.12,71.02,-13.71,14,10,1,5,1,-0.4999999999999997,-0.8660254037844388,-0.1079993557060226,-0.9941509639723154,1578.52,275.965034965035,14.3028,7.8234,0.2990712819603172,468.96,51.42,513.2333333333332,1176.2133333333334,False,False,False,True,False,False,False,False,False,False,569.75445,-160.63445000000002,65.2194,5.800600000000003,25.20415,-38.91415,569.75445,0.0,Low,Zone_004
2026-01-11 02:00:00,3.22,279.7,12.5,68.6,195.62,104.54,12,0,4.69,442.82,101.9,40.52,2,11,1,6,1,0.4999999999999999,0.8660254037844387,-0.9857034690888536,0.1684893795650025,300.16,80.68817204301075,15.101800000000004,8.575,0.6517190831556503,409.12,71.02,469.5366666666666,1272.05,False,False,False,True,False,False,False,False,False,False,569.75445,-126.93445000000003,65.2194,36.68060000000001,25.20415,15.315850000000005,569.75445,0.0,Low,Zone_004
2026-01-11 08:00:00,5.96,89.4,14.8,41.1,338.8,185.23,17,0,0.17,400.7,32.23,-7.65,8,11,1,6,1,0.8660254037844387,-0.4999999999999998,0.999945169365512,0.0104717841162456,524.03,81.11919504643963,1.0132,6.082800000000001,0.646527870541763,442.82,101.9,440.3,1101.8133333333333,False,False,False,True,False,False,False,False,False,False,569.75445,-169.05445000000003,65.2194,-32.989399999999996,25.20415,-32.85415,569.75445,0.0,Low,Zone_004
2026-01-11 11:00:00,3.73,263.7,32.4,71.8,213.44,304.16,-30,1,4.66,483.6,47.08,42.25,11,11,1,6,1,0.258819045102521,-0.9659258262890682,-0.9939609554551796,-0.1097343110910457,517.6,122.36406619385342,17.381800000000002,23.2632,0.4123647604327666,400.7,32.23,417.5466666666666,800.9033333333333,False,False,False,True,False,False,False,False,False,False,569.75445,-86.15445,65.2194,-18.139399999999995,25.20415,17.04585,569.75445,0.0,Moderate,Zone_004
2026-01-11 14:00:00,11.91,86.0,17.0,55.3,255.18,202.78,20,1,1.16,468.09,95.79,87.65,14,11,1,6,1,-0.4999999999999997,-0.8660254037844388,0.9975640502598242,0.0697564737441252,457.96,36.90249798549557,13.8156,9.401,0.5572102367018953,483.6,47.08,442.3733333333333,447.2633333333333,False,False,False,True,False,False,False,False,False,False,569.75445,-101.66445000000004,65.2194,30.570600000000013,25.20415,62.44585000000001,569.75445,0.0,Low,Zone_004
2026-01-12 01:00:00,8.91,297.2,12.9,67.5,497.2,894.04,10,0,1.92,646.03,58.94,78.75,1,12,1,0,0,0.2588190451025207,0.9659258262890684,-0.8894163732912977,0.4570979270586938,1391.24,147.84697130712007,17.1072,8.7075,0.357379028780081,468.09,95.79,450.7966666666666,499.8633333333334,False,False,False,True,False,False,False,False,False,False,569.75445,76.27554999999995,65.2194,-6.279399999999995,25.20415,53.54585,569.75445,0.0,High,Zone_004
2026-01-12 03:00:00,7.15,57.5,20.9,83.6,478.62,244.73,-6,1,3.0,405.63,46.67,-3.89,3,12,1,0,0,0.7071067811865475,0.7071067811865476,0.8433914458128857,0.5372996083468239,723.35,94.55555555555556,21.450000000000003,17.472399999999997,0.6616713900601369,646.03,58.94,532.5733333333333,788.9333333333334,False,False,False,True,False,False,False,False,False,False,569.75445,-164.12445000000002,65.2194,-18.54939999999999,25.20415,-29.09415,569.75445,0.0,Low,Zone_004
2026-01-12 06:00:00,10.46,16.1,31.8,52.0,416.49,1015.45,27,1,3.75,653.8,80.5,43.6,6,12,1,0,0,1.0,6.123233995736766e-17,0.2773146533023778,0.960779154157594,1431.94,130.6514598540146,39.225,16.536,0.2908571588195036,405.63,46.67,506.5833333333333,857.5166666666668,False,False,False,True,False,False,False,False,False,False,569.75445,84.04554999999993,65.2194,15.280600000000007,25.20415,18.395850000000003,569.75445,0.0,High,Zone_004
2026-01-13 04:00:00,5.31,17.9,26.7,51.4,182.59,592.3,-2,0,3.47,568.73,74.96,40.71,4,13,1,1,0,0.8660254037844386,0.5000000000000001,0.307356617799807,0.9515944038794382,774.89,133.37177280550776,18.4257,13.7238,0.2356334447469963,653.8,80.5,568.4866666666666,1182.1766666666667,False,False,False,True,False,False,False,False,False,False,569.75445,-1.0244500000000016,65.2194,9.7406,25.20415,15.505850000000002,569.75445,0.0,Moderate,Zone_004
2026-01-13 18:00:00,3.5,4.8,12.7,46.4,160.92,210.48,9,1,4.55,530.29,110.84,15.7,18,13,1,1,0,-1.0,-1.8369701987210294e-16,0.0836778433323154,0.9964928592495044,371.4,92.85,15.925,5.892799999999999,0.4332794830371567,568.73,74.96,542.7199999999999,976.7266666666666,False,False,False,True,False,False,False,False,False,False,569.75445,-39.464450000000056,65.2194,45.62060000000001,25.20415,-9.50415,569.75445,0.0,Moderate,Zone_004
2026-01-15 06:00:00,9.12,314.9,24.6,66.7,312.15,924.03,-4,1,2.91,538.27,14.18,64.28,6,15,1,3,0,1.0,6.123233995736766e-17,-0.7083398377245289,0.7058715706786809,1236.1799999999998,128.5010395010395,26.5392,16.4082,0.2525117701305635,530.29,110.84,584.2733333333332,859.41,False,False,False,True,False,False,False,False,False,False,569.75445,-31.484450000000038,65.2194,-51.03939999999999,25.20415,39.07585,569.75445,0.0,Moderate,Zone_004
2026-01-15 07:00:00,11.0,46.4,23.7,37.4,81.95,721.69,-5,1,3.66,651.18,63.74,-0.35,7,15,1,3,0,0.9659258262890684,-0.2588190451025206,0.7241718614374675,0.6896195437356698,803.6400000000001,69.8817391304348,40.260000000000005,8.8638,0.1019735204818077,538.27,14.18,545.7633333333333,794.1566666666666,False,False,False,True,False,False,False,False,False,False,569.75445,81.42554999999993,65.2194,-1.4793999999999912,25.20415,-25.55415,569.75445,0.0,High,Zone_004
2026-01-16 00:00:00,5.1,252.1,14.2,59.6,457.42,899.09,24,0,3.8,568.71,39.1,-6.39,0,16,1,4,0,0.0,1.0,-0.951594403879438,-0.3073566177998073,1356.51,242.23392857142855,19.38,8.463199999999999,0.3372035591333643,651.18,63.74,573.2466666666666,803.7400000000001,False,False,False,True,False,False,False,False,False,False,569.75445,-1.0444499999999834,65.2194,-26.11939999999999,25.20415,-31.59415,569.75445,0.0,Moderate,Zone_004
2026-01-16 10:00:00,5.77,305.4,25.8,67.4,387.49,924.48,-16,0,2.42,486.06,11.77,8.23,10,16,1,4,0,0.4999999999999999,-0.8660254037844387,-0.8151277957285544,0.5792811723426785,1311.97,209.24561403508773,13.963399999999998,17.389200000000002,0.295349741228839,568.71,39.1,586.0533333333333,1132.11,False,False,False,True,False,False,False,False,False,False,569.75445,-83.69445000000002,65.2194,-53.4494,25.20415,-16.974149999999998,569.75445,0.0,Moderate,Zone_004
2026-01-16 12:00:00,8.12,169.9,14.7,85.8,97.17,991.9,-14,1,0.34,652.02,36.95,-19.29,12,16,1,4,0,1.2246467991473532e-16,-1.0,0.1753667260919869,-0.9845031799744368,1089.07,126.34222737819026,2.7608,12.6126,0.0892229149641437,486.06,11.77,568.65,1157.3733333333332,False,False,False,True,False,False,False,False,False,False,569.75445,82.26554999999996,65.2194,-28.26939999999999,25.20415,-44.49415,569.75445,0.0,High,Zone_004
2026-01-16 16:00:00,8.78,145.3,28.4,90.0,103.04,1147.53,-2,1,1.7,640.58,49.45,58.62,16,16,1,4,0,-0.8660254037844384,-0.5000000000000004,0.569279523430844,-0.8221440410307376,1250.57,134.75969827586206,14.925999999999998,25.56,0.0823944281407678,652.02,36.95,568.93,1252.5166666666669,False,False,False,True,False,False,False,False,False,False,569.75445,70.82555000000002,65.2194,-15.76939999999999,25.20415,33.41585,569.75445,0.0,High,Zone_004
2026-01-18 06:00:00,5.16,71.4,34.9,90.9,90.98,917.0,-21,0,1.91,418.53,109.59,3.98,6,18,1,6,1,1.0,6.123233995736766e-17,0.9477684100095858,0.3189593092980698,1007.98,178.08833922261485,9.8556,31.7241,0.0902597273755431,640.58,49.45,592.8866666666667,1217.2033333333331,False,False,False,True,False,False,False,False,False,False,569.75445,-151.22445000000005,65.2194,44.37060000000001,25.20415,-21.224149999999998,569.75445,0.0,Low,Zone_004
2026-01-18 12:00:00,9.14,45.6,18.0,38.8,231.69,431.96,-27,0,0.67,466.46,21.07,77.04,12,18,1,6,1,1.2246467991473532e-16,-1.0,0.7144726796328034,0.6996633405133654,663.65,68.84336099585062,6.123800000000001,6.984,0.3491147442175846,418.53,109.59,570.3766666666666,1115.8733333333332,False,False,False,True,False,False,False,False,False,False,569.75445,-103.29445000000004,65.2194,-44.14939999999999,25.20415,51.83585000000001,569.75445,0.0,Low,Zone_004
2026-01-18 20:00:00,6.09,332.4,32.5,65.1,113.03,394.26,16,0,2.14,449.48,83.68,73.67,20,18,1,6,1,-0.8660254037844386,0.5000000000000001,-0.4632960351198621,0.8862035792312145,507.29,76.97875569044005,13.0326,21.1575,0.2228114096473417,466.46,21.07,508.52333333333326,974.0666666666666,False,False,False,True,False,False,False,False,False,False,569.75445,-120.27445,65.2194,18.460600000000014,25.20415,48.46585,569.75445,0.0,Low,Zone_004
2026-01-18 22:00:00,3.36,97.1,16.1,51.2,225.3,1195.17,8,1,2.65,438.72,93.74,-16.41,22,18,1,6,1,-0.5000000000000004,0.8660254037844384,0.9923319378854888,-0.1236014767404924,1420.47,367.9974093264249,8.904,8.243200000000002,0.1586094743289193,449.48,83.68,444.82333333333327,726.3066666666667,False,False,False,True,False,False,False,False,False,False,569.75445,-131.03445,65.2194,28.5206,25.20415,-41.614149999999995,569.75445,0.0,Low,Zone_004
2026-01-19 06:00:00,2.19,1.4,13.9,72.7,326.65,754.47,15,0,0.28,422.65,114.34,33.77,6,19,1,0,0,1.0,6.123233995736766e-17,0.0244321781526531,0.9997014897811832,1081.12,401.903345724907,0.6132000000000001,10.105300000000002,0.3021403729465739,438.72,93.74,451.5533333333333,863.8033333333333,False,False,False,True,False,False,False,False,False,False,569.75445,-147.10445000000004,65.2194,49.12060000000001,25.20415,8.565850000000005,569.75445,0.0,Low,Zone_004
2026-01-19 11:00:00,6.26,108.0,21.0,69.1,286.34,1187.98,22,1,2.31,584.88,82.04,48.51,11,19,1,0,0,0.258819045102521,-0.9659258262890682,0.9510565162951536,-0.3090169943749473,1474.32,218.09467455621305,14.4606,14.511,0.1942183515112051,422.65,114.34,436.9499999999999,1002.96,False,False,False,True,False,False,False,False,False,False,569.75445,15.125549999999976,65.2194,16.820600000000013,25.20415,23.30585,569.75445,0.0,High,Zone_004
2026-01-20 15:00:00,2.44,11.7,28.8,38.2,470.55,423.91,-5,0,3.52,735.03,109.97,42.75,15,20,1,1,0,-0.7071067811865471,-0.7071067811865479,0.2027872953565124,0.9792228106217656,894.46,304.23809523809524,8.588799999999999,11.001600000000002,0.5260715962703754,584.88,82.04,482.08333333333326,1325.3033333333333,False,False,False,True,False,False,False,False,False,False,569.75445,165.27554999999995,65.2194,44.750600000000006,25.20415,17.54585,569.75445,0.0,Severe,Zone_004
2026-01-20 20:00:00,6.38,55.7,11.0,89.1,261.73,514.5,-9,0,1.41,568.5,65.71,69.96,20,20,1,1,0,-0.8660254037844386,0.5000000000000001,0.8260982944957639,0.5635260489375714,776.23,112.82412790697674,8.9958,9.800999999999998,0.3371809901704392,735.03,109.97,580.8533333333332,1149.9666666666665,False,False,False,True,False,False,False,False,False,False,569.75445,-1.2544500000000198,65.2194,0.4906000000000006,25.20415,44.755849999999995,569.75445,0.0,Moderate,Zone_004
2026-01-21 00:00:00,10.04,91.7,18.9,92.4,315.02,478.2,-18,1,4.68,557.9,80.88,82.69,0,21,1,2,0,0.0,1.0,0.999559860119384,-0.0296662440851108,793.22,75.25806451612904,46.9872,17.4636,0.3971407680088751,568.5,65.71,629.4699999999999,1048.3366666666668,False,False,False,True,False,False,False,False,False,False,569.75445,-11.854450000000043,65.2194,15.660600000000002,25.20415,57.48585,569.75445,0.0,Moderate,Zone_004
2026-01-21 08:00:00,8.84,19.6,32.1,32.1,142.07,143.17,-4,0,0.42,727.85,24.79,67.22,8,21,1,2,0,0.8660254037844387,-0.4999999999999998,0.335451569750255,0.9420574527872968,285.24,30.53961456102784,3.7128,10.3041,0.4980717991866498,557.9,80.88,620.4766666666666,821.3033333333333,False,False,False,True,False,False,False,False,False,False,569.75445,158.09555,65.2194,-40.429399999999994,25.20415,42.01585,569.75445,0.0,Severe,Zone_004
2026-01-21 23:00:00,0.62,107.0,17.8,30.0,82.04,775.45,-23,1,2.92,435.99,93.76,76.58,23,21,1,2,0,-0.2588190451025215,0.965925826289068,0.9563047559630355,-0.2923717047227366,857.49,765.6160714285713,1.8104,5.34,0.0956745851263571,727.85,24.79,618.0833333333333,618.23,False,False,False,True,False,False,False,False,False,False,569.75445,-133.76445,65.2194,28.540600000000012,25.20415,51.37585,569.75445,0.0,Low,Zone_004
2026-01-22 04:00:00,4.46,281.8,16.4,90.7,479.79,1135.38,-17,0,1.47,470.87,38.22,37.1,4,22,1,3,0,0.8660254037844386,0.5000000000000001,-0.978867388761685,0.2044960518417906,1615.17,325.63911290322585,6.5562,14.8748,0.2970523226657255,435.99,93.76,573.9133333333333,645.3166666666667,False,False,False,True,False,False,False,False,False,False,569.75445,-98.88445000000002,65.2194,-26.999399999999994,25.20415,11.895850000000003,569.75445,0.0,Low,Zone_004
2026-01-22 09:00:00,6.34,303.2,27.2,92.4,265.05,277.78,13,0,1.76,615.7,67.52,68.12,9,22,1,3,0,0.7071067811865476,-0.7071067811865475,-0.8367643134589621,0.5475632234925496,542.8299999999999,79.3611111111111,11.1584,25.132800000000003,0.4882744137206861,470.87,38.22,544.9033333333332,919.3,False,False,False,True,False,False,False,False,False,False,569.75445,45.945550000000026,65.2194,2.300600000000003,25.20415,42.915850000000006,569.75445,0.0,High,Zone_004
2026-01-22 16:00:00,5.27,32.6,11.2,90.6,93.31,175.19,1,0,3.58,683.19,116.2,67.01,16,22,1,3,0,-0.8660254037844384,-0.5000000000000004,0.538770785006863,0.8424523970071476,268.5,46.53379549393414,18.8666,10.1472,0.3475232774674116,615.7,67.52,507.52,1005.1633333333332,False,False,False,True,False,False,False,False,False,False,569.75445,113.43555000000003,65.2194,50.98060000000001,25.20415,41.80585000000001,569.75445,0.0,Severe,Zone_004
2026-01-22 18:00:00,9.53,93.1,23.9,62.6,331.91,1088.05,-16,0,2.6,535.27,62.82,89.07,18,22,1,3,0,-1.0,-1.8369701987210294e-16,0.9985366703262116,-0.0540788129847751,1419.96,141.57128614157529,24.778,14.9614,0.2337460210146764,683.19,116.2,589.92,808.8333333333334,False,False,False,True,False,False,False,False,False,False,569.75445,-34.48445000000004,65.2194,-2.399399999999993,25.20415,63.865849999999995,569.75445,0.0,Moderate,Zone_004
2026-01-24 03:00:00,7.65,321.8,12.0,74.8,137.83,1191.24,0,0,2.86,517.1,21.83,29.25,3,24,1,5,1,0.7071067811865475,0.7071067811865476,-0.6184083953575539,0.7858568931754021,1329.07,163.0760736196319,21.879,8.975999999999999,0.1037040938400535,535.27,62.82,611.3866666666667,743.7633333333333,False,False,False,True,False,False,False,False,False,False,569.75445,-52.65445,65.2194,-43.389399999999995,25.20415,4.0458500000000015,569.75445,0.0,Moderate,Zone_004
2026-01-24 07:00:00,11.93,266.6,17.5,75.8,286.99,1119.99,-21,0,3.26,656.02,65.91,86.89,7,24,1,5,1,0.9659258262890684,-0.2588190451025206,-0.9982398279237652,-0.0593063735759616,1406.98,113.19227674979888,38.8918,13.265,0.2039758916260359,517.1,21.83,578.5199999999999,1005.8433333333332,False,False,False,True,False,False,False,False,False,False,569.75445,86.26554999999996,65.2194,0.6906000000000034,25.20415,61.68585,569.75445,0.0,Severe,Zone_004
2026-01-24 08:00:00,3.18,272.5,21.6,62.0,253.2,199.64,-7,0,0.82,734.39,66.77,29.8,8,24,1,5,1,0.8660254037844387,-0.4999999999999998,-0.9990482215818578,0.0436193873653357,452.84,123.05434782608694,2.6076,13.392,0.5591378853458175,656.02,65.91,569.4633333333333,1385.3366666666668,False,False,False,True,False,False,False,False,False,False,569.75445,164.63554999999997,65.2194,1.5506000000000029,25.20415,4.595850000000002,569.75445,0.0,Severe,Zone_004
2026-01-24 20:00:00,0.61,223.0,16.6,45.7,132.19,446.0,-23,1,0.15,486.23,114.31,83.39,20,24,1,5,1,-0.8660254037844386,0.5000000000000001,-0.6819983600624984,-0.7313537016191706,578.19,520.891891891892,0.0915,7.586200000000002,0.2286272678531278,734.39,66.77,635.8366666666666,1062.9633333333334,False,False,False,True,False,False,False,False,False,False,569.75445,-83.52445,65.2194,49.09060000000001,25.20415,58.18585,569.75445,0.0,Moderate,Zone_004
2026-01-25 15:00:00,10.02,235.0,10.6,51.9,52.61,529.83,6,0,1.8,589.35,34.76,98.3,15,25,1,6,1,-0.7071067811865471,-0.7071067811865479,-0.8191520442889916,-0.5735764363510464,582.44,55.36501901140685,18.036,5.5014,0.090326900624957,486.23,114.31,625.5466666666666,812.6700000000001,False,False,False,True,False,False,False,False,False,False,569.75445,19.595550000000003,65.2194,-30.459399999999995,25.20415,73.09585,569.75445,0.0,High,Zone_004
2026-01-25 18:00:00,3.27,303.7,32.4,31.5,407.37,838.81,22,1,4.2,700.85,82.24,-27.62,18,25,1,6,1,-1.0,-1.8369701987210294e-16,-0.8319541221304828,0.554844427447999,1246.1799999999998,330.551724137931,13.734,10.206,0.3268949910927796,589.35,34.76,603.3233333333333,537.8233333333334,False,False,False,True,False,False,False,False,False,False,569.75445,131.09555,65.2194,17.0206,25.20415,-52.82415,569.75445,0.0,Severe,Zone_004
2026-01-26 13:00:00,9.51,30.0,14.1,82.1,206.92,759.09,-27,0,0.63,482.31,28.17,-29.11,13,26,1,0,0,-0.2588190451025208,-0.9659258262890684,0.4999999999999999,0.8660254037844387,966.01,96.50449550449552,5.9913,11.5761,0.214200681152369,700.85,82.24,592.1433333333333,802.27,False,False,False,True,False,False,False,False,False,False,569.75445,-87.44445000000002,65.2194,-37.04939999999999,25.20415,-54.31415,569.75445,0.0,Moderate,Zone_004
2026-01-26 20:00:00,9.94,137.7,12.9,78.6,493.84,1101.45,-4,1,3.55,726.06,103.09,-39.45,20,26,1,0,0,-0.8660254037844386,0.5000000000000001,0.6730125135097736,-0.7396310949786095,1595.29,152.80555555555557,35.287,10.1394,0.3095612709914812,482.31,28.17,590.8366666666667,931.5433333333334,False,False,False,True,False,False,False,False,False,False,569.75445,156.30554999999993,65.2194,37.87060000000001,25.20415,-64.65415,569.75445,0.0,Severe,Zone_004
2026-01-27 02:00:00,2.44,130.2,15.6,47.2,339.96,775.93,-13,1,1.64,608.23,43.85,69.89,2,27,1,1,0,0.4999999999999999,0.8660254037844387,0.7637960286346424,-0.6454576877239504,1115.89,379.5544217687074,4.0016,7.363200000000001,0.3046536845029528,726.06,103.09,636.4066666666666,1269.16,False,False,False,True,False,False,False,False,False,False,569.75445,38.47555,65.2194,-21.36939999999999,25.20415,44.68585,569.75445,0.0,High,Zone_004
2026-01-29 04:00:00,7.69,23.4,11.4,63.8,477.29,952.31,16,1,0.06,526.47,11.15,12.3,4,29,1,3,0,0.8660254037844386,0.5000000000000001,0.3971478906347805,0.9177546256839813,1429.6,174.5543345543345,0.4614,7.273199999999999,0.3338626189143817,608.23,43.85,605.5333333333333,1225.7299999999998,False,False,False,True,False,False,False,False,False,False,569.75445,-43.28444999999999,65.2194,-54.069399999999995,25.20415,-12.904149999999998,569.75445,0.0,Moderate,Zone_004
2026-01-30 13:00:00,3.27,249.6,21.0,77.3,212.35,1058.4,-9,0,4.3,704.71,85.75,-9.96,13,30,1,4,0,-0.2588190451025208,-0.9659258262890684,-0.9372819894918916,-0.3485720473218154,1270.75,337.0689655172414,14.061,16.233,0.1671060397403108,526.47,11.15,620.2533333333332,1380.26,False,False,False,True,False,False,False,False,False,False,569.75445,134.95555000000002,65.2194,20.530600000000007,25.20415,-35.16415,569.75445,0.0,Severe,Zone_004
2026-01-30 23:00:00,4.04,314.4,30.1,49.6,345.31,395.68,-3,0,0.62,644.63,12.18,77.13,23,30,1,4,0,-0.2588190451025215,0.965925826289068,-0.7144726796328037,0.6996633405133651,740.99,163.2136563876652,2.5048,14.9296,0.4660116870673018,704.71,85.75,613.1366666666667,1272.08,False,False,False,True,False,False,False,False,False,False,569.75445,74.87554999999998,65.2194,-53.03939999999999,25.20415,51.92585,569.75445,0.0,High,Zone_004
2026-01-31 05:00:00,6.79,338.6,22.3,63.0,153.5,1177.16,-17,1,4.95,707.34,101.45,98.05,5,31,1,5,1,0.9659258262890684,0.2588190451025207,-0.3648767843376198,0.9310558158625284,1330.66,182.53223593964336,33.6105,14.049,0.1153562893601671,644.63,12.18,625.27,1147.1133333333337,False,False,False,True,False,False,False,False,False,False,569.75445,137.58555,65.2194,36.23060000000001,25.20415,72.84585,569.75445,0.0,Severe,Zone_004
2026-01-31 18:00:00,7.37,21.0,14.5,67.9,196.17,265.49,7,0,3.05,453.48,12.42,15.33,18,31,1,5,1,-1.0,-1.8369701987210294e-16,0.3583679495453002,0.9335804264972016,461.66,58.66073697585768,22.4785,9.8455,0.4249231035827232,707.34,101.45,685.56,1114.1333333333334,False,False,False,True,False,False,False,False,False,False,569.75445,-116.27445,65.2194,-52.79939999999999,25.20415,-9.874149999999998,569.75445,0.0,Low,Zone_004
2026-01-31 20:00:00,1.07,157.0,33.5,91.7,387.57,846.94,13,0,1.15,610.83,15.97,-20.73,20,31,1,5,1,-0.8660254037844386,0.5000000000000001,0.3907311284892737,-0.9205048534524404,1234.51,786.312101910828,1.2305,30.719500000000004,0.3139464240872897,453.48,12.42,601.8166666666666,844.4366666666666,False,False,False,True,False,False,False,False,False,False,569.75445,41.07555000000002,65.2194,-49.249399999999994,25.20415,-45.93415,569.75445,0.0,High,Zone_004
2026-02-02 03:00:00,9.11,68.8,23.2,46.7,436.44,264.64,-30,0,4.39,680.84,91.02,-1.81,3,2,2,0,0,0.7071067811865475,0.7071067811865476,0.9323238012155122,0.3616245700820924,701.0799999999999,72.9531737773153,39.99289999999999,10.8344,0.6225252467621385,610.83,15.97,590.5499999999998,1008.9433333333332,False,False,False,True,False,False,False,False,False,False,569.75445,111.08555000000001,65.2194,25.800600000000003,25.20415,-27.014149999999997,569.75445,0.0,Severe,Zone_004
2026-02-02 08:00:00,6.78,95.5,32.0,74.4,191.78,289.44,17,0,3.92,418.32,103.31,81.69,8,2,2,0,0,0.8660254037844387,-0.4999999999999998,0.9953961983671789,-0.0958457525202239,481.22,66.10164835164835,26.5776,23.808000000000003,0.398528739453888,680.84,91.02,581.7166666666666,799.0833333333334,False,False,False,True,False,False,False,False,False,False,569.75445,-151.43445000000003,65.2194,38.09060000000001,25.20415,56.48585,569.75445,0.0,Low,Zone_004
2026-02-03 14:00:00,11.72,217.4,26.4,62.6,347.24,984.84,-14,1,1.36,480.85,101.84,97.6,14,3,2,1,0,-0.4999999999999997,-0.8660254037844388,-0.6073758397232868,-0.794414620535418,1332.08,109.00818330605564,15.9392,16.5264,0.2606750345324605,418.32,103.31,569.9966666666666,805.6033333333335,False,False,False,True,False,False,False,False,False,False,569.75445,-88.90445,65.2194,36.62060000000001,25.20415,72.39585,569.75445,0.0,Moderate,Zone_004
2026-02-03 16:00:00,4.43,147.9,16.9,52.7,432.15,469.51,2,1,0.41,682.76,56.36,29.16,16,3,2,1,0,-0.8660254037844384,-0.5000000000000004,0.5313985795180828,-0.8471219213821372,901.66,182.8924949290061,1.8163,8.9063,0.4792826564336889,480.85,101.84,526.67,838.1266666666667,False,False,False,True,False,False,False,False,False,False,569.75445,113.00554999999997,65.2194,-8.859399999999994,25.20415,3.9558500000000016,569.75445,0.0,Severe,Zone_004
2026-02-03 21:00:00,4.27,9.3,21.4,57.8,364.4,696.31,-28,1,4.54,633.42,107.02,85.85,21,3,2,1,0,-0.7071067811865477,0.7071067811865474,0.1616038211033611,0.9868557164068072,1060.71,222.37106918239,19.3858,12.3692,0.3435434755965343,682.76,56.36,527.31,904.9866666666668,False,False,False,True,False,False,False,False,False,False,569.75445,63.66554999999994,65.2194,41.8006,25.20415,60.645849999999996,569.75445,0.0,High,Zone_004
2026-02-04 08:00:00,2.59,307.6,27.3,48.7,354.23,321.59,-10,1,3.68,469.16,49.95,-24.41,8,4,2,2,0,0.8660254037844387,-0.4999999999999998,-0.7922896433551903,0.6101451639012682,675.8199999999999,218.71197411003237,9.5312,13.2951,0.5241484418928117,633.42,107.02,599.0099999999999,1098.15,False,False,False,True,False,False,False,False,False,False,569.75445,-100.59445,65.2194,-15.26939999999999,25.20415,-49.614149999999995,569.75445,0.0,Low,Zone_004
2026-02-04 22:00:00,11.46,285.3,30.0,91.0,458.09,812.98,10,0,1.11,602.69,101.4,24.19,22,4,2,2,0,-0.5000000000000004,0.8660254037844384,-0.964557418457798,0.263873049965373,1271.07,106.2767558528428,12.720600000000005,27.3,0.3603971457118805,469.16,49.95,595.1133333333332,879.3966666666666,False,False,False,True,False,False,False,False,False,False,569.75445,32.935550000000035,65.2194,36.18060000000001,25.20415,-1.0141499999999972,569.75445,0.0,High,Zone_004
2026-02-05 07:00:00,6.62,324.6,26.1,90.7,51.1,818.6,-23,0,3.25,515.91,73.86,80.05,7,5,2,3,0,0.9659258262890684,-0.2588190451025206,-0.5792811723426788,0.8151277957285542,869.7,122.1488764044944,21.515,23.6727,0.0587558928366103,602.69,101.4,568.4233333333333,1002.5333333333334,False,False,False,True,False,False,False,False,False,False,569.75445,-53.84445000000005,65.2194,8.640600000000006,25.20415,54.84585,569.75445,0.0,Moderate,Zone_004
2026-02-05 11:00:00,4.87,90.1,12.5,58.7,475.34,738.19,9,0,0.06,685.39,16.12,51.31,11,5,2,3,0,0.258819045102521,-0.9659258262890682,0.9999984769132876,-0.0017453283658981,1213.53,225.98324022346367,0.2922,7.3375,0.3917002463886348,515.91,73.86,529.2533333333332,938.8633333333332,False,False,False,True,False,False,False,False,False,False,569.75445,115.63554999999997,65.2194,-49.09939999999999,25.20415,26.105850000000004,569.75445,0.0,Severe,Zone_004
2026-02-05 12:00:00,7.6,241.0,16.8,71.2,323.83,827.94,17,0,4.75,493.61,103.54,-7.74,12,5,2,3,0,1.2246467991473532e-16,-1.0,-0.874619707139396,-0.4848096202463368,1151.77,142.19382716049384,36.1,11.9616,0.2811585646439827,685.39,16.12,601.3299999999999,1118.1,False,False,False,True,False,False,False,False,False,False,569.75445,-76.14445,65.2194,38.32060000000001,25.20415,-32.94415,569.75445,0.0,Moderate,Zone_004
2026-02-06 04:00:00,2.64,210.8,34.0,77.7,344.58,418.35,-15,0,1.51,471.22,99.93,77.52,4,6,2,4,0,0.8660254037844386,0.5000000000000001,-0.5120428648705717,-0.8589598969306643,762.9300000000001,242.97133757961785,3.9864,26.418000000000003,0.4516534937674491,493.61,103.54,564.9699999999999,1078.3333333333333,False,False,False,True,False,False,False,False,False,False,569.75445,-98.53444999999999,65.2194,34.710600000000014,25.20415,52.31585,569.75445,0.0,Low,Zone_004
2026-02-06 06:00:00,5.52,274.0,30.0,71.9,494.69,774.43,12,1,3.83,476.62,24.71,-1.25,6,6,2,4,0,1.0,6.123233995736766e-17,-0.9975640502598244,0.0697564737441252,1269.12,210.8172757475083,21.1416,21.57,0.3897897755925366,471.22,99.93,550.0733333333333,1042.7433333333336,False,False,False,True,False,False,False,False,False,False,569.75445,-93.13445000000002,65.2194,-40.50939999999999,25.20415,-26.45415,569.75445,0.0,Low,Zone_004
2026-02-06 08:00:00,5.53,131.9,18.4,36.9,319.72,851.26,-2,1,0.84,591.01,76.07,47.98,8,6,2,4,0,0.8660254037844387,-0.4999999999999998,0.7443115462311539,-0.6678325554710468,1170.98,194.1923714759536,4.6452,6.789599999999999,0.273036260226477,476.62,24.71,480.4833333333333,1061.2733333333333,False,False,False,True,False,False,False,False,False,False,569.75445,21.25554999999997,65.2194,10.8506,25.20415,22.77585,569.75445,0.0,High,Zone_004
2026-02-06 14:00:00,6.28,66.2,33.7,74.9,437.56,846.0,-25,1,2.33,417.69,27.93,86.09,14,6,2,4,0,-0.4999999999999997,-0.8660254037844388,0.9149596678498249,0.40354529635239,1283.56,189.31563421828903,14.6324,25.24130000000001,0.3408956340178877,591.01,76.07,512.9499999999999,1067.6766666666667,False,False,False,True,False,False,False,False,False,False,569.75445,-152.06445000000002,65.2194,-37.28939999999999,25.20415,60.885850000000005,569.75445,0.0,Low,Zone_004
2026-02-07 03:00:00,6.46,254.4,16.2,51.9,289.0,479.38,18,1,0.49,431.54,28.55,89.22,3,7,2,5,1,0.7071067811865475,0.7071067811865476,-0.963162566797658,-0.2689198206152658,768.38,110.39942528735632,3.1654,8.4078,0.3761159842786121,417.69,27.93,495.10666666666657,1241.22,False,False,False,True,False,False,False,False,False,False,569.75445,-138.21445,65.2194,-36.669399999999996,25.20415,64.01585,569.75445,0.0,Low,Zone_004
2026-02-08 10:00:00,4.72,46.5,15.0,82.9,405.2,764.01,11,0,2.95,430.67,104.76,-21.57,10,8,2,6,1,0.4999999999999999,-0.8660254037844387,0.7253743710122876,0.688354575693754,1169.21,223.9865900383142,13.924,12.435,0.3465587875574105,431.54,28.55,480.0799999999999,1074.3066666666666,False,False,False,True,False,False,False,False,False,False,569.75445,-139.08445,65.2194,39.54060000000001,25.20415,-46.77415,569.75445,0.0,Low,Zone_004
2026-02-09 18:00:00,8.36,30.7,23.5,58.5,359.68,553.09,-20,0,2.5,698.18,24.39,19.54,18,9,2,0,0,-1.0,-1.8369701987210294e-16,0.5105429179116057,0.8598522715968735,912.77,103.0214446952596,20.9,13.7475,0.3940532664307548,430.67,104.76,426.63333333333327,1073.716666666667,False,False,False,True,False,False,False,False,False,False,569.75445,128.42554999999993,65.2194,-40.82939999999999,25.20415,-5.664149999999999,569.75445,0.0,Severe,Zone_004
2026-02-09 20:00:00,7.12,272.3,13.0,61.4,395.16,544.43,3,0,0.39,492.31,95.0,-48.18,20,9,2,0,0,-0.8660254037844386,0.5000000000000001,-0.999194395114446,0.0401317925325597,939.59,123.3057742782152,2.7768,7.981999999999999,0.4205664172671059,698.18,24.39,520.1299999999999,950.1200000000002,False,False,False,True,False,False,False,False,False,False,569.75445,-77.44445000000002,65.2194,29.780600000000007,25.20415,-73.38415,569.75445,0.0,Moderate,Zone_004
2026-02-09 22:00:00,7.19,178.1,26.1,50.9,147.28,940.4,8,0,1.23,508.6,96.32,9.03,22,9,2,0,0,-0.5000000000000004,0.8660254037844384,0.0331551783885265,-0.9994502159417572,1087.68,141.4408322496749,8.8437,13.2849,0.1354074727861135,492.31,95.0,540.3866666666665,1007.19,False,False,False,True,False,False,False,False,False,False,569.75445,-61.15445,65.2194,31.1006,25.20415,-16.174149999999997,569.75445,0.0,Moderate,Zone_004
2026-02-10 05:00:00,2.01,309.2,16.3,43.0,434.42,1108.75,25,0,2.27,584.65,75.83,26.03,5,10,2,1,0,0.9659258262890684,0.2588190451025207,-0.7749444887041796,0.6320293026648508,1543.17,614.8087649402391,4.5627,7.009,0.2815114342554611,508.6,96.32,566.3633333333332,980.0133333333332,False,False,False,True,False,False,False,False,False,False,569.75445,14.895549999999957,65.2194,10.610600000000005,25.20415,0.8258500000000026,569.75445,0.0,High,Zone_004
2026-02-10 14:00:00,5.95,48.6,20.1,71.7,348.23,693.15,-30,1,2.5,463.61,65.42,98.96,14,10,2,1,0,-0.4999999999999997,-0.8660254037844388,0.7501110696304596,0.6613118653236518,1041.38,161.4542635658915,14.875,14.411700000000002,0.3343928249054139,584.65,75.83,528.5199999999999,1190.1466666666668,False,False,False,True,False,False,False,False,False,False,569.75445,-106.14445,65.2194,0.20060000000000855,25.20415,73.75585,569.75445,0.0,Low,Zone_004
2026-02-10 16:00:00,7.59,206.0,34.1,66.4,163.49,392.85,18,1,1.63,665.01,52.59,27.61,16,10,2,1,0,-0.8660254037844384,-0.5000000000000004,-0.4383711467890774,-0.8987940462991669,556.34,68.76885043263289,12.3717,22.6424,0.2938670597116871,463.61,65.42,518.9533333333333,1224.0766666666668,False,False,False,True,False,False,False,False,False,False,569.75445,95.25554999999997,65.2194,-12.62939999999999,25.20415,2.405850000000001,569.75445,0.0,Severe,Zone_004
2026-02-10 20:00:00,2.2,321.7,19.4,49.9,198.09,590.43,11,1,0.82,746.88,108.28,99.07,20,10,2,1,0,-0.8660254037844386,0.5000000000000001,-0.6197790317951405,0.7847763705330827,788.52,292.0444444444444,1.804,9.6806,0.2512174707046112,665.01,52.59,571.0899999999998,1046.9633333333334,False,False,False,True,False,False,False,False,False,False,569.75445,177.12554999999998,65.2194,43.06060000000001,25.20415,73.86585,569.75445,0.0,Severe,Zone_004
2026-02-11 00:00:00,2.84,54.7,20.9,75.9,268.62,453.38,-25,0,3.05,684.64,84.04,-39.29,0,11,2,2,0,0.0,1.0,0.8161375900801602,0.5778576243835054,722.0,216.1676646706587,8.661999999999999,15.8631,0.3720498614958449,746.88,108.28,625.1666666666666,795.4133333333334,False,False,False,True,False,False,False,False,False,False,569.75445,114.88554999999997,65.2194,18.820600000000013,25.20415,-64.49414999999999,569.75445,0.0,Severe,Zone_004
2026-02-11 01:00:00,9.34,46.9,14.9,80.9,88.69,213.32,18,1,2.51,627.56,14.5,-36.95,1,11,2,2,0,0.2588190451025207,0.9659258262890684,0.7301622766207524,0.6832737736807991,302.01,30.692073170731707,23.4434,12.0541,0.2936657726565345,684.64,84.04,698.8433333333332,688.9533333333334,False,False,False,True,False,False,False,False,False,False,569.75445,57.805549999999926,65.2194,-50.71939999999999,25.20415,-62.15415,569.75445,0.0,High,Zone_004
2026-02-11 04:00:00,0.74,88.7,22.2,55.2,474.64,741.16,6,0,4.6,512.09,73.1,48.63,4,11,2,2,0,0.8660254037844386,0.5000000000000001,0.9997426093226984,0.0226873335727813,1215.8,980.483870967742,3.404,12.2544,0.3903931567692054,627.56,14.5,686.3599999999998,604.1766666666667,False,False,False,True,False,False,False,False,False,False,569.75445,-57.66444999999999,65.2194,7.880600000000001,25.20415,23.425850000000004,569.75445,0.0,Moderate,Zone_004
2026-02-11 18:00:00,8.28,134.2,16.0,48.6,90.8,803.58,-16,0,3.75,506.76,78.41,-35.78,18,11,2,2,0,-1.0,-1.8369701987210294e-16,0.7169106076504829,-0.6971651028545645,894.38,101.86560364464694,31.05,7.776,0.1015228426395939,512.09,73.1,608.0966666666666,746.6033333333334,False,False,False,True,False,False,False,False,False,False,569.75445,-62.99445000000003,65.2194,13.190600000000003,25.20415,-60.98415,569.75445,0.0,Moderate,Zone_004
2026-02-11 19:00:00,4.68,126.6,33.4,49.4,350.26,290.21,-8,1,2.0,412.55,116.31,81.54,19,11,2,2,0,-0.9659258262890684,0.2588190451025203,0.8028174751911147,-0.5962248749656156,640.47,123.64285714285715,9.36,16.499599999999997,0.5468796352678501,506.76,78.41,548.8033333333332,804.0633333333334,False,False,False,True,False,False,False,False,False,False,569.75445,-157.20445,65.2194,51.09060000000001,25.20415,56.33585000000001,569.75445,0.0,Low,Zone_004
2026-02-12 14:00:00,9.72,334.8,13.2,30.2,399.49,299.07,28,0,0.37,537.89,98.42,40.41,14,12,2,3,0,-0.4999999999999997,-0.8660254037844388,-0.4257792915650722,0.9048270524660196,698.56,68.35225048923678,3.5964,3.9864,0.5718764315162621,412.55,116.31,477.13333333333327,916.8833333333332,False,False,False,True,False,False,False,False,False,False,569.75445,-31.864450000000033,65.2194,33.20060000000001,25.20415,15.205849999999998,569.75445,0.0,Moderate,Zone_004
2026-02-13 04:00:00,3.95,278.0,31.8,80.1,79.53,716.3,5,0,0.31,726.48,112.48,85.25,4,13,2,4,0,0.8660254037844386,0.5000000000000001,-0.9902680687415704,0.1391731009600654,795.8299999999999,178.838202247191,1.2245,25.4718,0.0999334028624203,537.89,98.42,485.7333333333333,744.4699999999999,False,False,False,True,False,False,False,False,False,False,569.75445,156.72555,65.2194,47.26060000000001,25.20415,60.04585,569.75445,0.0,Severe,Zone_004
2026-02-13 10:00:00,7.21,121.4,19.0,83.4,366.18,992.6,-15,1,2.76,573.11,23.13,85.85,10,13,2,4,0,0.4999999999999999,-0.8660254037844387,0.8535507972753275,-0.5210096318405764,1358.78,176.2360570687419,19.8996,15.846000000000002,0.2694917499521629,726.48,112.48,558.9733333333332,711.6199999999999,False,False,False,True,False,False,False,False,False,False,569.75445,3.355549999999994,65.2194,-42.0894,25.20415,60.645849999999996,569.75445,0.0,High,Zone_004
2026-02-14 00:00:00,11.76,61.6,27.8,30.6,153.93,833.07,14,0,2.03,742.39,32.18,84.08,0,14,2,5,1,0.0,1.0,0.8796485728666165,0.4756242090702753,987.0,80.50570962479608,23.8728,8.5068,0.1559574468085106,573.11,23.13,612.4933333333332,951.0566666666668,False,False,False,True,False,False,False,False,False,False,569.75445,172.63554999999997,65.2194,-33.03939999999999,25.20415,58.87585,569.75445,0.0,Severe,Zone_004
2026-02-14 13:00:00,1.46,31.1,25.6,80.0,455.78,159.85,0,0,4.87,700.9,17.68,-33.04,13,14,2,5,1,-0.2588190451025208,-0.9659258262890684,0.5165333288666418,0.8562670846003282,615.63,314.0969387755102,7.1102,20.48,0.7403472865195003,742.39,32.18,680.6599999999999,1047.2033333333334,False,False,False,True,False,False,False,False,False,False,569.75445,131.14554999999996,65.2194,-47.53939999999999,25.20415,-58.24415,569.75445,0.0,Severe,Zone_004
2026-02-14 16:00:00,1.29,301.3,16.3,45.8,61.19,510.65,2,1,1.97,470.67,22.12,45.82,16,14,2,5,1,-0.8660254037844384,-0.5000000000000004,-0.8544588301328072,0.5195191118795097,571.8399999999999,319.4636871508379,2.5413,7.4654,0.1070054560716284,700.9,17.68,672.1333333333332,987.1366666666668,False,False,False,True,False,False,False,False,False,False,569.75445,-99.08445,65.2194,-43.09939999999999,25.20415,20.615850000000002,569.75445,0.0,Low,Zone_004
2026-02-15 16:00:00,11.86,127.8,18.4,53.7,168.12,848.07,19,0,2.26,722.25,62.74,-48.19,16,15,2,6,1,-0.8660254037844384,-0.5000000000000004,0.7901550123756905,-0.6129070536529763,1016.19,82.21601941747574,26.8036,9.8808,0.1654415020813036,470.67,22.12,637.9866666666666,724.8233333333333,False,False,False,True,False,False,False,False,False,False,569.75445,152.49554999999998,65.2194,-2.479399999999991,25.20415,-73.39415,569.75445,0.0,Severe,Zone_004
2026-02-17 02:00:00,6.35,171.8,19.9,92.2,475.18,102.78,-19,1,3.53,506.19,27.11,-18.6,2,17,2,1,0,0.4999999999999999,0.8660254037844387,0.1426289337055113,-0.989776230907789,577.96,84.37372262773724,22.4155,18.3478,0.8221676240570281,722.25,62.74,631.2733333333332,734.5533333333333,False,False,False,True,False,False,False,False,False,False,569.75445,-63.56445000000002,65.2194,-38.109399999999994,25.20415,-43.80415,569.75445,0.0,Moderate,Zone_004
2026-02-17 03:00:00,5.71,47.1,17.5,75.3,400.82,211.27,-30,1,1.46,509.91,32.69,60.85,3,17,2,1,0,0.7071067811865475,0.7071067811865476,0.7325428987873788,0.6807208689589178,612.09,98.56521739130436,8.336599999999999,13.1775,0.6548383407668806,506.19,27.11,566.3699999999999,721.9966666666666,False,False,False,True,False,False,False,False,False,False,569.75445,-59.844449999999995,65.2194,-32.529399999999995,25.20415,35.64585,569.75445,0.0,Moderate,Zone_004
2026-02-17 17:00:00,6.37,145.8,21.6,73.0,62.43,221.82,7,0,2.89,711.29,114.15,-48.0,17,17,2,1,0,-0.9659258262890684,-0.2588190451025206,0.5620833778521305,-0.8270805742745619,284.25,41.37554585152839,18.4093,15.768000000000002,0.2196306068601583,509.91,32.69,579.4499999999999,735.4133333333334,False,False,False,True,False,False,False,False,False,False,569.75445,141.53554999999994,65.2194,48.93060000000001,25.20415,-73.20415,569.75445,0.0,Severe,Zone_004
2026-02-17 22:00:00,11.62,325.5,29.6,37.7,124.1,430.65,19,0,3.49,700.39,56.1,42.67,22,17,2,1,0,-0.5000000000000004,0.8660254037844384,-0.5664062369248329,0.8241261886220156,554.75,45.771452145214525,40.5538,11.1592,0.2237043713384407,711.29,114.15,575.7966666666666,491.4333333333334,False,False,False,True,False,False,False,False,False,False,569.75445,130.63554999999997,65.2194,-9.119399999999992,25.20415,17.465850000000003,569.75445,0.0,Severe,Zone_004
2026-02-18 04:00:00,9.82,329.3,30.5,85.8,229.34,1039.4,-8,0,1.75,742.97,66.38,-41.23,4,18,2,2,0,0.8660254037844386,0.5000000000000001,-0.5105429179116056,0.8598522715968736,1268.74,122.93992248062015,17.185000000000002,26.169,0.180762015858253,700.39,56.1,640.5299999999999,483.6966666666667,False,False,False,True,False,False,False,False,False,False,569.75445,173.21555,65.2194,1.1606000000000023,25.20415,-66.43414999999999,569.75445,0.0,Severe,Zone_004
2026-02-18 12:00:00,5.67,215.6,21.7,68.4,129.79,192.29,-21,1,1.81,655.89,119.79,-10.07,12,18,2,2,0,1.2246467991473532e-16,-1.0,-0.5821229701572893,-0.8131007610470278,322.08,52.20097244732577,10.2627,14.8428,0.4029744162940884,742.97,66.38,718.2166666666666,702.5799999999999,False,False,False,True,False,False,False,False,False,False,569.75445,86.13554999999997,65.2194,54.57060000000001,25.20415,-35.27415,569.75445,0.0,Severe,Zone_004
2026-02-19 08:00:00,9.38,208.1,25.5,89.2,207.27,743.43,4,1,2.85,717.74,53.2,-43.45,8,19,2,3,0,0.8660254037844387,-0.4999999999999998,-0.47101188121941,-0.8821268660176678,950.7,96.22469635627527,26.733000000000004,22.746,0.2180183023035658,655.89,119.79,699.75,715.1899999999999,False,False,False,True,False,False,False,False,False,False,569.75445,147.98555,65.2194,-12.01939999999999,25.20415,-68.65415,569.75445,0.0,Severe,Zone_004
2026-02-19 18:00:00,9.81,276.8,24.4,76.8,152.51,701.17,-17,1,4.18,659.5,51.07,-17.53,18,19,2,3,0,-1.0,-1.8369701987210294e-16,-0.9929655081065368,0.1184039683065013,853.68,82.80116391852569,41.0058,18.7392,0.1786500796551401,717.74,53.2,705.5333333333333,847.1733333333332,False,False,False,True,False,False,False,False,False,False,569.75445,89.74554999999998,65.2194,-14.149399999999993,25.20415,-42.73415,569.75445,0.0,Severe,Zone_004
2026-02-21 01:00:00,6.55,173.9,19.5,32.0,229.39,1079.12,5,0,1.17,655.73,116.92,61.45,1,21,2,5,1,0.2588190451025207,0.9659258262890684,0.1062640713362333,-0.9943379441332046,1308.5099999999998,185.6042553191489,7.663499999999999,6.24,0.1753062643770395,659.5,51.07,677.7099999999999,708.8199999999998,False,False,False,True,False,False,False,False,False,False,569.75445,85.97555,65.2194,51.70060000000001,25.20415,36.245850000000004,569.75445,0.0,Severe,Zone_004
2026-02-21 06:00:00,1.07,105.1,13.3,59.3,237.16,1034.5,16,0,4.37,448.46,82.68,34.56,6,21,2,5,1,1.0,6.123233995736766e-17,0.9654726308792252,-0.2605045086426483,1271.66,809.9745222929937,4.6759,7.886900000000001,0.1864963905446424,655.73,116.92,677.6566666666666,1037.63,False,False,False,True,False,False,False,False,False,False,569.75445,-121.29445000000004,65.2194,17.460600000000014,25.20415,9.355850000000004,569.75445,0.0,Low,Zone_004
2026-02-21 21:00:00,8.73,229.7,13.3,88.1,263.88,980.76,10,1,3.24,679.85,60.32,6.2,21,21,2,5,1,-0.7071067811865477,0.7071067811865474,-0.7626683296956883,-0.6467897795104595,1244.64,134.84723726977245,28.285200000000003,11.7173,0.2120131122252217,448.46,82.68,587.8966666666665,1144.6166666666666,False,False,False,True,False,False,False,False,False,False,569.75445,110.09555,65.2194,-4.899399999999993,25.20415,-19.00415,569.75445,0.0,Severe,Zone_004
2026-02-21 22:00:00,7.48,115.4,15.0,83.5,136.76,597.31,-14,0,1.62,479.65,118.85,90.02,22,21,2,5,1,-0.5000000000000004,0.8660254037844384,0.9033352928633008,-0.4289351334031457,734.0699999999999,91.98872180451129,12.1176,12.525,0.186303758497146,679.85,60.32,594.68,1274.9366666666665,False,False,False,True,False,False,False,False,False,False,569.75445,-90.10445000000004,65.2194,53.6306,25.20415,64.81585,569.75445,0.0,Moderate,Zone_004
2026-02-22 01:00:00,1.24,46.4,31.6,30.2,258.98,472.33,-30,0,1.33,479.83,60.3,-18.59,1,22,2,6,1,0.2588190451025207,0.9659258262890684,0.7241718614374675,0.6896195437356698,731.31,420.2931034482758,1.6492,9.5432,0.3541316268066894,479.65,118.85,535.9866666666667,1083.4566666666665,False,False,False,True,False,False,False,False,False,False,569.75445,-89.92445000000004,65.2194,-4.919399999999996,25.20415,-43.79415,569.75445,0.0,Moderate,Zone_004
2026-02-24 18:00:00,7.05,124.4,14.3,55.8,171.83,503.1,28,0,3.52,578.86,72.95,-48.47,18,24,2,1,0,-1.0,-1.8369701987210294e-16,0.8251134982782952,-0.5649670034249379,674.9300000000001,89.39470198675498,24.816,7.979400000000001,0.2545893648230187,479.83,60.3,546.4433333333333,903.3399999999998,False,False,False,True,False,False,False,False,False,False,569.75445,9.105549999999994,65.2194,7.73060000000001,25.20415,-73.67415,569.75445,0.0,High,Zone_004
2026-02-25 13:00:00,9.33,28.3,33.1,45.6,113.48,694.07,4,0,2.92,684.15,17.4,-6.87,13,25,2,2,0,-0.2588190451025208,-0.9659258262890684,0.4740882090471163,0.880477353509162,807.5500000000001,82.15157680569685,27.2436,15.093600000000002,0.1405238065754442,578.86,72.95,512.7799999999999,713.4366666666665,False,False,False,True,False,False,False,False,False,False,569.75445,114.39554999999996,65.2194,-47.819399999999995,25.20415,-32.074149999999996,569.75445,0.0,Severe,Zone_004
2026-02-26 04:00:00,8.45,210.9,23.9,87.1,455.55,562.59,7,1,2.03,538.24,23.85,69.35,4,26,2,3,0,0.8660254037844386,0.5000000000000001,-0.5135412520581701,-0.8580649057236445,1018.14,113.75865921787712,17.153499999999998,20.8169,0.4474335553067358,684.15,17.4,580.9466666666666,737.9299999999998,False,False,False,True,False,False,False,False,False,False,569.75445,-31.51445000000001,65.2194,-41.36939999999999,25.20415,44.145849999999996,569.75445,0.0,Moderate,Zone_004
2026-02-26 13:00:00,7.97,142.1,26.9,39.2,104.68,805.23,-4,1,2.14,657.99,52.67,48.66,13,26,2,3,0,-0.2588190451025208,-0.9659258262890684,0.6142852000989434,-0.7890840848346905,909.91,107.42739079102718,17.0558,10.5448,0.1150443450451143,538.24,23.85,600.4166666666665,833.54,False,False,False,True,False,False,False,False,False,False,569.75445,88.23554999999999,65.2194,-12.549399999999991,25.20415,23.455849999999998,569.75445,0.0,Severe,Zone_004
2026-02-26 20:00:00,3.46,73.9,19.7,79.2,296.69,1179.46,-28,0,4.49,592.21,89.32,-21.74,20,26,2,3,0,-0.8660254037844386,0.5000000000000001,0.9607791541575942,0.2773146533023777,1476.15,372.7651515151516,15.5354,15.6024,0.2009890593774345,657.99,52.67,626.7933333333332,911.8666666666668,False,False,False,True,False,False,False,False,False,False,569.75445,22.455550000000017,65.2194,24.1006,25.20415,-46.94414999999999,569.75445,0.0,High,Zone_004
2026-02-27 06:00:00,3.66,323.9,29.3,64.2,105.03,1002.94,28,0,4.52,683.91,62.08,-0.17,6,27,2,4,0,1.0,6.123233995736766e-17,-0.5891963573533422,0.8079898838980305,1107.97,266.3389423076923,16.5432,18.8106,0.094794985423793,592.21,89.32,596.1466666666665,1134.7333333333331,False,False,False,True,False,False,False,False,False,False,569.75445,114.15554999999995,65.2194,-3.139399999999995,25.20415,-25.37415,569.75445,0.0,Severe,Zone_004
2026-02-27 17:00:00,11.71,65.9,16.9,88.1,389.47,841.89,-6,0,3.47,518.13,19.28,62.23,17,27,2,4,0,-0.9659258262890684,-0.2588190451025206,0.9128341772330428,0.4083304603813847,1231.36,100.84848484848486,40.633700000000005,14.8889,0.3162925545738045,683.91,62.08,644.7033333333333,1164.6766666666665,False,False,False,True,False,False,False,False,False,False,569.75445,-51.624450000000024,65.2194,-45.93939999999999,25.20415,37.02585,569.75445,0.0,Moderate,Zone_004
2026-02-27 18:00:00,11.72,131.4,19.8,90.9,174.23,544.11,-12,1,4.16,561.01,32.35,40.31,18,27,2,4,0,-1.0,-1.8369701987210294e-16,0.7501110696304594,-0.661311865323652,718.34,58.783960720130935,48.7552,17.9982,0.2425453128045215,518.13,19.28,598.0833333333334,1271.8266666666666,False,False,False,True,False,False,False,False,False,False,569.75445,-8.744450000000029,65.2194,-32.86939999999999,25.20415,15.105850000000004,569.75445,0.0,Moderate,Zone_004
2026-02-27 20:00:00,9.95,224.3,17.2,71.3,89.17,299.17,-29,0,4.46,626.09,46.23,-27.6,20,27,2,4,0,-0.8660254037844386,0.5000000000000001,-0.698415285431006,-0.7156927337037358,388.34,37.161722488038286,44.377,12.2636,0.2296183756502034,561.01,32.35,587.6833333333333,1019.2233333333332,False,False,False,True,False,False,False,False,False,False,569.75445,56.33555000000001,65.2194,-18.989399999999996,25.20415,-52.80415,569.75445,0.0,High,Zone_004
2026-02-28 17:00:00,11.68,45.8,32.7,85.1,182.44,216.94,-9,0,0.78,476.72,88.17,47.06,17,28,2,5,1,-0.9659258262890684,-0.2588190451025206,0.7169106076504828,0.6971651028545646,399.38,32.78981937602627,9.1104,27.8277,0.4568080524813461,626.09,46.23,568.41,779.3466666666667,False,False,False,True,False,False,False,False,False,False,569.75445,-93.03444999999999,65.2194,22.95060000000001,25.20415,21.855850000000004,569.75445,0.0,Moderate,Zone_004
2026-03-01 08:00:00,5.66,317.3,26.0,50.8,65.03,1166.49,-3,0,4.26,587.8,14.75,-33.56,8,1,3,6,1,0.8660254037844387,-0.4999999999999998,-0.6781596698680706,0.7349145951499598,1231.52,199.9220779220779,24.1116,13.208,0.0528046641548655,476.72,88.17,554.6066666666667,502.0199999999998,False,False,False,True,False,False,False,False,False,False,569.75445,18.045549999999935,65.2194,-50.46939999999999,25.20415,-58.76415,569.75445,0.0,High,Zone_004
2026-03-03 05:00:00,4.55,320.5,24.6,33.5,128.75,485.71,20,0,0.97,429.66,85.26,56.88,5,3,3,1,0,0.9659258262890684,0.2588190451025207,-0.636078220277764,0.77162458338772,614.46,121.67524752475248,4.4135,8.241,0.2095335741952283,587.8,14.75,563.5366666666666,673.0799999999998,False,False,False,True,False,False,False,False,False,False,569.75445,-140.09445,65.2194,20.040600000000012,25.20415,31.675850000000004,569.75445,0.0,Low,Zone_004
2026-03-03 18:00:00,8.59,309.5,27.7,57.2,308.42,535.24,-6,0,3.13,411.21,24.89,9.11,18,3,3,1,0,-1.0,-1.8369701987210294e-16,-0.7716245833877202,0.6360782202777636,843.6600000000001,92.81188118811882,26.8867,15.8444,0.3655738093544792,429.66,85.26,498.06,748.453333333333,False,False,False,True,False,False,False,False,False,False,569.75445,-158.54445000000004,65.2194,-40.32939999999999,25.20415,-16.09415,569.75445,0.0,Low,Zone_004
2026-01-01 03:00:00,7.15,328.2,19.5,35.7,443.62,902.19,23,1,2.82,421.27,112.26,-4.0,3,1,1,3,0,0.7071067811865475,0.7071067811865476,-0.5269557954966778,0.8498926929868638,1345.81,175.92287581699344,20.163,6.961500000000001,0.3296304827575958,571.9087421383648,61.70572327044026,571.2617400419288,910.0600104821802,False,False,False,False,True,False,False,False,False,False,569.75445,-148.48445000000004,65.2194,47.04060000000001,25.20415,-29.20415,569.75445,0.0,Low,Zone_005
2026-01-01 09:00:00,8.9,213.7,14.4,30.8,449.89,1120.81,-17,1,1.72,573.15,50.08,85.18,9,1,1,3,0,0.7071067811865476,-0.7071067811865475,-0.554844427447999,-0.8319541221304827,1570.6999999999998,167.09574468085103,15.308,4.4352,0.2864264340739798,421.27,112.26,421.27,1345.81,False,False,False,False,True,False,False,False,False,False,569.75445,3.3955499999999574,65.2194,-15.139399999999995,25.20415,59.97585000000001,569.75445,0.0,High,Zone_005
2026-01-01 15:00:00,7.6,105.2,33.7,67.3,155.39,198.87,7,1,0.47,474.61,82.5,-5.67,15,1,1,3,0,-0.7071067811865471,-0.7071067811865479,0.9650164944723114,-0.2621891786408648,354.26,43.735802469135805,3.572,22.680100000000003,0.4386326426918082,573.15,50.08,497.21,1458.255,False,False,False,False,True,False,False,False,False,False,569.75445,-95.14445,65.2194,17.280600000000007,25.20415,-30.87415,569.75445,0.0,Low,Zone_005
2026-01-01 20:00:00,1.74,329.5,33.3,47.1,121.83,263.22,-30,0,2.69,473.22,23.94,13.69,20,1,1,3,0,-0.8660254037844386,0.5000000000000001,-0.5075383629607042,0.8616291604415257,385.05,171.89732142857142,4.6806,15.6843,0.3164004674717569,474.61,82.5,489.6766666666667,1090.2566666666664,False,False,False,False,True,False,False,False,False,False,569.75445,-96.53444999999999,65.2194,-41.279399999999995,25.20415,-11.514149999999999,569.75445,0.0,Low,Zone_005
2026-01-02 08:00:00,0.98,67.8,24.1,64.2,330.13,183.56,30,1,4.45,596.69,56.82,99.58,8,2,1,4,0,0.8660254037844387,-0.4999999999999998,0.9258705848099948,0.3778407868184673,513.69,347.08783783783787,4.361,15.472200000000004,0.642663863419572,473.22,23.94,506.9933333333333,770.0033333333332,False,False,False,False,True,False,False,False,False,False,569.75445,26.935550000000035,65.2194,-8.399399999999993,25.20415,74.37585,569.75445,0.0,High,Zone_005
2026-01-02 11:00:00,3.4,51.8,32.8,62.2,91.06,442.55,7,0,2.95,521.64,91.86,-18.06,11,2,1,4,0,0.258819045102521,-0.9659258262890682,0.7858568931754019,0.6184083953575542,533.61,136.82307692307694,10.03,20.4016,0.170648975843781,596.69,56.82,514.84,417.6666666666667,False,False,False,False,True,False,False,False,False,False,569.75445,-48.11445000000003,65.2194,26.640600000000006,25.20415,-43.26415,569.75445,0.0,Moderate,Zone_005
2026-01-02 21:00:00,2.68,332.5,20.6,48.5,167.79,214.26,12,1,3.2,742.27,63.74,-39.54,21,2,1,4,0,-0.7071067811865477,0.7071067811865474,-0.4617486132350336,0.8870108331782218,382.05,120.14150943396224,8.576,9.991,0.4391833529642717,521.64,91.86,530.5166666666667,477.45,False,False,False,False,True,False,False,False,False,False,569.75445,172.51554999999996,65.2194,-1.4793999999999912,25.20415,-64.74414999999999,569.75445,0.0,Severe,Zone_005
2026-01-03 23:00:00,8.07,137.8,23.8,85.6,55.29,658.68,-10,0,4.96,708.19,40.99,25.5,23,3,1,5,1,-0.2588190451025215,0.965925826289068,0.6717205893229902,-0.74080459628675,713.9699999999999,83.31038506417735,40.0272,20.3728,0.0774402285810328,742.27,63.74,620.1999999999999,476.45,False,False,False,False,True,False,False,False,False,False,569.75445,138.43555000000003,65.2194,-24.22939999999999,25.20415,0.2958500000000015,569.75445,0.0,Severe,Zone_005
2026-01-04 01:00:00,5.7,154.9,11.1,51.3,275.63,1023.03,-21,0,3.49,533.12,109.32,-8.28,1,4,1,6,1,0.2588190451025207,0.9659258262890684,0.4241994227453901,-0.9055687990111396,1298.66,209.46129032258065,19.893,5.694299999999999,0.2122418492908074,708.19,40.99,657.3666666666667,543.2099999999999,False,False,False,False,True,False,False,False,False,False,569.75445,-36.634450000000015,65.2194,44.1006,25.20415,-33.48415,569.75445,0.0,Moderate,Zone_005
2026-01-04 20:00:00,5.12,225.6,17.5,93.3,330.68,240.16,3,1,1.01,412.32,109.56,-20.76,20,4,1,6,1,-0.8660254037844386,0.5000000000000001,-0.7144726796328031,-0.6996633405133657,570.84,101.5729537366548,5.1712,16.3275,0.5792866652652232,533.12,109.32,661.1933333333333,798.2266666666666,False,False,False,False,True,False,False,False,False,False,569.75445,-157.43445000000003,65.2194,44.34060000000001,25.20415,-45.964150000000004,569.75445,0.0,Low,Zone_005
2026-01-05 09:00:00,9.73,76.1,31.1,73.4,114.66,805.73,5,1,2.22,687.93,75.29,-39.49,9,5,1,0,0,0.7071067811865476,-0.7071067811865475,0.9707164815781908,0.2402280424772638,920.39,89.96969696969697,21.600600000000004,22.8274,0.1245776247025717,412.32,109.56,551.21,861.1566666666666,False,False,False,False,True,False,False,False,False,False,569.75445,118.17554999999993,65.2194,10.070600000000013,25.20415,-64.69415000000001,569.75445,0.0,Severe,Zone_005
2026-01-05 16:00:00,2.15,48.9,14.0,38.9,443.35,347.54,-12,0,1.26,553.05,82.19,-7.11,16,5,1,0,0,-0.8660254037844384,-0.5000000000000004,0.7535633923016378,0.6573752457940958,790.8900000000001,298.4490566037736,2.709,5.446000000000001,0.5605710022885609,687.93,75.29,544.4566666666666,929.9633333333333,False,False,False,False,True,False,False,False,False,False,569.75445,-16.704450000000065,65.2194,16.970600000000005,25.20415,-32.31415,569.75445,0.0,Moderate,Zone_005
2026-01-05 19:00:00,7.35,58.9,26.0,61.0,430.53,534.58,-14,1,3.17,616.69,80.57,68.99,19,5,1,0,0,-0.9659258262890684,0.2588190451025203,0.8562670846003282,0.5165333288666419,965.11,122.943949044586,23.2995,15.86,0.4460942276009988,553.05,82.19,551.1,760.7066666666666,False,False,False,False,True,False,False,False,False,False,569.75445,46.935550000000035,65.2194,15.3506,25.20415,43.785849999999996,569.75445,0.0,High,Zone_005
2026-01-06 07:00:00,11.32,355.0,23.2,56.1,176.57,1134.95,-4,0,2.13,680.42,45.77,-43.65,7,6,1,1,0,0.9659258262890684,-0.2588190451025206,-0.0871557427476583,0.9961946980917455,1311.52,110.95769881556684,24.1116,13.0152,0.1346300475783823,616.69,80.57,619.2233333333332,892.13,False,False,False,False,True,False,False,False,False,False,569.75445,110.66554999999994,65.2194,-19.44939999999999,25.20415,-68.85415,569.75445,0.0,Severe,Zone_005
2026-01-06 17:00:00,11.26,160.5,23.3,94.5,163.96,822.39,7,1,2.68,615.31,64.8,51.74,17,6,1,1,0,-0.9659258262890684,-0.2588190451025206,0.3338068592337712,-0.9426414910921784,986.35,83.87329931972789,30.1768,22.0185,0.1662290262077356,680.42,45.77,616.7199999999999,1022.5066666666668,False,False,False,False,True,False,False,False,False,False,569.75445,45.555549999999926,65.2194,-0.419399999999996,25.20415,26.535850000000003,569.75445,0.0,High,Zone_005
2026-01-07 11:00:00,2.99,226.8,23.3,33.2,436.47,289.92,26,0,2.45,748.0,63.28,-29.99,11,7,1,2,0,0.258819045102521,-0.9659258262890682,-0.7289686274214116,-0.6845471059286886,726.3900000000001,208.13467048710604,7.325500000000001,7.735600000000001,0.6008755627142444,615.31,64.8,637.4733333333334,1087.66,False,False,False,False,True,False,False,False,False,False,569.75445,178.24554999999998,65.2194,-1.939399999999992,25.20415,-55.19414999999999,569.75445,0.0,Severe,Zone_005
2026-01-08 04:00:00,3.04,51.8,34.6,43.9,403.78,685.17,1,1,4.5,690.51,66.28,81.62,4,8,1,3,0,0.8660254037844386,0.5000000000000001,0.7858568931754019,0.6184083953575542,1088.9499999999998,307.6129943502824,13.68,15.1894,0.3707975572799486,748.0,63.28,681.2433333333333,1008.0866666666668,False,False,False,False,True,False,False,False,False,False,569.75445,120.75554999999997,65.2194,1.060600000000008,25.20415,56.415850000000006,569.75445,0.0,Severe,Zone_005
2026-01-08 13:00:00,8.17,159.4,19.3,75.2,221.11,243.21,19,0,1.36,412.7,99.67,83.93,13,8,1,3,0,-0.2588190451025208,-0.9659258262890684,0.3518416484047018,-0.9360595357389732,464.3200000000001,53.55478662053057,11.1112,14.513600000000002,0.4762017574086836,690.51,66.28,684.6066666666666,933.8966666666666,False,False,False,False,True,False,False,False,False,False,569.75445,-157.05445000000003,65.2194,34.45060000000001,25.20415,58.72585000000001,569.75445,0.0,Low,Zone_005
2026-01-08 18:00:00,2.83,75.9,26.9,89.6,214.26,1185.61,7,1,1.0,650.2,29.48,79.33,18,8,1,3,0,-1.0,-1.8369701987210294e-16,0.9698720152847468,0.2436150117860223,1399.87,420.38138138138135,2.83,24.1024,0.1530570695850329,412.7,99.67,617.0699999999999,759.8866666666668,False,False,False,False,True,False,False,False,False,False,569.75445,80.44555000000003,65.2194,-35.73939999999999,25.20415,54.12585,569.75445,0.0,High,Zone_005
2026-01-09 04:00:00,1.21,73.5,20.8,68.0,404.86,639.67,14,1,2.24,619.55,13.26,9.06,4,9,1,4,0,0.8660254037844386,0.5000000000000001,0.958819734868193,0.2840153447039227,1044.53,610.8362573099415,2.7104000000000004,14.144,0.3876001646673623,650.2,29.48,584.47,984.38,False,False,False,False,True,False,False,False,False,False,569.75445,49.795549999999935,65.2194,-51.959399999999995,25.20415,-16.144149999999996,569.75445,0.0,High,Zone_005
2026-01-10 18:00:00,4.36,102.7,12.1,58.8,238.22,369.15,16,0,0.36,457.01,84.65,29.52,18,10,1,5,1,-1.0,-1.8369701987210294e-16,0.9755345439458566,-0.2198462043528374,607.37,124.97325102880656,1.5696,7.114799999999999,0.3922156181569718,619.55,13.26,560.8166666666667,969.5733333333334,False,False,False,False,True,False,False,False,False,False,569.75445,-112.74445000000003,65.2194,19.430600000000013,25.20415,4.315850000000001,569.75445,0.0,Low,Zone_005
2026-01-10 19:00:00,2.54,210.9,27.9,67.1,301.69,1026.47,23,1,4.69,591.55,103.75,85.19,19,10,1,5,1,-0.9659258262890684,0.2588190451025203,-0.5135412520581701,-0.8580649057236445,1328.16,436.89473684210526,11.9126,18.7209,0.227148837489459,457.01,84.65,575.5866666666667,1017.2566666666668,False,False,False,False,True,False,False,False,False,False,569.75445,21.795549999999935,65.2194,38.53060000000001,25.20415,59.98585,569.75445,0.0,High,Zone_005
2026-01-12 05:00:00,9.75,221.9,25.1,66.7,456.31,863.79,30,0,0.19,441.33,17.55,81.78,5,12,1,0,0,0.9659258262890684,0.2588190451025207,-0.6678325554710467,-0.744311546231154,1320.1,128.79024390243902,1.8525,16.7417,0.3456632073327778,591.55,103.75,556.0366666666666,993.3533333333334,False,False,False,False,True,False,False,False,False,False,569.75445,-128.42445000000004,65.2194,-47.669399999999996,25.20415,56.57585,569.75445,0.0,Low,Zone_005
2026-01-12 23:00:00,11.9,72.3,11.0,68.8,433.86,452.84,9,0,0.77,656.46,104.32,44.84,23,12,1,0,0,-0.2588190451025215,0.965925826289068,0.9526614812535862,0.3040330609254904,886.7,71.50806451612904,9.163,7.568,0.4892973948347806,441.33,17.55,496.63,1085.21,False,False,False,False,True,False,False,False,False,False,569.75445,86.70555000000002,65.2194,39.1006,25.20415,19.635850000000005,569.75445,0.0,Severe,Zone_005
2026-01-13 02:00:00,8.2,104.1,20.0,57.9,371.26,273.95,-30,0,2.27,621.05,23.94,26.56,2,13,1,1,0,0.4999999999999999,0.8660254037844387,0.9698720152847468,-0.2436150117860224,645.21,74.16206896551725,18.614,11.58,0.5754095565784783,656.46,104.32,563.1133333333333,1178.32,False,False,False,False,True,False,False,False,False,False,569.75445,51.295549999999935,65.2194,-41.279399999999995,25.20415,1.3558500000000002,569.75445,0.0,High,Zone_005
2026-01-13 08:00:00,2.36,232.3,18.6,79.1,163.18,256.01,17,1,3.49,629.87,39.42,44.2,8,13,1,1,0,0.8660254037844387,-0.4999999999999998,-0.79122353296749,-0.6115270401858313,419.19,146.56993006993008,8.2364,14.7126,0.3892745533051838,621.05,23.94,572.9466666666666,950.67,False,False,False,False,True,False,False,False,False,False,569.75445,60.115549999999985,65.2194,-25.79939999999999,25.20415,18.995850000000004,569.75445,0.0,High,Zone_005
2026-01-13 12:00:00,2.92,51.5,20.1,30.7,72.25,530.9,-25,0,3.72,519.76,14.7,29.84,12,13,1,1,0,1.2246467991473532e-16,-1.0,0.7826081568524139,0.6225146366376195,603.15,176.359649122807,10.8624,6.1707,0.1197877808173754,629.87,39.42,635.7933333333334,650.3666666666667,False,False,False,False,True,False,False,False,False,False,569.75445,-49.99445000000003,65.2194,-50.51939999999999,25.20415,4.635850000000001,569.75445,0.0,Moderate,Zone_005
2026-01-13 15:00:00,4.58,335.6,34.0,91.3,471.7,292.75,-20,0,3.86,605.36,97.4,64.93,15,13,1,1,0,-0.7071067811865471,-0.7071067811865479,-0.4131044298245413,0.9106836608061774,764.45,150.48228346456693,17.6788,31.042,0.617044934266466,519.76,14.7,590.2266666666666,555.8499999999999,False,False,False,False,True,False,False,False,False,False,569.75445,35.605549999999994,65.2194,32.18060000000001,25.20415,39.72585000000001,569.75445,0.0,High,Zone_005
2026-01-13 19:00:00,8.49,195.1,19.9,43.2,54.05,271.15,10,1,1.73,428.08,18.97,-28.7,19,13,1,1,0,-0.9659258262890684,0.2588190451025203,-0.2605045086426482,-0.9654726308792252,325.2,36.17352614015573,14.6877,8.5968,0.1662054120541205,605.36,97.4,584.9966666666667,595.5966666666666,False,False,False,False,True,False,False,False,False,False,569.75445,-141.67445000000004,65.2194,-46.249399999999994,25.20415,-53.90415,569.75445,0.0,Low,Zone_005
2026-01-16 04:00:00,8.19,293.3,30.7,92.0,183.43,989.31,-29,1,2.49,521.95,87.87,60.11,4,16,1,4,0,0.8660254037844386,0.5000000000000001,-0.9184463813430872,0.3955455025629651,1172.74,134.95281933256618,20.3931,28.244,0.1564114808056346,428.08,18.97,517.7333333333332,564.2666666666665,False,False,False,False,True,False,False,False,False,False,569.75445,-47.804449999999974,65.2194,22.65060000000001,25.20415,34.90585,569.75445,0.0,Moderate,Zone_005
2026-01-16 07:00:00,0.73,342.1,20.2,65.6,230.85,462.8,18,1,4.46,492.42,83.6,-49.73,7,16,1,4,0,0.9659258262890684,-0.2588190451025206,-0.3073566177998065,0.9515944038794384,693.65,563.9430894308942,3.2558,13.2512,0.3328047286095293,521.95,87.87,518.4633333333334,754.13,False,False,False,False,True,False,False,False,False,False,569.75445,-77.33445,65.2194,18.3806,25.20415,-74.93414999999999,569.75445,0.0,Moderate,Zone_005
2026-01-16 08:00:00,2.27,192.8,26.5,32.7,309.07,815.4,-23,1,3.16,662.26,38.45,1.08,8,16,1,4,0,0.8660254037844387,-0.4999999999999998,-0.2215484976194675,-0.9751493543055632,1124.47,405.9458483754513,7.1732000000000005,8.665500000000002,0.2748583777246169,492.42,83.6,480.81666666666666,730.5299999999999,False,False,False,False,True,False,False,False,False,False,569.75445,92.50554999999997,65.2194,-26.76939999999999,25.20415,-24.12415,569.75445,0.0,Severe,Zone_005
2026-01-17 02:00:00,6.25,341.7,19.2,87.6,333.5,610.16,13,0,2.0,561.36,75.53,-15.07,2,17,1,5,1,0.4999999999999999,0.8660254037844387,-0.3139924559674049,0.949425477641904,943.66,139.8014814814815,12.5,16.8192,0.3534111862323295,662.26,38.45,558.8766666666667,996.9533333333331,False,False,False,False,True,False,False,False,False,False,569.75445,-8.394450000000006,65.2194,10.310600000000008,25.20415,-40.27415,569.75445,0.0,Moderate,Zone_005
2026-01-17 04:00:00,3.25,60.8,13.7,57.5,183.56,264.01,28,0,0.58,708.52,13.67,81.13,4,17,1,5,1,0.8660254037844386,0.5000000000000001,0.8729220772698096,0.4878596591387327,447.57,119.352,1.885,7.8775,0.4101257903791586,561.36,75.53,572.0133333333333,920.5933333333332,False,False,False,False,True,False,False,False,False,False,569.75445,138.76554999999996,65.2194,-51.54939999999999,25.20415,55.92585,569.75445,0.0,Severe,Zone_005
2026-01-17 07:00:00,4.09,12.7,14.2,78.2,455.43,1062.86,29,0,1.63,650.77,114.26,10.19,7,17,1,5,1,0.9659258262890684,-0.2588190451025206,0.2198462043528375,0.9755345439458566,1518.29,330.7821350762527,6.6667,11.1044,0.2999624577649856,708.52,13.67,644.0466666666666,838.5666666666666,False,False,False,False,True,False,False,False,False,False,569.75445,81.01554999999996,65.2194,49.04060000000001,25.20415,-15.014149999999999,569.75445,0.0,High,Zone_005
2026-01-17 16:00:00,8.45,87.6,23.4,51.4,288.4,181.76,-24,1,0.22,410.55,12.57,0.01,16,17,1,5,1,-0.8660254037844384,-0.5000000000000004,0.9991228300988584,0.0418756537291997,470.16,52.531843575419,1.859,12.0276,0.6134082014633316,650.77,114.26,640.2166666666667,969.84,False,False,False,False,True,False,False,False,False,False,569.75445,-159.20445,65.2194,-52.64939999999999,25.20415,-25.194149999999997,569.75445,0.0,Low,Zone_005
2026-01-17 19:00:00,2.0,74.2,28.3,93.7,453.04,722.8,-19,1,4.37,529.06,54.3,50.97,19,17,1,5,1,-0.9659258262890684,0.2588190451025203,0.9622179935292854,0.2722802470405743,1175.84,470.336,8.74,26.5171,0.385290515716424,410.55,12.57,589.9466666666666,812.0066666666667,False,False,False,False,True,False,False,False,False,False,569.75445,-40.694450000000074,65.2194,-10.919399999999996,25.20415,25.76585,569.75445,0.0,Moderate,Zone_005
2026-01-18 01:00:00,4.09,202.9,32.4,75.6,164.31,1033.98,-14,1,3.41,441.23,77.23,52.57,1,18,1,6,1,0.2588190451025207,0.9659258262890684,-0.3891239501402061,-0.9211854055657211,1198.29,261.06535947712416,13.9469,24.494399999999995,0.1371203965651052,529.06,54.3,530.1266666666667,1054.763333333333,False,False,False,False,True,False,False,False,False,False,569.75445,-128.52445,65.2194,12.01060000000001,25.20415,27.365850000000002,569.75445,0.0,Low,Zone_005
2026-01-18 04:00:00,9.07,18.8,15.2,48.8,296.48,294.93,8,0,4.43,449.12,34.23,-10.05,4,18,1,6,1,0.8660254037844386,0.5000000000000001,0.3222656952305111,0.9466492601156964,591.4100000000001,61.79832810867294,40.1801,7.417599999999998,0.5013104276221234,441.23,77.23,460.28,948.0966666666668,False,False,False,False,True,False,False,False,False,False,569.75445,-120.63445000000002,65.2194,-30.989399999999996,25.20415,-35.254149999999996,569.75445,0.0,Low,Zone_005
2026-01-18 07:00:00,3.6,314.8,17.0,54.6,263.26,825.34,-19,0,1.44,608.25,48.85,-34.98,7,18,1,6,1,0.9659258262890684,-0.2588190451025206,-0.7095707365365209,0.7046342099635947,1088.6,265.5121951219512,5.184,9.282,0.241833547675914,449.12,34.23,473.1366666666667,988.5133333333332,False,False,False,False,True,False,False,False,False,False,569.75445,38.49554999999998,65.2194,-16.36939999999999,25.20415,-60.184149999999995,569.75445,0.0,High,Zone_005
2026-01-18 10:00:00,10.96,114.9,24.5,51.1,347.59,1177.4,-16,1,2.47,476.36,29.46,-23.17,10,18,1,6,1,0.4999999999999999,-0.8660254037844387,0.907044014291465,-0.421035813367491,1524.99,133.07068062827224,27.071200000000005,12.5195,0.2279293634712358,608.25,48.85,499.53333333333336,959.4333333333334,False,False,False,False,True,False,False,False,False,False,569.75445,-93.39445,65.2194,-35.75939999999999,25.20415,-48.37415,569.75445,0.0,Low,Zone_005
2026-01-18 14:00:00,10.23,177.5,14.7,39.4,341.94,934.83,24,1,1.71,516.58,55.14,36.67,14,18,1,6,1,-0.4999999999999997,-0.8660254037844388,0.043619387365336,-0.9990482215818578,1276.77,118.99068033550792,17.4933,5.791799999999999,0.2678164430555229,476.36,29.46,511.2433333333333,1068.3333333333333,False,False,False,False,True,False,False,False,False,False,569.75445,-53.17444999999998,65.2194,-10.079399999999993,25.20415,11.465850000000003,569.75445,0.0,Moderate,Zone_005
2026-01-18 19:00:00,1.22,135.5,14.5,64.3,388.34,895.04,3,0,3.69,570.21,50.84,82.46,19,18,1,6,1,-0.9659258262890684,0.2588190451025203,0.700909264299851,-0.7132504491541815,1283.38,746.1511627906976,4.5018,9.3235,0.3025915940719039,516.58,55.14,533.7300000000001,1296.7866666666666,False,False,False,False,True,False,False,False,False,False,569.75445,0.45555000000001655,65.2194,-14.37939999999999,25.20415,57.255849999999995,569.75445,0.0,High,Zone_005
2026-01-19 05:00:00,9.29,40.9,24.1,60.4,180.83,599.24,-5,0,0.71,574.43,22.8,-20.38,5,19,1,0,0,0.9659258262890684,0.2588190451025207,0.6547408137173397,0.7558534691676395,780.07,79.68028600612871,6.595899999999999,14.556400000000002,0.2318125296447754,570.21,50.84,521.0500000000001,1361.7133333333334,False,False,False,False,True,False,False,False,False,False,569.75445,4.67554999999993,65.2194,-42.419399999999996,25.20415,-45.584149999999994,569.75445,0.0,High,Zone_005
2026-01-19 18:00:00,2.08,6.5,26.7,80.5,213.81,225.46,28,1,0.53,744.79,57.95,19.59,18,19,1,0,0,-1.0,-1.8369701987210294e-16,0.1132032137679067,0.9935718556765876,439.27,170.25968992248062,1.1024,21.4935,0.4867393630341248,574.43,22.8,553.74,1113.4066666666663,False,False,False,False,True,False,False,False,False,False,569.75445,175.03554999999994,65.2194,-7.26939999999999,25.20415,-5.614149999999999,569.75445,0.0,Severe,Zone_005
2026-01-20 17:00:00,6.81,260.4,26.7,69.3,292.47,185.41,15,1,3.44,635.96,22.61,-1.5,17,20,1,1,0,-0.9659258262890684,-0.2588190451025206,-0.9859960370705048,-0.1667687467161026,477.88,65.3734610123119,23.4264,18.5031,0.6120155687620323,744.79,57.95,629.8100000000001,834.2399999999999,False,False,False,False,True,False,False,False,False,False,569.75445,66.20555000000002,65.2194,-42.609399999999994,25.20415,-26.70415,569.75445,0.0,High,Zone_005
2026-01-20 22:00:00,5.8,89.6,29.4,80.0,446.92,701.96,-6,1,0.68,673.29,31.9,-10.75,22,20,1,1,0,-0.5000000000000004,0.8660254037844384,0.9999756307053947,0.0069812602979616,1148.88,182.3619047619048,3.944,23.52,0.3890049439454077,635.96,22.61,651.7266666666667,565.74,False,False,False,False,True,False,False,False,False,False,569.75445,103.53554999999994,65.2194,-33.319399999999995,25.20415,-35.95415,569.75445,0.0,Severe,Zone_005
2026-01-21 02:00:00,1.71,146.7,26.1,85.5,51.52,1046.94,-10,0,0.25,425.41,36.24,-38.81,2,21,1,2,0,0.4999999999999999,0.8660254037844387,0.549022817998132,-0.83580736136827,1098.46,497.0407239819005,0.4275,22.3155,0.0469020264734264,673.29,31.9,684.68,688.6766666666667,False,False,False,False,True,False,False,False,False,False,569.75445,-144.34445,65.2194,-28.97939999999999,25.20415,-64.01415,569.75445,0.0,Low,Zone_005
2026-01-21 14:00:00,8.31,71.2,11.8,66.6,134.69,633.26,14,0,2.13,525.85,87.18,19.48,14,21,1,2,0,-0.4999999999999997,-0.8660254037844388,0.9466492601156964,0.3222656952305111,767.95,87.16799091940976,17.7003,7.8588,0.1753890227228335,425.41,36.24,578.22,908.4066666666668,False,False,False,False,True,False,False,False,False,False,569.75445,-43.90445,65.2194,21.960600000000014,25.20415,-5.724149999999998,569.75445,0.0,Moderate,Zone_005
2026-01-22 12:00:00,3.37,253.2,34.9,91.5,132.97,447.04,-3,1,3.73,515.91,37.17,7.23,12,22,1,3,0,1.2246467991473532e-16,-1.0,-0.9573194975320672,-0.2890317969444722,580.01,149.8733850129199,12.5701,31.9335,0.2292546680229651,525.85,87.18,541.5166666666668,1005.0966666666668,False,False,False,False,True,False,False,False,False,False,569.75445,-53.84445000000005,65.2194,-28.04939999999999,25.20415,-17.974149999999998,569.75445,0.0,Moderate,Zone_005
2026-01-22 13:00:00,1.34,144.9,28.8,58.8,249.38,971.75,29,1,2.84,748.7,54.99,-14.98,13,22,1,3,0,-0.2588190451025208,-0.9659258262890684,0.5750052520432783,-0.8181497174250236,1221.13,663.6576086956522,3.8056,16.9344,0.2042206808447912,515.91,37.17,489.0566666666667,815.4733333333334,False,False,False,False,True,False,False,False,False,False,569.75445,178.94555000000003,65.2194,-10.229399999999991,25.20415,-40.18415,569.75445,0.0,Severe,Zone_005
2026-01-22 17:00:00,5.36,341.2,10.8,34.9,315.15,113.85,-18,0,2.61,431.02,23.71,82.21,17,22,1,3,0,-0.9659258262890684,-0.2588190451025206,-0.3222656952305113,0.9466492601156964,429.0,73.20819112627986,13.9896,3.7692,0.7346153846153846,748.7,54.99,596.82,856.3633333333333,False,False,False,False,True,False,False,False,False,False,569.75445,-138.73445000000004,65.2194,-41.50939999999999,25.20415,57.005849999999995,569.75445,0.0,Low,Zone_005
2026-01-22 19:00:00,2.75,121.4,29.1,74.7,292.14,739.47,-13,0,0.37,430.0,19.35,78.09,19,22,1,3,0,-0.9659258262890684,0.2588190451025203,0.8535507972753275,-0.5210096318405764,1031.61,317.4184615384616,1.0175,21.7377,0.2831884142263064,431.02,23.71,565.21,743.3800000000001,False,False,False,False,True,False,False,False,False,False,569.75445,-139.75445000000002,65.2194,-45.86939999999999,25.20415,52.885850000000005,569.75445,0.0,Low,Zone_005
2026-01-22 23:00:00,5.77,44.4,19.2,91.2,179.25,659.9,-20,0,0.53,533.1,86.36,67.49,23,22,1,3,0,-0.2588190451025215,0.965925826289068,0.6996633405133654,0.7144726796328034,839.15,133.83572567783094,3.0581,17.5104,0.2136090091163677,430.0,19.35,536.5733333333334,893.9133333333334,False,False,False,False,True,False,False,False,False,False,569.75445,-36.65445,65.2194,21.140600000000006,25.20415,42.285849999999996,569.75445,0.0,Moderate,Zone_005
2026-01-23 04:00:00,7.35,55.2,15.6,64.9,178.31,640.26,9,1,4.83,686.93,52.99,54.31,4,23,1,4,0,0.8660254037844386,0.5000000000000001,0.821149209133704,0.5707135676844317,818.5699999999999,104.27643312101912,35.500499999999995,10.1244,0.2178310956912665,533.1,86.36,464.7066666666667,766.5866666666667,False,False,False,False,True,False,False,False,False,False,569.75445,117.17554999999993,65.2194,-12.229399999999991,25.20415,29.105850000000004,569.75445,0.0,Severe,Zone_005
2026-01-23 20:00:00,8.83,199.5,10.0,90.3,390.45,222.45,-27,0,1.18,542.43,17.06,78.72,20,23,1,4,0,-0.8660254037844386,0.5000000000000001,-0.3338068592337709,-0.9426414910921784,612.9,65.69131832797427,10.4194,9.03,0.6370533529123837,686.93,52.99,550.0100000000001,896.4433333333333,False,False,False,False,True,False,False,False,False,False,569.75445,-27.32445000000007,65.2194,-48.15939999999999,25.20415,53.51585,569.75445,0.0,Moderate,Zone_005
2026-01-23 21:00:00,11.18,62.8,30.3,59.5,324.73,333.34,-6,0,4.16,554.46,76.87,-25.73,21,23,1,4,0,-0.7071067811865477,0.7071067811865474,0.8894163732912975,0.4570979270586942,658.0699999999999,56.34160958904109,46.5088,18.0285,0.4934581427507712,542.43,17.06,587.4866666666667,756.8733333333333,False,False,False,False,True,False,False,False,False,False,569.75445,-15.294449999999983,65.2194,11.650600000000011,25.20415,-50.93415,569.75445,0.0,Moderate,Zone_005
2026-01-25 08:00:00,8.62,109.1,12.6,39.5,267.1,771.71,15,1,1.71,585.16,39.91,49.24,8,25,1,6,1,0.8660254037844387,-0.4999999999999998,0.9449489121575309,-0.3272178989791037,1038.81,113.9046052631579,14.740199999999998,4.977,0.2571211289841261,554.46,76.87,594.6066666666667,696.5133333333333,False,False,False,False,True,False,False,False,False,False,569.75445,15.405549999999948,65.2194,-25.309399999999997,25.20415,24.035850000000003,569.75445,0.0,High,Zone_005
2026-01-25 11:00:00,5.14,334.2,27.7,63.9,364.24,185.44,-12,0,3.63,404.54,14.33,-13.11,11,25,1,6,1,0.258819045102521,-0.9659258262890682,-0.435231099372328,0.9003187714021932,549.6800000000001,97.46099290780144,18.6582,17.7003,0.6626400815019647,585.16,39.91,560.6833333333334,769.9266666666666,False,False,False,False,True,False,False,False,False,False,569.75445,-165.21445,65.2194,-50.889399999999995,25.20415,-38.31415,569.75445,0.0,Low,Zone_005
2026-01-25 13:00:00,9.92,197.8,18.1,54.8,141.02,877.85,-24,0,0.87,414.35,90.84,58.6,13,25,1,6,1,-0.2588190451025208,-0.9659258262890684,-0.3056953049631057,-0.9521293927421388,1018.87,97.78023032629558,8.6304,9.9188,0.1384082365758144,404.54,14.33,514.7200000000001,748.8533333333334,False,False,False,False,True,False,False,False,False,False,569.75445,-155.40445,65.2194,25.62060000000001,25.20415,33.39585,569.75445,0.0,Low,Zone_005
2026-01-25 14:00:00,4.38,212.7,18.4,76.8,146.27,462.68,15,0,4.94,690.26,37.87,2.98,14,25,1,6,1,-0.4999999999999997,-0.8660254037844388,-0.5402403204776549,-0.8415107819453063,608.95,124.78483606557378,21.6372,14.1312,0.2402003448558995,414.35,90.84,468.0166666666667,869.12,False,False,False,False,True,False,False,False,False,False,569.75445,120.50554999999997,65.2194,-27.349399999999996,25.20415,-22.224149999999998,569.75445,0.0,Severe,Zone_005
2026-01-26 00:00:00,5.3,74.7,33.6,85.0,375.1,421.01,-19,0,1.28,682.57,40.0,38.28,0,26,1,0,0,0.0,1.0,0.964557418457798,0.2638730499653727,796.11,137.2603448275862,6.784,28.56,0.4711660448932936,690.26,37.87,503.05,725.8333333333334,False,False,False,False,True,False,False,False,False,False,569.75445,112.81555000000003,65.2194,-25.219399999999993,25.20415,13.075850000000003,569.75445,0.0,Severe,Zone_005
2026-01-26 10:00:00,3.93,312.5,28.2,91.7,128.02,382.06,10,0,2.07,654.77,58.2,16.61,10,26,1,0,0,0.4999999999999999,-0.8660254037844387,-0.7372773368101242,0.6755902076156601,510.08,115.14221218961627,8.1351,25.8594,0.2509802383939774,682.57,40.0,595.7266666666668,807.9766666666668,False,False,False,False,True,False,False,False,False,False,569.75445,85.01554999999996,65.2194,-7.01939999999999,25.20415,-8.594149999999999,569.75445,0.0,High,Zone_005
2026-01-26 18:00:00,10.96,174.7,34.7,85.0,80.06,478.95,-29,0,0.72,703.73,68.22,-26.39,18,26,1,0,0,-1.0,-1.8369701987210294e-16,0.0923705874465617,-0.995724698184582,559.01,48.77923211169284,7.8912,29.495000000000005,0.1432174737482335,654.77,58.2,675.8666666666667,638.3800000000001,False,False,False,False,True,False,False,False,False,False,569.75445,133.97555,65.2194,3.0006000000000057,25.20415,-51.59415,569.75445,0.0,Severe,Zone_005
2026-01-27 01:00:00,10.39,291.2,10.5,52.8,318.17,891.63,7,1,2.71,574.17,32.04,-24.98,1,27,1,1,0,0.2588190451025207,0.9659258262890684,-0.9323238012155124,0.3616245700820922,1209.8,111.09274563820016,28.1569,5.544,0.2629938832864936,703.73,68.22,680.3566666666667,621.7333333333332,False,False,False,False,True,False,False,False,False,False,569.75445,4.415549999999939,65.2194,-33.179399999999994,25.20415,-50.18415,569.75445,0.0,High,Zone_005
2026-01-27 07:00:00,11.25,336.0,22.9,36.5,309.8,337.1,-11,0,2.64,684.88,46.24,-15.06,7,27,1,1,0,0.9659258262890684,-0.2588190451025206,-0.4067366430758001,0.913545457642601,646.9000000000001,55.05531914893618,29.700000000000003,8.3585,0.4788993662080692,574.17,32.04,644.2233333333334,759.6300000000001,False,False,False,False,True,False,False,False,False,False,569.75445,115.12554999999998,65.2194,-18.97939999999999,25.20415,-40.26415,569.75445,0.0,Severe,Zone_005
2026-01-27 13:00:00,3.82,183.4,19.5,87.5,74.85,1166.28,-4,0,3.32,485.79,48.25,-20.65,13,27,1,1,0,-0.2588190451025208,-0.9659258262890684,-0.0593063735759618,-0.9982398279237652,1241.13,287.2986111111111,12.6824,17.0625,0.0603079451789901,684.88,46.24,654.26,805.2366666666667,False,False,False,False,True,False,False,False,False,False,569.75445,-83.96445,65.2194,-16.969399999999993,25.20415,-45.85415,569.75445,0.0,Moderate,Zone_005
2026-01-27 21:00:00,6.29,19.0,12.4,82.6,285.92,314.09,0,1,3.28,573.21,100.9,76.37,21,27,1,1,0,-0.7071067811865477,0.7071067811865474,0.3255681544571567,0.9455185755993168,600.01,88.36671575846833,20.6312,10.2424,0.4765253912434793,485.79,48.25,581.6133333333333,1032.61,False,False,False,False,True,False,False,False,False,False,569.75445,3.4555500000000166,65.2194,35.68060000000001,25.20415,51.165850000000006,569.75445,0.0,High,Zone_005
2026-01-28 07:00:00,3.65,103.1,31.7,60.0,263.86,265.17,5,0,4.53,724.59,84.61,-19.23,7,28,1,2,0,0.9659258262890684,-0.2588190451025206,0.9739759672790516,-0.2266513074368549,529.03,127.47710843373493,16.5345,19.02,0.4987618849592651,573.21,100.9,581.2933333333334,829.3466666666667,False,False,False,False,True,False,False,False,False,False,569.75445,154.83555,65.2194,19.390600000000006,25.20415,-44.43415,569.75445,0.0,Severe,Zone_005
2026-01-28 11:00:00,1.0,296.8,21.6,79.5,181.21,828.11,-12,1,2.68,733.11,26.54,6.88,11,28,1,2,0,0.258819045102521,-0.9659258262890682,-0.8925858184521255,0.4508775406894307,1009.32,672.88,2.68,17.172,0.1795367177901953,724.59,84.61,594.5300000000001,790.0566666666667,False,False,False,False,True,False,False,False,False,False,569.75445,163.35555,65.2194,-38.679399999999994,25.20415,-18.32415,569.75445,0.0,Severe,Zone_005
2026-01-28 12:00:00,2.56,150.4,30.5,33.8,107.97,613.7,29,0,3.59,648.46,52.65,87.18,12,28,1,2,0,1.2246467991473532e-16,-1.0,0.4939418665842309,-0.869494929505219,721.6700000000001,235.83986928104576,9.1904,10.309,0.1496113181925256,733.11,26.54,676.97,712.7866666666667,False,False,False,False,True,False,False,False,False,False,569.75445,78.70555000000002,65.2194,-12.569399999999995,25.20415,61.97585000000001,569.75445,0.0,High,Zone_005
2026-01-28 15:00:00,2.12,352.8,22.4,86.2,450.09,968.94,-18,0,3.26,561.35,89.79,-34.9,15,28,1,2,0,-0.7071067811865471,-0.7071067811865479,-0.1253332335643038,0.992114701314478,1419.03,541.6145038167939,6.9112,19.3088,0.3171814549375277,648.46,52.65,702.0533333333333,753.3400000000001,False,False,False,False,True,False,False,False,False,False,569.75445,-8.404449999999997,65.2194,24.570600000000013,25.20415,-60.10415,569.75445,0.0,Moderate,Zone_005
2026-01-28 17:00:00,1.75,255.5,10.3,85.7,74.13,313.46,5,0,4.87,515.83,55.37,25.5,17,28,1,2,0,-0.9659258262890684,-0.2588190451025206,-0.9681476403781076,-0.2503800040544418,387.59,172.26222222222222,8.5225,8.8271,0.1912588044067184,561.35,89.79,647.64,1050.006666666667,False,False,False,False,True,False,False,False,False,False,569.75445,-53.92444999999998,65.2194,-9.849399999999996,25.20415,0.2958500000000015,569.75445,0.0,Moderate,Zone_005
2026-01-28 18:00:00,11.78,2.6,17.6,37.3,275.44,821.76,-6,0,2.26,578.59,113.57,63.65,18,28,1,2,0,-1.0,-1.8369701987210294e-16,0.0453629881292537,0.9989705697907147,1097.2,89.34853420195441,26.622799999999994,6.5648,0.2510390083849799,515.83,55.37,575.2133333333334,842.7633333333333,False,False,False,False,True,False,False,False,False,False,569.75445,8.835550000000012,65.2194,48.3506,25.20415,38.44585,569.75445,0.0,High,Zone_005
2026-01-28 19:00:00,4.89,186.6,27.4,52.6,218.73,1040.42,-3,0,0.56,445.57,66.84,-6.68,19,28,1,2,0,-0.9659258262890684,0.2588190451025203,-0.1149371504928664,-0.9933727656003964,1259.15,233.60853432282008,2.7384,14.4124,0.1737124250486439,578.59,113.57,551.9233333333333,967.94,False,False,False,False,True,False,False,False,False,False,569.75445,-124.18445000000003,65.2194,1.6206000000000103,25.20415,-31.884149999999998,569.75445,0.0,Low,Zone_005
2026-01-29 00:00:00,2.18,194.6,20.3,84.3,368.93,992.27,-26,1,4.82,471.78,70.86,74.64,0,29,1,3,0,0.0,1.0,-0.2520693582431136,-0.9677091704819712,1361.2,507.910447761194,10.507600000000002,17.1129,0.2710329121363503,445.57,66.84,513.33,914.6466666666668,False,False,False,False,True,False,False,False,False,False,569.75445,-97.97445000000005,65.2194,5.640600000000006,25.20415,49.43585,569.75445,0.0,Low,Zone_005
2026-01-29 20:00:00,7.41,266.9,26.3,75.2,252.38,170.32,12,0,2.77,469.73,84.21,95.84,20,29,1,3,0,-0.8660254037844386,0.5000000000000001,-0.9985366703262116,-0.0540788129847756,422.7,53.43868520859671,20.5257,19.777600000000003,0.5970664774071446,471.78,70.86,498.6466666666667,1239.1833333333334,False,False,False,False,True,False,False,False,False,False,569.75445,-100.02445,65.2194,18.9906,25.20415,70.63585,569.75445,0.0,Low,Zone_005
2026-01-30 00:00:00,2.85,216.2,11.4,30.8,218.54,444.24,-8,0,0.07,462.23,43.45,-22.28,0,30,1,4,0,0.0,1.0,-0.5906056676199251,-0.8069603121438021,662.78,197.84477611940295,0.1995,3.5112,0.3297323395395153,469.73,84.21,462.36,1014.35,False,False,False,False,True,False,False,False,False,False,569.75445,-107.52445,65.2194,-21.76939999999999,25.20415,-47.48415,569.75445,0.0,Low,Zone_005
2026-01-30 01:00:00,5.89,190.8,21.4,49.5,86.35,731.58,-30,0,4.11,701.62,24.26,29.27,1,30,1,4,0,0.2588190451025207,0.9659258262890684,-0.1873813145857247,-0.9822872507286886,817.9300000000001,128.00156494522693,24.2079,10.593,0.1055713814140574,462.23,43.45,467.91333333333336,815.5600000000001,False,False,False,False,True,False,False,False,False,False,569.75445,131.86554999999998,65.2194,-40.95939999999999,25.20415,4.065850000000001,569.75445,0.0,Severe,Zone_005
2026-01-30 22:00:00,1.92,73.3,16.7,66.4,405.44,552.35,-3,0,1.34,732.54,90.81,37.31,22,30,1,4,0,-0.5000000000000004,0.8660254037844384,0.9578224948453148,0.2873605198497121,957.79,395.7809917355372,2.5728,11.0888,0.4233078232180332,701.62,24.26,544.5266666666668,634.4700000000001,False,False,False,False,True,False,False,False,False,False,569.75445,162.78554999999994,65.2194,25.59060000000001,25.20415,12.105850000000004,569.75445,0.0,Severe,Zone_005
2026-01-31 07:00:00,6.87,126.8,20.3,73.6,343.09,1068.12,22,1,4.5,598.74,72.03,84.93,7,31,1,5,1,0.9659258262890684,-0.2588190451025206,0.8007313709487335,-0.5990235985155857,1411.2099999999998,191.48032564450472,30.915,14.9408,0.243117608293592,732.54,90.81,632.13,812.8333333333334,False,False,False,False,True,False,False,False,False,False,569.75445,28.98554999999999,65.2194,6.810600000000008,25.20415,59.72585000000001,569.75445,0.0,High,Zone_005
2026-01-31 10:00:00,2.41,71.7,10.1,60.4,436.57,257.06,-20,0,0.74,629.29,115.44,87.98,10,31,1,5,1,0.4999999999999999,-0.8660254037844387,0.949425477641904,0.3139924559674049,693.63,238.360824742268,1.7834,6.1004,0.6293989590992316,598.74,72.03,677.6333333333333,1062.3100000000002,False,False,False,False,True,False,False,False,False,False,569.75445,59.535549999999944,65.2194,50.220600000000005,25.20415,62.775850000000005,569.75445,0.0,High,Zone_005
2026-02-01 05:00:00,5.62,185.5,18.4,48.9,398.82,718.51,-8,0,0.62,670.84,46.52,22.42,5,1,2,6,1,0.9659258262890684,0.2588190451025207,-0.0958457525202241,-0.9953961983671789,1117.33,182.57026143790847,3.4844,8.997599999999998,0.3569402056688713,629.29,115.44,653.5233333333333,1020.8766666666666,False,False,False,False,True,False,False,False,False,False,569.75445,101.08555000000001,65.2194,-18.69939999999999,25.20415,-2.784149999999997,569.75445,0.0,Severe,Zone_005
2026-02-01 06:00:00,6.12,278.9,16.6,49.3,244.89,377.31,29,1,2.52,708.23,108.72,27.3,6,1,2,6,1,1.0,6.123233995736766e-17,-0.9879598657693892,0.154710386299468,622.2,93.98791540785498,15.4224,8.1838,0.3935872709739633,670.84,46.52,632.9566666666666,1074.0566666666666,False,False,False,False,True,False,False,False,False,False,569.75445,138.47555,65.2194,43.500600000000006,25.20415,2.095850000000002,569.75445,0.0,Severe,Zone_005
2026-02-01 10:00:00,9.27,45.4,19.0,30.1,61.61,299.65,9,0,2.87,677.48,50.08,-6.2,10,1,2,6,1,0.4999999999999999,-0.8660254037844387,0.7120260459909965,0.7021530529951624,361.26,36.97645854657114,26.6049,5.718999999999999,0.1705419919171787,708.23,108.72,669.4533333333334,811.0533333333333,False,False,False,False,True,False,False,False,False,False,569.75445,107.72555,65.2194,-15.139399999999995,25.20415,-31.404149999999998,569.75445,0.0,Severe,Zone_005
2026-02-01 13:00:00,5.49,7.6,26.0,36.8,347.75,775.85,29,0,1.71,519.1,34.3,40.65,13,1,2,6,1,-0.2588190451025208,-0.9659258262890684,0.1322563902571224,0.9912155402515416,1123.6,187.5792988313856,9.3879,9.568,0.3094962620149519,677.48,50.08,685.5166666666668,700.2633333333333,False,False,False,False,True,False,False,False,False,False,569.75445,-50.65445,65.2194,-30.919399999999996,25.20415,15.44585,569.75445,0.0,Moderate,Zone_005
2026-02-03 04:00:00,11.74,213.3,15.0,37.3,361.68,1013.15,28,0,3.02,598.24,86.19,7.11,4,3,2,1,0,0.8660254037844386,0.5000000000000001,-0.5490228179981318,-0.8358073613682702,1374.83,112.32271241830064,35.4548,5.595,0.2630725253304045,519.1,34.3,634.9366666666666,702.3533333333334,False,False,False,False,True,False,False,False,False,False,569.75445,28.48554999999999,65.2194,20.970600000000005,25.20415,-18.09415,569.75445,0.0,High,Zone_005
2026-02-04 06:00:00,9.43,277.7,28.9,35.8,338.67,831.95,28,0,0.68,570.59,35.84,85.42,6,4,2,2,0,1.0,6.123233995736766e-17,-0.9909831997148364,0.1339861854182915,1170.62,117.8872104733132,6.4124,10.3462,0.2893082298269293,598.24,86.19,598.2733333333333,953.23,False,False,False,False,True,False,False,False,False,False,569.75445,0.835550000000012,65.2194,-29.37939999999999,25.20415,60.21585,569.75445,0.0,High,Zone_005
2026-02-04 13:00:00,7.81,287.7,15.5,75.4,164.15,667.97,2,1,1.27,605.1,79.77,-33.51,13,4,2,2,0,-0.2588190451025208,-0.9659258262890684,-0.9526614812535862,0.3040330609254904,832.12,100.13477737665464,9.9187,11.687,0.1972672210738836,570.59,35.84,562.6433333333334,1223.0166666666669,False,False,False,False,True,False,False,False,False,False,569.75445,35.34555,65.2194,14.550600000000003,25.20415,-58.71415,569.75445,0.0,High,Zone_005
2026-02-04 16:00:00,0.98,304.3,21.8,60.5,351.69,614.89,18,0,1.57,593.56,86.24,31.9,16,4,2,2,0,-0.8660254037844384,-0.5000000000000004,-0.826098294495764,0.5635260489375713,966.58,653.0945945945946,1.5386,13.189,0.3638498624014567,605.1,79.77,591.3100000000001,1125.8566666666666,False,False,False,False,True,False,False,False,False,False,569.75445,23.805549999999926,65.2194,21.0206,25.20415,6.69585,569.75445,0.0,High,Zone_005
2026-02-04 18:00:00,6.94,353.1,21.4,64.4,229.05,567.84,29,1,1.94,620.9,55.55,-29.77,18,4,2,2,0,-1.0,-1.8369701987210294e-16,-0.1201368388346469,0.9927573419294456,796.8900000000001,107.10887096774196,13.4636,13.7816,0.2874298836727779,593.56,86.24,589.75,989.7733333333334,False,False,False,False,True,False,False,False,False,False,569.75445,51.14554999999996,65.2194,-9.669399999999996,25.20415,-54.974149999999995,569.75445,0.0,High,Zone_005
2026-02-05 06:00:00,3.98,199.7,18.8,35.1,172.81,311.08,-24,1,2.53,542.89,96.18,-6.32,6,5,2,3,0,1.0,6.123233995736766e-17,-0.3370952584230819,-0.941470544812038,483.89,108.0111607142857,10.0694,6.5988,0.3571266196862923,620.9,55.55,606.52,865.1966666666667,False,False,False,False,True,False,False,False,False,False,569.75445,-26.864450000000033,65.2194,30.960600000000014,25.20415,-31.52415,569.75445,0.0,Moderate,Zone_005
2026-02-06 00:00:00,4.35,52.0,31.8,60.6,232.85,807.22,-7,1,2.79,559.7,84.44,41.28,0,6,2,4,0,0.0,1.0,0.788010753606722,0.6156614753256583,1040.07,214.4474226804124,12.1365,19.2708,0.2238791619794821,542.89,96.18,585.7833333333333,749.12,False,False,False,False,True,False,False,False,False,False,569.75445,-10.054449999999974,65.2194,19.220600000000005,25.20415,16.075850000000003,569.75445,0.0,Moderate,Zone_005
2026-02-06 13:00:00,11.11,116.5,16.4,34.7,90.04,373.58,-16,1,4.93,402.68,54.94,85.63,13,6,2,4,0,-0.2588190451025208,-0.9659258262890684,0.894934361602025,-0.4461978131098088,463.62,39.9328165374677,54.7723,5.6908,0.1942107760666062,559.7,84.44,574.4966666666667,773.6166666666668,False,False,False,False,True,False,False,False,False,False,569.75445,-167.07445,65.2194,-10.279399999999995,25.20415,60.42585,569.75445,0.0,Low,Zone_005
2026-02-06 21:00:00,0.64,151.3,24.3,83.6,289.56,243.21,29,0,4.45,683.14,30.05,52.52,21,6,2,4,0,-0.7071067811865477,0.7071067811865474,0.4802234974431889,-0.8771461637055887,532.77,467.3421052631578,2.8480000000000003,20.3148,0.5434990708936315,402.68,54.94,501.7566666666667,662.5266666666666,False,False,False,False,True,False,False,False,False,False,569.75445,113.38554999999997,65.2194,-35.169399999999996,25.20415,27.315850000000005,569.75445,0.0,Severe,Zone_005
2026-02-07 05:00:00,3.22,97.4,24.6,78.3,173.23,695.81,-7,0,4.13,623.32,42.24,64.08,5,7,2,5,1,0.9659258262890684,0.2588190451025207,0.9916711623830904,-0.1287955965775629,869.04,233.61290322580643,13.2986,19.2618,0.1993348982785602,683.14,30.05,548.5066666666667,678.82,False,False,False,False,True,False,False,False,False,False,569.75445,53.56555000000003,65.2194,-22.97939999999999,25.20415,38.87585,569.75445,0.0,High,Zone_005
2026-02-07 14:00:00,9.34,169.5,33.8,41.7,457.22,329.38,-22,0,0.02,636.17,34.34,51.36,14,7,2,5,1,-0.4999999999999997,-0.8660254037844388,0.1822355254921477,-0.9832549075639544,786.6,79.9390243902439,0.1868,14.0946,0.5812611238240529,623.32,42.24,569.7133333333333,621.81,False,False,False,False,True,False,False,False,False,False,569.75445,66.41554999999994,65.2194,-30.87939999999999,25.20415,26.15585,569.75445,0.0,High,Zone_005
2026-02-07 16:00:00,7.13,68.8,11.3,53.1,252.68,1142.71,5,0,1.89,566.82,25.9,-7.58,16,7,2,5,1,-0.8660254037844384,-0.5000000000000004,0.9323238012155122,0.3616245700820924,1395.39,182.88204456094363,13.4757,6.000300000000001,0.1810819914145865,636.17,34.34,647.5433333333333,729.4699999999999,False,False,False,False,True,False,False,False,False,False,569.75445,-2.93444999999997,65.2194,-39.319399999999995,25.20415,-32.78415,569.75445,0.0,Moderate,Zone_005
2026-02-08 03:00:00,0.96,209.4,24.6,55.9,495.2,713.43,-24,0,0.67,722.54,10.52,80.69,3,8,2,6,1,0.7071067811865475,0.7071067811865476,-0.4909037536151407,-0.8712138111201895,1208.63,827.8287671232877,0.6432,13.7514,0.4097200963073893,566.82,25.9,608.77,1017.01,False,False,False,False,True,False,False,False,False,False,569.75445,152.78554999999994,65.2194,-54.6994,25.20415,55.48585,569.75445,0.0,Severe,Zone_005
2026-02-08 05:00:00,7.14,214.7,34.7,80.2,443.75,623.48,23,0,3.67,457.1,15.67,5.25,5,8,2,6,1,0.9659258262890684,0.2588190451025207,-0.5692795234308441,-0.8221440410307375,1067.23,139.68979057591625,26.2038,27.829400000000007,0.4157960327202196,722.54,10.52,641.8433333333332,1130.2066666666667,False,False,False,False,True,False,False,False,False,False,569.75445,-112.65445,65.2194,-49.54939999999999,25.20415,-19.95415,569.75445,0.0,Low,Zone_005
2026-02-08 06:00:00,7.07,131.8,19.7,41.1,394.98,617.84,14,0,2.77,516.74,114.51,94.35,6,8,2,6,1,1.0,6.123233995736766e-17,0.745475999682862,-0.6665324702494527,1012.82,133.79392338177016,19.5839,8.0967,0.3899804506230129,457.1,15.67,582.1533333333333,1223.75,False,False,False,False,True,False,False,False,False,False,569.75445,-53.01445000000001,65.2194,49.29060000000001,25.20415,69.14585,569.75445,0.0,Moderate,Zone_005
2026-02-08 07:00:00,4.32,290.6,11.2,32.9,212.98,527.27,-27,1,1.23,720.3,87.3,-47.78,7,8,2,6,1,0.9659258262890684,-0.2588190451025206,-0.936059535738973,0.3518416484047023,740.25,153.57883817427384,5.3136,3.6848,0.2877136102668017,516.74,114.51,565.4599999999999,1096.2266666666667,False,False,False,False,True,False,False,False,False,False,569.75445,150.54554999999993,65.2194,22.080600000000004,25.20415,-72.98415,569.75445,0.0,Severe,Zone_005
2026-02-09 05:00:00,7.52,61.8,10.0,51.5,375.11,364.36,19,0,2.95,442.13,105.35,49.88,5,9,2,0,0,0.9659258262890684,0.2588190451025207,0.8813034520649922,0.472550764869054,739.47,92.20324189526184,22.184,5.15,0.5072687194882821,720.3,87.3,564.7133333333333,940.1,False,False,False,False,True,False,False,False,False,False,569.75445,-127.62445000000002,65.2194,40.1306,25.20415,24.675850000000004,569.75445,0.0,Low,Zone_005
2026-02-10 02:00:00,7.96,323.5,17.6,80.9,261.18,282.18,19,0,2.03,446.86,60.51,91.71,2,10,2,1,0,0.4999999999999999,0.8660254037844387,-0.594822786751341,0.8038568606172175,543.36,64.22695035460993,16.1588,14.238400000000002,0.4806757950530035,442.13,105.35,559.7233333333334,830.8466666666667,False,False,False,False,True,False,False,False,False,False,569.75445,-122.89445,65.2194,-4.709399999999995,25.20415,66.50585,569.75445,0.0,Low,Zone_005
2026-02-10 09:00:00,9.24,64.2,33.6,44.6,237.05,600.56,16,1,3.63,668.37,106.05,-26.32,9,10,2,1,0,0.7071067811865476,-0.7071067811865475,0.9003187714021935,0.4352310993723275,837.6099999999999,85.99691991786446,33.5412,14.985600000000002,0.2830076049712874,446.86,60.51,536.43,674.36,False,False,False,False,True,False,False,False,False,False,569.75445,98.61554999999998,65.2194,40.830600000000004,25.20415,-51.52415,569.75445,0.0,Severe,Zone_005
2026-02-10 19:00:00,5.89,268.7,22.0,32.6,392.81,820.53,-17,0,2.24,681.95,98.29,27.37,19,10,2,1,0,-0.9659258262890684,0.2588190451025203,-0.9997426093226984,-0.0226873335727819,1213.34,189.8810641627543,13.1936,7.172000000000001,0.3237427266883149,668.37,106.05,519.12,706.8133333333332,False,False,False,False,True,False,False,False,False,False,569.75445,112.19555000000003,65.2194,33.07060000000001,25.20415,2.1658500000000025,569.75445,0.0,Severe,Zone_005
2026-02-11 03:00:00,7.0,290.8,30.1,75.4,373.1,203.7,0,1,0.78,646.27,85.04,-11.13,3,11,2,2,0,0.7071067811865475,0.7071067811865476,-0.9348256763960144,0.3551069624081373,576.8,76.90666666666667,5.46,22.695400000000003,0.6468446601941749,681.95,98.29,599.06,864.77,False,False,False,False,True,False,False,False,False,False,569.75445,76.51554999999996,65.2194,19.820600000000013,25.20415,-36.33415,569.75445,0.0,High,Zone_005
2026-02-11 20:00:00,11.29,195.7,23.0,54.9,177.53,851.03,-9,1,0.41,452.11,50.87,-45.33,20,11,2,2,0,-0.8660254037844386,0.5000000000000001,-0.2706004459758633,-0.9626917464264788,1028.56,87.24003392705683,4.6289,12.627,0.1726005288947655,646.27,85.04,665.5300000000001,875.9166666666666,False,False,False,False,True,False,False,False,False,False,569.75445,-117.64445,65.2194,-14.349399999999996,25.20415,-70.53415,569.75445,0.0,Low,Zone_005
2026-02-11 22:00:00,4.32,284.4,31.8,92.9,323.43,750.68,16,0,0.84,528.35,59.05,50.82,22,11,2,2,0,-0.5000000000000004,0.8660254037844384,-0.9685831611286312,0.248689887164854,1074.11,222.8443983402489,3.6288,29.5422,0.3011144110007355,452.11,50.87,593.4433333333334,939.5666666666666,False,False,False,False,True,False,False,False,False,False,569.75445,-41.40445,65.2194,-6.169399999999996,25.20415,25.615850000000002,569.75445,0.0,Moderate,Zone_005
2026-02-12 11:00:00,8.75,109.0,19.4,82.0,389.9,893.79,7,0,0.75,401.53,74.8,59.14,11,12,2,3,0,0.258819045102521,-0.9659258262890682,0.9455185755993168,-0.3255681544571566,1283.69,138.7772972972973,6.5625,15.908,0.3037337674983835,528.35,59.05,542.2433333333333,893.1566666666666,False,False,False,False,True,False,False,False,False,False,569.75445,-168.22445000000005,65.2194,9.580600000000004,25.20415,33.93585,569.75445,0.0,Low,Zone_005
2026-02-12 12:00:00,11.73,165.4,26.6,52.5,455.74,254.97,-23,1,2.52,512.29,24.88,43.61,12,12,2,3,0,1.2246467991473532e-16,-1.0,0.2520693582431134,-0.9677091704819712,710.71,58.11201962387572,29.5596,13.965,0.6412460778657961,401.53,74.8,460.66333333333336,1128.7866666666666,False,False,False,False,True,False,False,False,False,False,569.75445,-57.464450000000056,65.2194,-40.3394,25.20415,18.40585,569.75445,0.0,Moderate,Zone_005
2026-02-12 23:00:00,7.49,149.4,22.7,62.4,161.93,223.97,22,0,2.46,613.4,77.38,78.44,23,12,2,3,0,-0.2588190451025215,0.965925826289068,0.5090414157503711,-0.8607420270039438,385.9,48.29787234042553,18.4254,14.1648,0.419616480953615,512.29,24.88,480.72333333333336,1022.8366666666668,False,False,False,False,True,False,False,False,False,False,569.75445,43.64554999999996,65.2194,12.160600000000002,25.20415,53.23585,569.75445,0.0,High,Zone_005
2026-02-13 01:00:00,9.04,157.6,17.8,47.7,350.57,918.14,14,1,2.35,578.53,81.78,56.46,1,13,2,4,0,0.2588190451025207,0.9659258262890684,0.3810703763502743,-0.924546033612313,1268.71,132.98846960167717,21.244,8.4906,0.2763200416170756,613.4,77.38,509.07333333333327,793.4333333333334,False,False,False,False,True,False,False,False,False,False,569.75445,8.775549999999953,65.2194,16.560600000000008,25.20415,31.255850000000002,569.75445,0.0,High,Zone_005
2026-02-13 06:00:00,2.43,297.9,12.4,76.4,394.18,1094.12,15,0,2.72,738.66,61.96,85.26,6,13,2,4,0,1.0,6.123233995736766e-17,-0.8837656300886936,0.4679298142605731,1488.3,507.95221843003407,6.609600000000001,9.4736,0.264852516293758,578.53,81.78,568.0733333333333,788.44,False,False,False,False,True,False,False,False,False,False,569.75445,168.90554999999995,65.2194,-3.2593999999999923,25.20415,60.05585000000001,569.75445,0.0,Severe,Zone_005
2026-02-14 02:00:00,6.27,205.3,10.6,85.4,126.95,636.74,-27,0,2.61,726.09,77.95,-33.93,2,14,2,5,1,0.4999999999999999,0.8660254037844387,-0.4273578633871923,-0.9040825496607784,763.69,112.80502215657312,16.3647,9.0524,0.1662323717738873,738.66,61.96,643.53,1047.6366666666663,False,False,False,False,True,False,False,False,False,False,569.75445,156.33555,65.2194,12.73060000000001,25.20415,-59.13415,569.75445,0.0,Severe,Zone_005
2026-02-14 09:00:00,5.96,146.8,29.9,90.6,433.5,509.09,12,1,4.04,542.84,118.59,69.57,9,14,2,5,1,0.7071067811865476,-0.7071067811865475,0.5475632234925503,-0.8367643134589616,942.59,145.91176470588235,24.0784,27.0894,0.4599030331321147,726.09,77.95,681.0933333333334,1173.5666666666666,False,False,False,False,True,False,False,False,False,False,569.75445,-26.914449999999988,65.2194,53.37060000000001,25.20415,44.365849999999995,569.75445,0.0,Moderate,Zone_005
2026-02-16 17:00:00,6.66,287.9,15.0,81.3,73.01,1007.44,-19,0,3.13,536.24,46.67,36.31,17,16,2,0,0,-0.9659258262890684,-0.2588190451025206,-0.9515944038794382,0.307356617799807,1080.45,150.90083798882682,20.8458,12.195,0.0675736961451247,542.84,118.59,669.1966666666666,1064.86,False,False,False,False,True,False,False,False,False,False,569.75445,-33.51445000000001,65.2194,-18.54939999999999,25.20415,11.105850000000004,569.75445,0.0,Moderate,Zone_005
2026-02-17 04:00:00,3.7,84.8,31.7,68.7,320.95,971.48,-4,0,0.29,572.36,61.51,11.21,4,17,2,1,0,0.8660254037844386,0.5000000000000001,0.9958843986159704,0.0906325801977801,1292.43,307.7214285714286,1.073,21.7779,0.2483306639431149,536.24,46.67,601.7233333333334,928.91,False,False,False,False,True,False,False,False,False,False,569.75445,2.605549999999994,65.2194,-3.709399999999995,25.20415,-13.994149999999998,569.75445,0.0,High,Zone_005
2026-02-17 06:00:00,2.14,309.4,31.4,53.7,210.28,569.66,19,0,1.02,648.89,113.32,84.65,6,17,2,1,0,1.0,6.123233995736766e-17,-0.7727335734973513,0.6347305132022674,779.9399999999999,295.43181818181813,2.1828000000000003,16.861800000000002,0.2696104828576557,572.36,61.51,550.48,1105.1566666666668,False,False,False,False,True,False,False,False,False,False,569.75445,79.13554999999997,65.2194,48.1006,25.20415,59.44585000000001,569.75445,0.0,High,Zone_005
2026-02-17 14:00:00,1.45,71.0,13.1,60.9,249.17,941.02,3,0,4.44,411.06,21.37,60.54,14,17,2,1,0,-0.4999999999999997,-0.8660254037844388,0.9455185755993168,0.3255681544571567,1190.19,610.3538461538462,6.438000000000001,7.9779,0.2093531284920894,648.89,113.32,585.83,1050.9399999999998,False,False,False,False,True,False,False,False,False,False,569.75445,-158.69445000000002,65.2194,-43.84939999999999,25.20415,35.33585,569.75445,0.0,Low,Zone_005
2026-02-17 21:00:00,3.99,330.7,20.8,94.7,378.4,559.28,-13,1,2.86,527.12,111.04,-7.47,21,17,2,1,0,-0.7071067811865477,0.7071067811865474,-0.4893824517488466,0.8720692724321204,937.68,208.83741648106903,11.4114,19.6976,0.4035491852231038,411.06,21.37,544.1033333333334,1087.52,False,False,False,False,True,False,False,False,False,False,569.75445,-42.634450000000015,65.2194,45.82060000000001,25.20415,-32.67415,569.75445,0.0,Moderate,Zone_005
2026-02-18 05:00:00,11.41,60.1,23.9,94.5,126.45,728.8,-6,0,2.99,542.3,76.33,22.94,5,18,2,2,0,0.9659258262890684,0.2588190451025207,0.8668967489356028,0.4984877397538303,855.25,71.80940386230058,34.1159,22.5855,0.1478515054077755,527.12,111.04,529.0233333333333,969.27,False,False,False,False,True,False,False,False,False,False,569.75445,-27.454450000000065,65.2194,11.110600000000005,25.20415,-2.264149999999997,569.75445,0.0,Moderate,Zone_005
2026-02-18 06:00:00,1.55,43.6,14.5,49.1,222.38,600.51,6,1,0.71,581.07,59.55,-8.57,6,18,2,2,0,1.0,6.123233995736766e-17,0.6896195437356698,0.7241718614374675,822.89,401.409756097561,1.1005,7.1195,0.2702426812818238,542.3,76.33,493.4933333333333,994.3733333333332,False,False,False,False,True,False,False,False,False,False,569.75445,11.31555000000003,65.2194,-5.669399999999996,25.20415,-33.77415,569.75445,0.0,High,Zone_005
2026-02-18 10:00:00,0.66,149.9,30.3,85.1,475.84,1137.48,28,1,2.25,605.06,90.2,8.05,10,18,2,2,0,0.4999999999999999,-0.8660254037844387,0.5015107371594573,-0.8651514205697045,1613.32,1390.7931034482756,1.485,25.7853,0.2949445863188952,581.07,59.55,550.1633333333334,871.9399999999999,False,False,False,False,True,False,False,False,False,False,569.75445,35.305549999999926,65.2194,24.98060000000001,25.20415,-17.154149999999998,569.75445,0.0,High,Zone_005
2026-02-19 13:00:00,9.49,122.5,28.6,43.6,244.88,182.89,-16,0,3.43,418.13,14.37,-47.49,13,19,2,3,0,-0.2588190451025208,-0.9659258262890684,0.8433914458128856,-0.537299608346824,427.77,42.81981981981982,32.5507,12.4696,0.5724571615587816,605.06,90.2,576.1433333333333,1097.1533333333334,False,False,False,False,True,False,False,False,False,False,569.75445,-151.62445000000002,65.2194,-50.849399999999996,25.20415,-72.69415000000001,569.75445,0.0,Low,Zone_005
2026-02-19 16:00:00,7.13,69.4,14.3,33.8,384.94,785.58,27,1,0.15,547.72,100.34,13.46,16,19,2,3,0,-0.8660254037844384,-0.5000000000000004,0.9360595357389732,0.3518416484047017,1170.52,153.41022280471822,1.0695,4.8334,0.3288623859481256,418.13,14.37,534.7533333333333,954.66,False,False,False,False,True,False,False,False,False,False,569.75445,-22.034449999999993,65.2194,35.12060000000001,25.20415,-11.744149999999998,569.75445,0.0,Moderate,Zone_005
2026-02-19 23:00:00,0.6,167.6,31.3,90.8,359.88,637.42,7,0,1.97,738.32,36.47,23.75,23,19,2,3,0,-0.2588190451025215,0.965925826289068,0.2147353271670631,-0.976672278334168,997.3,906.6363636363636,1.182,28.4204,0.3608543066278953,547.72,100.34,523.6366666666667,1070.5366666666666,False,False,False,False,True,False,False,False,False,False,569.75445,168.56555000000003,65.2194,-28.749399999999994,25.20415,-1.4541499999999985,569.75445,0.0,Severe,Zone_005
2026-02-20 04:00:00,7.07,53.8,24.9,42.0,495.45,1149.02,-28,0,3.51,551.47,81.96,-27.1,4,20,2,4,0,0.8660254037844386,0.5000000000000001,0.8069603121438019,0.5906056676199254,1644.47,217.2351387054161,24.8157,10.458,0.3012824800695665,738.32,36.47,568.0566666666667,865.1966666666666,False,False,False,False,True,False,False,False,False,False,569.75445,-18.284449999999993,65.2194,16.7406,25.20415,-52.30415,569.75445,0.0,Moderate,Zone_005
2026-02-20 07:00:00,7.05,324.3,12.2,35.5,126.41,669.41,-12,1,4.07,550.38,46.44,89.8,7,20,2,4,0,0.9659258262890684,-0.2588190451025206,-0.5835412113561173,0.8120835268918064,795.8199999999999,105.40662251655628,28.6935,4.331,0.1588424518107109,551.47,81.96,612.5033333333333,1270.763333333333,False,False,False,False,True,False,False,False,False,False,569.75445,-19.374450000000024,65.2194,-18.779399999999995,25.20415,64.59585,569.75445,0.0,Moderate,Zone_005
2026-02-20 13:00:00,5.77,1.3,21.2,74.2,359.59,1061.4,27,0,2.76,721.8,26.96,56.26,13,20,2,4,0,-0.2588190451025208,-0.9659258262890684,0.0226873335727813,0.9997426093226984,1420.99,226.63317384370015,15.925199999999998,15.7304,0.2530559680222943,550.38,46.44,613.39,1145.8633333333332,False,False,False,False,True,False,False,False,False,False,569.75445,152.04554999999993,65.2194,-38.25939999999999,25.20415,31.05585,569.75445,0.0,Severe,Zone_005
2026-02-20 18:00:00,11.52,13.6,24.6,39.7,446.54,142.87,14,0,2.59,579.75,13.25,45.52,18,20,2,4,0,-1.0,-1.8369701987210294e-16,0.23514211310259,0.9719610005785464,589.4100000000001,49.03577371048254,29.8368,9.7662,0.7576050626898084,721.8,26.96,607.8833333333333,1287.0933333333332,False,False,False,False,True,False,False,False,False,False,569.75445,9.99554999999998,65.2194,-51.96939999999999,25.20415,20.315850000000005,569.75445,0.0,High,Zone_005
2026-02-21 00:00:00,4.19,306.5,22.7,41.0,277.69,964.94,-22,0,0.63,457.54,28.69,96.06,0,21,2,5,1,0.0,1.0,-0.8038568606172173,0.5948227867513414,1242.63,264.953091684435,2.6397000000000004,9.307,0.2234695766237737,579.75,13.25,617.31,935.4066666666666,False,False,False,False,True,False,False,False,False,False,569.75445,-112.21445,65.2194,-36.529399999999995,25.20415,70.85585,569.75445,0.0,Low,Zone_005
2026-02-21 04:00:00,8.97,72.2,18.8,36.3,82.74,1195.76,-3,1,0.75,621.33,118.12,-25.67,4,21,2,5,1,0.8660254037844386,0.5000000000000001,0.9521293927421388,0.3056953049631057,1278.5,135.0052798310454,6.727500000000001,6.8244,0.0647164646069612,457.54,28.69,586.3633333333333,1084.3433333333332,False,False,False,False,True,False,False,False,False,False,569.75445,51.57555000000002,65.2194,52.90060000000001,25.20415,-50.87415,569.75445,0.0,High,Zone_005
2026-02-21 17:00:00,7.13,14.2,17.7,36.0,214.27,494.2,0,0,2.51,527.78,76.0,81.13,17,21,2,5,1,-0.9659258262890684,-0.2588190451025206,0.2453073858788025,0.9694453498951388,708.47,92.85321100917432,17.896299999999997,6.371999999999999,0.3024404703092579,621.33,118.12,552.8733333333333,1036.8466666666666,False,False,False,False,True,False,False,False,False,False,569.75445,-41.97445000000005,65.2194,10.780600000000007,25.20415,55.92585,569.75445,0.0,Moderate,Zone_005
2026-02-22 07:00:00,10.2,111.6,20.3,78.7,403.61,413.83,1,1,3.13,432.75,55.17,71.56,7,22,2,6,1,0.9659258262890684,-0.2588190451025206,0.9297764858882516,-0.3681245526846777,817.44,76.39626168224301,31.926,15.9761,0.493748776668624,527.78,76.0,535.55,1076.5333333333335,False,False,False,False,True,False,False,False,False,False,569.75445,-137.00445000000002,65.2194,-10.049399999999991,25.20415,46.355850000000004,569.75445,0.0,Low,Zone_005
2026-02-22 21:00:00,5.23,2.6,21.0,46.3,229.78,421.56,-24,1,3.89,405.02,63.53,30.09,21,22,2,6,1,-0.7071067811865477,0.7071067811865474,0.0453629881292537,0.9989705697907147,651.34,113.6719022687609,20.344700000000003,9.723,0.3527804218994688,432.75,55.17,527.2866666666666,934.8033333333332,False,False,False,False,True,False,False,False,False,False,569.75445,-164.73445000000004,65.2194,-1.689399999999992,25.20415,4.885850000000001,569.75445,0.0,Low,Zone_005
2026-02-23 02:00:00,11.73,252.9,33.9,73.3,457.29,476.68,17,1,0.99,465.66,19.02,66.6,2,23,2,0,0,0.4999999999999999,0.8660254037844387,-0.95579301479833,-0.2940403252323042,933.97,76.36713000817662,11.6127,24.8487,0.4896195809287236,405.02,63.53,455.1833333333333,725.75,False,False,False,False,True,False,False,False,False,False,569.75445,-104.09445,65.2194,-46.1994,25.20415,41.395849999999996,569.75445,0.0,Low,Zone_005
2026-02-23 12:00:00,10.22,237.8,17.4,78.7,145.57,786.77,26,0,1.86,653.0,46.16,36.43,12,23,2,0,0,1.2246467991473532e-16,-1.0,-0.8461931661275641,-0.5328762760707298,932.34,86.97201492537312,19.009200000000003,13.6938,0.1561340283587532,465.66,19.02,434.4766666666667,800.9166666666666,False,False,False,False,True,False,False,False,False,False,569.75445,83.24554999999998,65.2194,-19.059399999999997,25.20415,11.225850000000001,569.75445,0.0,High,Zone_005
2026-02-23 15:00:00,4.1,216.6,17.0,93.4,146.97,1118.84,28,1,0.77,639.34,74.45,-26.52,15,23,2,0,0,-0.7071067811865471,-0.7071067811865479,-0.5962248749656155,-0.8028174751911148,1265.81,275.1760869565218,3.157,15.878000000000002,0.1161074726854741,653.0,46.16,507.8933333333334,839.2166666666666,False,False,False,False,True,False,False,False,False,False,569.75445,69.58555000000001,65.2194,9.23060000000001,25.20415,-51.724149999999995,569.75445,0.0,High,Zone_005
2026-02-24 06:00:00,3.09,154.6,12.3,51.1,204.54,1139.36,-21,0,1.84,454.45,110.21,55.05,6,24,2,1,0,1.0,6.123233995736766e-17,0.4289351334031459,-0.9033352928633008,1343.9,374.3454038997214,5.6856,6.285300000000001,0.1521988243172855,639.34,74.45,586.0,1044.0399999999995,False,False,False,False,True,False,False,False,False,False,569.75445,-115.30445000000003,65.2194,44.9906,25.20415,29.84585,569.75445,0.0,Low,Zone_005
2026-02-24 10:00:00,2.3,340.9,30.3,59.3,473.14,1099.56,9,0,4.85,476.68,28.35,2.9,10,24,2,1,0,0.4999999999999999,-0.8660254037844387,-0.3272178989791047,0.9449489121575306,1572.6999999999998,561.6785714285714,11.154999999999998,17.9679,0.3008456794048452,454.45,110.21,582.2633333333333,1180.6833333333332,False,False,False,False,True,False,False,False,False,False,569.75445,-93.07445000000001,65.2194,-36.86939999999999,25.20415,-22.30415,569.75445,0.0,Low,Zone_005
2026-02-25 05:00:00,5.84,75.0,17.2,79.4,200.85,299.37,22,1,2.25,519.96,67.73,0.43,5,25,2,2,0,0.9659258262890684,0.2588190451025207,0.9659258262890684,0.2588190451025207,500.22,78.89905362776025,13.14,13.6568,0.4015233297349166,476.68,28.35,523.49,1394.1366666666663,False,False,False,False,True,False,False,False,False,False,569.75445,-49.79444999999998,65.2194,2.510600000000011,25.20415,-24.77415,569.75445,0.0,Moderate,Zone_005
2026-02-26 06:00:00,2.38,160.5,23.5,72.9,226.83,146.6,-21,0,2.54,665.52,37.57,-19.19,6,26,2,3,0,1.0,6.123233995736766e-17,0.3338068592337712,-0.9426414910921784,373.43,129.66319444444446,6.0452,17.131500000000003,0.6074230779530301,519.96,67.73,483.6966666666667,1138.9399999999998,False,False,False,False,True,False,False,False,False,False,569.75445,95.76554999999996,65.2194,-27.649399999999993,25.20415,-44.394149999999996,569.75445,0.0,Severe,Zone_005
2026-02-26 14:00:00,10.48,232.6,30.1,44.6,414.53,1148.93,-6,0,0.39,710.63,82.65,72.38,14,26,2,3,0,-0.4999999999999997,-0.8660254037844388,-0.7944146205354179,-0.607375839723287,1563.46,142.39162112932604,4.0872,13.4246,0.265136300257122,665.52,37.57,554.0533333333333,815.4499999999997,False,False,False,False,True,False,False,False,False,False,569.75445,140.87554999999998,65.2194,17.430600000000013,25.20415,47.17585,569.75445,0.0,Severe,Zone_005
2026-02-26 22:00:00,3.49,316.2,32.9,82.6,131.13,1120.4,-20,0,4.36,542.97,113.73,86.46,22,26,2,3,0,-0.5000000000000004,0.8660254037844384,-0.6921431738704072,0.7217602280983617,1251.5300000000002,313.6666666666667,15.216400000000002,27.1754,0.1047757544765207,710.63,82.65,632.0366666666667,812.3699999999999,False,False,False,False,True,False,False,False,False,False,569.75445,-26.784449999999993,65.2194,48.51060000000001,25.20415,61.255849999999995,569.75445,0.0,Moderate,Zone_005
2026-02-27 01:00:00,7.52,174.2,20.3,56.6,355.61,737.14,-13,0,0.47,742.39,42.0,-26.2,1,27,2,4,0,0.2588190451025207,0.9659258262890684,0.1010562971829463,-0.9948807088287882,1092.75,136.25311720698255,3.5344,11.4898,0.3254266758178906,542.97,113.73,639.7066666666667,1062.8066666666666,False,False,False,False,True,False,False,False,False,False,569.75445,172.63554999999997,65.2194,-23.219399999999993,25.20415,-51.40415,569.75445,0.0,Severe,Zone_005
2026-02-27 08:00:00,4.42,339.6,14.3,46.8,236.33,976.2,-26,0,1.88,725.78,34.79,17.95,8,27,2,4,0,0.8660254037844387,-0.4999999999999998,-0.3485720473218147,0.9372819894918916,1212.53,246.4491869918699,8.3096,6.6924,0.1949065177768797,742.39,42.0,665.3299999999999,1302.58,False,False,False,False,True,False,False,False,False,False,569.75445,156.02554999999995,65.2194,-30.429399999999994,25.20415,-7.254149999999999,569.75445,0.0,Severe,Zone_005
2026-02-27 09:00:00,11.97,187.3,32.4,32.5,164.16,417.04,-7,1,0.41,441.82,33.88,85.34,9,27,2,4,0,0.7071067811865476,-0.7071067811865475,-0.1270646086013504,-0.9918944425900296,581.2,46.60785886126704,4.9077,10.53,0.2824501032346868,725.78,34.79,670.38,1185.6033333333332,False,False,False,False,True,False,False,False,False,False,569.75445,-127.93445000000003,65.2194,-31.33939999999999,25.20415,60.135850000000005,569.75445,0.0,Low,Zone_005
2026-02-27 22:00:00,7.94,181.3,31.5,93.9,401.67,1145.61,-30,1,3.54,435.14,76.26,-7.73,22,27,2,4,0,-0.5000000000000004,0.8660254037844384,-0.0226873335727816,-0.9997426093226984,1547.28,183.32701421800945,28.1076,29.578500000000005,0.2595974872033504,441.82,33.88,636.6633333333333,962.16,False,False,False,False,True,False,False,False,False,False,569.75445,-134.61445000000003,65.2194,11.040600000000012,25.20415,-32.93415,569.75445,0.0,Low,Zone_005
2026-02-28 10:00:00,5.41,235.4,31.8,76.6,236.39,477.23,-14,0,0.35,420.62,56.97,-29.09,10,28,2,5,1,0.4999999999999999,-0.8660254037844387,-0.8231363685344419,-0.5678437450531012,713.62,120.74788494077832,1.8935,24.358799999999995,0.331254729407808,435.14,76.26,534.2466666666666,1113.6699999999998,False,False,False,False,True,False,False,False,False,False,569.75445,-149.13445000000002,65.2194,-8.249399999999994,25.20415,-54.29415,569.75445,0.0,Low,Zone_005
2026-02-28 11:00:00,5.89,222.7,29.1,57.1,70.05,1165.75,22,0,1.34,602.55,59.65,-9.61,11,28,2,5,1,0.258819045102521,-0.9659258262890682,-0.6781596698680704,-0.7349145951499602,1235.8,193.39593114241,7.8926,16.616100000000003,0.0566839294384204,420.62,56.97,432.5266666666666,947.3666666666668,False,False,False,False,True,False,False,False,False,False,569.75445,32.795549999999935,65.2194,-5.569399999999995,25.20415,-34.81415,569.75445,0.0,High,Zone_005
2026-03-01 09:00:00,5.78,149.7,31.9,40.9,223.57,291.0,0,0,3.12,643.66,98.08,93.32,9,1,3,6,1,0.7071067811865476,-0.7071067811865475,0.5045276238150194,-0.8633955506067716,514.5699999999999,81.93789808917197,18.0336,13.0471,0.4344792739568961,602.55,59.65,486.1033333333333,1165.5666666666664,False,False,False,False,True,False,False,False,False,False,569.75445,73.90554999999995,65.2194,32.860600000000005,25.20415,68.11585,569.75445,0.0,High,Zone_005
2026-03-01 22:00:00,9.94,192.3,22.6,87.9,79.34,173.06,20,0,2.35,627.18,53.51,34.36,22,1,3,6,1,-0.5000000000000004,0.8660254037844384,-0.2130303862749768,-0.9770455744352636,252.4,24.17624521072797,23.359,19.8654,0.3143423137876386,643.66,98.08,555.61,821.3299999999998,False,False,False,False,True,False,False,False,False,False,569.75445,57.42554999999993,65.2194,-11.709399999999995,25.20415,9.155850000000001,569.75445,0.0,High,Zone_005
2026-03-02 03:00:00,4.44,100.1,31.6,85.0,268.5,721.33,-15,0,0.16,607.35,118.0,-13.54,3,2,3,0,0,0.7071067811865475,0.7071067811865476,0.9845031799744368,-0.1753667260919869,989.83,200.37044534412956,0.7104,26.86,0.2712587009890587,627.18,53.51,624.4633333333333,667.5899999999998,False,False,False,False,True,False,False,False,False,False,569.75445,37.59555,65.2194,52.78060000000001,25.20415,-38.74415,569.75445,0.0,High,Zone_005
2026-03-02 07:00:00,7.2,165.9,15.5,45.1,459.84,300.72,28,0,0.25,667.79,40.1,59.01,7,2,3,0,0,0.9659258262890684,-0.2588190451025206,0.2436150117860224,-0.9698720152847468,760.56,98.77402597402596,1.8,6.990500000000001,0.6046071315872515,607.35,118.0,626.0633333333334,585.5999999999998,False,False,False,False,True,False,False,False,False,False,569.75445,98.03554999999994,65.2194,-25.11939999999999,25.20415,33.80585,569.75445,0.0,Severe,Zone_005
2026-03-02 08:00:00,2.65,241.7,10.9,70.6,372.05,774.8,6,0,0.36,404.42,20.16,6.29,8,2,3,0,0,0.8660254037844387,-0.4999999999999998,-0.8804773535091617,-0.4740882090471167,1146.85,364.07936507936506,0.954,7.695399999999999,0.3244103413698391,667.79,40.1,634.1066666666667,667.5966666666665,False,False,False,False,True,False,False,False,False,False,569.75445,-165.33445,65.2194,-45.0594,25.20415,-18.91415,569.75445,0.0,Low,Zone_005
2026-03-03 03:00:00,8.27,37.4,20.3,45.6,311.19,149.75,12,0,1.88,435.11,98.9,87.65,3,3,3,1,0,0.7071067811865475,0.7071067811865476,0.6073758397232867,0.7944146205354181,460.94,52.55872291904219,15.5476,9.2568,0.6751204061266108,404.42,20.16,559.8533333333334,965.7466666666664,False,False,False,False,True,False,False,False,False,False,569.75445,-134.64445,65.2194,33.68060000000001,25.20415,62.44585000000001,569.75445,0.0,Low,Zone_005
2026-03-03 08:00:00,8.28,186.6,23.4,44.9,477.63,297.48,2,0,0.7,494.57,72.99,73.62,8,3,3,1,0,0.8660254037844387,-0.4999999999999998,-0.1149371504928664,-0.9933727656003964,775.11,88.28132118451026,5.795999999999999,10.5066,0.6162093122266517,435.11,98.9,502.44000000000005,789.4499999999997,False,False,False,False,True,False,False,False,False,False,569.75445,-75.18445000000003,65.2194,7.770600000000002,25.20415,48.415850000000006,569.75445,0.0,Moderate,Zone_005
2026-03-03 15:00:00,7.16,251.8,22.4,55.5,407.81,208.96,-10,1,4.1,576.9,86.19,5.12,15,3,3,1,0,-0.7071067811865471,-0.7071067811865479,-0.9499720515246526,-0.3123349185122325,616.77,80.51827676240208,29.356,12.432,0.6612027173824927,494.57,72.99,444.7,794.2999999999997,False,False,False,False,True,False,False,False,False,False,569.75445,7.145549999999957,65.2194,20.970600000000005,25.20415,-20.084149999999998,569.75445,0.0,High,Zone_005
2026-03-04 11:00:00,2.93,277.6,25.2,54.4,172.03,305.86,20,0,1.12,739.38,39.51,77.41,11,4,3,2,0,0.258819045102521,-0.9659258262890682,-0.9912155402515416,0.1322563902571228,477.89,139.32653061224488,3.2816000000000005,13.708799999999998,0.3599782376697567,576.9,86.19,502.1933333333333,617.6066666666665,False,False,False,False,True,False,False,False,False,False,569.75445,169.62554999999998,65.2194,-25.709399999999995,25.20415,52.20585,569.75445,0.0,Severe,Zone_005
2026-01-01 14:00:00,5.59,354.3,33.3,60.6,140.66,1091.53,-22,0,1.94,456.15,119.41,62.5,14,1,1,3,0,-0.4999999999999997,-0.8660254037844388,-0.0993197497436392,0.9950555699612262,1232.19,202.33004926108376,10.8446,20.1798,0.114154472930311,555.7366423357664,65.34919708029197,555.347189781022,940.4198418491486,False,False,False,False,False,True,False,False,False,False,569.75445,-113.60445000000004,65.2194,54.1906,25.20415,37.29585,569.75445,0.0,Low,Zone_006
2026-01-01 18:00:00,1.94,203.3,23.0,51.0,187.44,217.28,30,1,0.91,515.84,99.15,59.23,18,1,1,3,0,-1.0,-1.8369701987210294e-16,-0.3955455025629652,-0.9184463813430872,404.72,165.8688524590164,1.7654,11.73,0.4631350069183633,456.15,119.41,456.15,1232.19,False,False,False,False,False,True,False,False,False,False,569.75445,-53.91444999999999,65.2194,33.93060000000001,25.20415,34.02585,569.75445,0.0,Moderate,Zone_006
2026-01-01 23:00:00,6.73,37.3,20.2,62.7,125.24,1196.41,21,0,3.53,707.05,119.74,71.13,23,1,1,3,0,-0.2588190451025215,0.965925826289068,0.605988400265711,0.7954734808548959,1321.65,182.80082987551867,23.7569,12.6654,0.0947603374569666,515.84,99.15,485.995,818.455,False,False,False,False,False,True,False,False,False,False,569.75445,137.29554999999993,65.2194,54.5206,25.20415,45.92585,569.75445,0.0,Severe,Zone_006
2026-01-03 09:00:00,5.05,205.0,32.6,57.2,146.3,581.8,-21,0,3.95,438.08,99.49,-33.1,9,3,1,5,1,0.7071067811865476,-0.7071067811865475,-0.4226182617406993,-0.90630778703665,728.0999999999999,131.18918918918916,19.9475,18.6472,0.2009339376459278,707.05,119.74,559.68,986.1866666666668,False,False,False,False,False,True,False,False,False,False,569.75445,-131.67445000000004,65.2194,34.2706,25.20415,-58.30415,569.75445,0.0,Low,Zone_006
2026-01-03 10:00:00,9.2,299.7,13.0,58.1,263.99,438.21,-25,0,1.15,610.77,82.35,24.86,10,3,1,5,1,0.4999999999999999,-0.8660254037844387,-0.8686315144381915,0.4954586684324071,702.2,72.3917525773196,10.579999999999998,7.553000000000001,0.3759470236399886,438.08,99.49,553.6566666666666,818.1566666666668,False,False,False,False,False,True,False,False,False,False,569.75445,41.01554999999996,65.2194,17.1306,25.20415,-0.34414999999999907,569.75445,0.0,High,Zone_006
2026-01-03 13:00:00,11.25,249.0,11.2,62.8,485.14,281.12,28,1,4.92,462.92,10.51,-14.99,13,3,1,5,1,-0.2588190451025208,-0.9659258262890684,-0.9335804264972016,-0.3583679495453007,766.26,65.21361702127659,55.35,7.033599999999999,0.633127137003106,610.77,82.35,585.3,917.3166666666666,False,False,False,False,False,True,False,False,False,False,569.75445,-106.83445,65.2194,-54.709399999999995,25.20415,-40.19415,569.75445,0.0,Low,Zone_006
2026-01-05 12:00:00,7.01,347.6,12.7,39.1,192.47,1191.2,0,0,0.5,523.46,65.23,-44.85,12,5,1,0,0,1.2246467991473532e-16,-1.0,-0.2147353271670632,0.976672278334168,1383.67,184.2436750998669,3.505,4.9657,0.1391010862416616,462.92,10.51,503.92333333333335,732.1866666666666,False,False,False,False,False,True,False,False,False,False,569.75445,-46.29444999999998,65.2194,0.010600000000010823,25.20415,-70.05414999999999,569.75445,0.0,Moderate,Zone_006
2026-01-06 13:00:00,0.96,209.1,26.4,53.2,150.57,343.75,1,0,4.02,413.53,46.44,67.32,13,6,1,1,0,-0.2588190451025208,-0.9659258262890684,-0.4863353804234903,-0.8737722230354653,494.32,338.5753424657534,3.8592,14.0448,0.3046002589415763,523.46,65.23,532.3833333333333,950.71,False,False,False,False,False,True,False,False,False,False,569.75445,-156.22445000000005,65.2194,-18.779399999999995,25.20415,42.115849999999995,569.75445,0.0,Low,Zone_006
2026-01-06 18:00:00,8.23,255.1,22.1,38.3,480.03,579.99,23,0,3.53,559.56,60.04,82.67,18,6,1,1,0,-1.0,-1.8369701987210294e-16,-0.9663760793213292,-0.2571327931546961,1060.02,121.42268041237112,29.0519,8.4643,0.4528499462274296,413.53,46.44,466.6366666666667,881.4166666666669,False,False,False,False,False,True,False,False,False,False,569.75445,-10.194450000000074,65.2194,-5.179399999999994,25.20415,57.46585,569.75445,0.0,Moderate,Zone_006
2026-01-07 08:00:00,7.39,319.2,11.2,62.7,162.53,747.56,20,0,2.66,442.0,43.7,24.85,8,7,1,2,0,0.8660254037844387,-0.4999999999999998,-0.6534206039901057,0.7569950556517562,910.09,115.34727503168568,19.6574,7.0224,0.1785867331802349,559.56,60.04,498.85,979.3366666666668,False,False,False,False,False,True,False,False,False,False,569.75445,-127.75445000000002,65.2194,-21.51939999999999,25.20415,-0.3541499999999971,569.75445,0.0,Low,Zone_006
2026-01-07 16:00:00,7.26,314.5,22.8,31.2,457.29,1180.24,4,0,3.12,515.76,26.8,42.4,16,7,1,2,0,-0.8660254037844384,-0.5000000000000004,-0.7132504491541813,0.7009092642998511,1637.53,211.02190721649484,22.6512,7.1136,0.2792559525627011,442.0,43.7,471.69666666666666,821.4766666666666,False,False,False,False,False,True,False,False,False,False,569.75445,-53.99445000000003,65.2194,-38.419399999999996,25.20415,17.19585,569.75445,0.0,Moderate,Zone_006
2026-01-08 11:00:00,6.52,152.2,31.2,70.0,440.47,1132.31,-20,0,3.01,506.5,50.48,-17.52,11,8,1,3,0,0.258819045102521,-0.9659258262890682,0.4663866403398913,-0.8845809752150839,1572.78,224.04273504273505,19.6252,21.84,0.280058240821984,515.76,26.8,505.7733333333333,1202.5466666666666,False,False,False,False,False,True,False,False,False,False,569.75445,-63.25445000000002,65.2194,-14.739399999999996,25.20415,-42.724149999999995,569.75445,0.0,Moderate,Zone_006
2026-01-08 20:00:00,1.09,226.1,12.5,73.6,276.45,465.1,22,1,0.21,479.72,78.24,96.97,20,8,1,3,0,-0.8660254037844386,0.5000000000000001,-0.7205511116803304,-0.693401828275813,741.55,466.38364779874206,0.2289,9.2,0.3728002157642775,506.5,50.48,488.0866666666666,1373.4666666666665,False,False,False,False,False,True,False,False,False,False,569.75445,-90.03444999999999,65.2194,13.020600000000002,25.20415,71.76585,569.75445,0.0,Moderate,Zone_006
2026-01-09 02:00:00,2.17,161.3,24.7,54.3,416.31,798.41,-11,0,2.99,413.85,67.72,-7.74,2,9,1,4,0,0.4999999999999999,0.8660254037844387,0.320612990585676,-0.9472102777460288,1214.72,454.9513108614232,6.488300000000001,13.4121,0.3427209562697576,479.72,78.24,500.66,1317.2866666666666,False,False,False,False,False,True,False,False,False,False,569.75445,-155.90445,65.2194,2.5006000000000057,25.20415,-32.94415,569.75445,0.0,Low,Zone_006
2026-01-09 07:00:00,7.01,358.4,24.0,50.8,437.94,100.17,17,0,0.72,599.44,72.99,9.45,7,9,1,4,0,0.9659258262890684,-0.2588190451025206,-0.0279216387235691,0.9996101150403544,538.11,71.65246338215712,5.047199999999999,12.191999999999998,0.8138484696437531,413.85,67.72,466.69000000000005,1176.35,False,False,False,False,False,True,False,False,False,False,569.75445,29.685550000000035,65.2194,7.770600000000002,25.20415,-15.75415,569.75445,0.0,High,Zone_006
2026-01-09 08:00:00,10.6,172.9,27.2,82.7,452.05,890.06,-18,0,3.11,524.8,28.0,19.58,8,9,1,4,0,0.8660254037844387,-0.4999999999999998,0.1236014767404926,-0.9923319378854888,1342.11,120.9108108108108,32.966,22.4944,0.3368203798496398,599.44,72.99,497.6700000000001,831.46,False,False,False,False,False,True,False,False,False,False,569.75445,-44.954450000000065,65.2194,-37.21939999999999,25.20415,-5.62415,569.75445,0.0,Moderate,Zone_006
2026-01-09 11:00:00,1.06,330.0,34.4,75.4,489.02,427.66,20,1,1.96,551.67,107.81,63.84,11,9,1,4,0,0.258819045102521,-0.9659258262890682,-0.5000000000000004,0.8660254037844384,916.68,587.6153846153846,2.0776,25.937600000000003,0.5334686040930313,524.8,28.0,512.6966666666667,1031.6466666666663,False,False,False,False,False,True,False,False,False,False,569.75445,-18.08445000000006,65.2194,42.59060000000001,25.20415,38.635850000000005,569.75445,0.0,Moderate,Zone_006
2026-01-11 04:00:00,2.56,221.2,26.6,38.0,96.61,612.46,-10,0,0.17,447.8,16.18,-3.57,4,11,1,6,1,0.8660254037844386,0.5000000000000001,-0.6586894601186801,-0.7524149088957247,709.07,231.72222222222223,0.4352,10.108,0.1362488893903281,551.67,107.81,558.6366666666667,932.2999999999998,False,False,False,False,False,True,False,False,False,False,569.75445,-121.95445000000001,65.2194,-49.03939999999999,25.20415,-28.77415,569.75445,0.0,Low,Zone_006
2026-01-11 12:00:00,4.52,246.5,15.3,35.7,179.22,971.44,-5,0,3.43,491.98,93.56,-31.76,12,11,1,6,1,1.2246467991473532e-16,-1.0,-0.917060074385124,-0.3987490689252466,1150.66,229.2151394422311,15.5036,5.4621,0.1557540889576417,447.8,16.18,508.0899999999999,989.2866666666664,False,False,False,False,False,True,False,False,False,False,569.75445,-77.77445,65.2194,28.34060000000001,25.20415,-56.964150000000004,569.75445,0.0,Moderate,Zone_006
2026-01-11 22:00:00,2.58,121.9,23.9,80.8,227.42,467.48,17,0,2.03,539.26,10.31,7.98,22,11,1,6,1,-0.5000000000000004,0.8660254037844384,0.8489716876291415,-0.528438334722347,694.9,225.61688311688312,5.2374,19.3112,0.3272701108073104,491.98,93.56,497.15,925.47,False,False,False,False,False,True,False,False,False,False,569.75445,-30.49445000000003,65.2194,-54.90939999999999,25.20415,-17.224149999999998,569.75445,0.0,Moderate,Zone_006
2026-01-12 14:00:00,11.96,146.3,32.8,59.3,488.31,440.73,4,0,0.73,489.08,110.28,-6.17,14,12,1,0,0,-0.4999999999999997,-0.8660254037844388,0.5548444274479992,-0.8319541221304826,929.04,74.56179775280899,8.7308,19.4504,0.5256070782743477,539.26,10.31,493.0133333333333,851.5433333333334,False,False,False,False,False,True,False,False,False,False,569.75445,-80.67445000000004,65.2194,45.06060000000001,25.20415,-31.37415,569.75445,0.0,Moderate,Zone_006
2026-01-12 16:00:00,8.27,174.2,19.3,66.2,122.77,702.93,9,0,2.13,572.03,84.99,-31.78,16,12,1,0,0,-0.8660254037844384,-0.5000000000000004,0.1010562971829463,-0.9948807088287882,825.6999999999999,94.15051311288484,17.615099999999998,12.7766,0.1486859634249727,489.08,110.28,506.77333333333337,924.8666666666668,False,False,False,False,False,True,False,False,False,False,569.75445,2.275549999999953,65.2194,19.7706,25.20415,-56.98415,569.75445,0.0,High,Zone_006
2026-01-12 17:00:00,5.05,323.1,19.6,73.0,216.0,598.32,-9,0,1.11,709.9,61.21,-49.48,17,12,1,0,0,-0.9659258262890684,-0.2588190451025206,-0.6004202253258841,0.7996846584870905,814.32,146.72432432432433,5.6055,14.308000000000002,0.2652519893899204,572.03,84.99,533.4566666666667,816.5466666666667,False,False,False,False,False,True,False,False,False,False,569.75445,140.14554999999996,65.2194,-4.009399999999992,25.20415,-74.68414999999999,569.75445,0.0,Severe,Zone_006
2026-01-12 18:00:00,2.03,326.8,30.9,68.5,240.78,1065.53,-23,0,0.43,481.52,23.35,87.59,18,12,1,0,0,-1.0,-1.8369701987210294e-16,-0.54756322349255,0.8367643134589619,1306.31,516.3280632411067,0.8728999999999999,21.1665,0.1843207201965842,709.9,61.21,590.3366666666667,856.3533333333334,False,False,False,False,False,True,False,False,False,False,569.75445,-88.23445000000004,65.2194,-41.86939999999999,25.20415,62.385850000000005,569.75445,0.0,Moderate,Zone_006
2026-01-12 20:00:00,11.42,337.1,25.4,67.1,409.32,383.51,14,0,3.09,433.83,114.75,-16.78,20,12,1,0,0,-0.8660254037844386,0.5000000000000001,-0.3891239501402057,0.9211854055657216,792.8299999999999,66.51258389261744,35.2878,17.0434,0.5162771338117882,481.52,23.35,587.8166666666667,982.11,False,False,False,False,False,True,False,False,False,False,569.75445,-135.92445000000004,65.2194,49.53060000000001,25.20415,-41.98415,569.75445,0.0,Low,Zone_006
2026-01-13 09:00:00,5.93,6.1,13.5,72.2,362.6,104.12,-2,0,4.48,681.26,114.46,81.79,9,13,1,1,0,0.7071067811865476,-0.7071067811865475,0.1062640713362332,0.9943379441332046,466.72,72.58475894245724,26.5664,9.747,0.7769112101474117,433.83,114.75,541.7500000000001,971.1533333333332,False,False,False,False,False,True,False,False,False,False,569.75445,111.50554999999997,65.2194,49.2406,25.20415,56.58585000000001,569.75445,0.0,Severe,Zone_006
2026-01-14 02:00:00,3.51,174.7,15.3,37.0,184.12,1132.45,-18,0,3.14,438.49,46.72,10.59,2,14,1,2,0,0.4999999999999999,0.8660254037844387,0.0923705874465617,-0.995724698184582,1316.5700000000002,328.3216957605986,11.0214,5.6610000000000005,0.139848242022832,681.26,114.46,532.2033333333334,855.2866666666665,False,False,False,False,False,True,False,False,False,False,569.75445,-131.26445,65.2194,-18.499399999999994,25.20415,-14.614149999999999,569.75445,0.0,Low,Zone_006
2026-01-14 08:00:00,6.21,56.6,23.9,71.0,408.34,681.55,5,1,1.71,573.59,35.88,-35.14,8,14,1,2,0,0.8660254037844387,-0.4999999999999998,0.8348478632634065,0.5504807400849956,1089.89,162.4277198211624,10.6191,16.968999999999998,0.374661663103616,438.49,46.72,517.8600000000001,858.7066666666666,False,False,False,False,False,True,False,False,False,False,569.75445,3.835550000000012,65.2194,-29.33939999999999,25.20415,-60.34415,569.75445,0.0,High,Zone_006
2026-01-14 18:00:00,6.83,163.8,25.2,46.5,341.13,331.75,-14,1,3.48,685.34,30.99,-4.52,18,14,1,2,0,-1.0,-1.8369701987210294e-16,0.2789911060392291,-0.9602936856769432,672.88,91.79809004092768,23.7684,11.718,0.506970039234336,573.59,35.88,564.4466666666668,957.7266666666668,False,False,False,False,False,True,False,False,False,False,569.75445,115.58555000000001,65.2194,-34.2294,25.20415,-29.724149999999998,569.75445,0.0,Severe,Zone_006
2026-01-15 15:00:00,7.26,84.8,27.5,76.8,242.53,697.9,-18,0,1.39,644.48,111.82,5.19,15,15,1,3,0,-0.7071067811865471,-0.7071067811865479,0.9958843986159704,0.0906325801977801,940.43,121.18943298969072,10.091399999999998,21.12,0.257892666120817,685.34,30.99,565.8066666666668,1026.4466666666665,False,False,False,False,False,True,False,False,False,False,569.75445,74.72555,65.2194,46.6006,25.20415,-20.014149999999997,569.75445,0.0,High,Zone_006
2026-01-15 19:00:00,1.51,312.0,19.8,43.8,265.57,327.53,7,0,4.31,440.92,60.23,54.73,19,15,1,3,0,-0.9659258262890684,0.2588190451025203,-0.7431448254773946,0.6691306063588578,593.0999999999999,295.07462686567163,6.5081,8.6724,0.4477659753835779,644.48,111.82,634.4700000000001,901.0666666666666,False,False,False,False,False,True,False,False,False,False,569.75445,-128.83445,65.2194,-4.989399999999996,25.20415,29.52585,569.75445,0.0,Low,Zone_006
2026-01-15 22:00:00,2.96,153.9,24.8,93.4,382.08,1028.85,17,0,4.06,730.66,60.58,28.09,22,15,1,3,0,-0.5000000000000004,0.8660254037844384,0.4399391698559149,-0.8980275757606158,1410.9299999999998,407.7832369942197,12.017599999999998,23.163200000000003,0.2708001105653718,440.92,60.23,590.2466666666668,735.4699999999999,False,False,False,False,False,True,False,False,False,False,569.75445,160.90554999999995,65.2194,-4.639399999999995,25.20415,2.8858500000000014,569.75445,0.0,Severe,Zone_006
2026-01-16 02:00:00,0.66,38.1,29.5,55.8,478.88,535.63,27,0,0.85,571.82,67.13,15.85,2,16,1,4,0,0.4999999999999999,0.8660254037844387,0.6170358751407486,0.7869350219613372,1014.51,874.5775862068964,0.561,16.461,0.4720308326187026,730.66,60.58,605.3533333333335,981.4866666666666,False,False,False,False,False,True,False,False,False,False,569.75445,2.06555000000003,65.2194,1.9106000000000023,25.20415,-9.354149999999999,569.75445,0.0,High,Zone_006
2026-01-16 03:00:00,7.97,182.2,16.3,67.1,439.44,1181.57,5,1,4.31,466.62,44.42,82.99,3,16,1,4,0,0.7071067811865475,0.7071067811865476,-0.0383878090875196,-0.9992629164106211,1621.01,191.3825265643448,34.3507,10.9373,0.2710902462045268,571.82,67.13,581.1333333333336,1006.18,False,False,False,False,False,True,False,False,False,False,569.75445,-103.13445000000002,65.2194,-20.79939999999999,25.20415,57.785849999999996,569.75445,0.0,Low,Zone_006
2026-01-16 11:00:00,6.99,177.5,21.2,91.8,279.45,660.86,10,0,3.76,406.14,26.68,34.57,11,16,1,4,0,0.258819045102521,-0.9659258262890682,0.043619387365336,-0.9990482215818578,940.31,125.54205607476636,26.2824,19.4616,0.2971892248301092,466.62,44.42,589.7000000000002,1348.8166666666666,False,False,False,False,False,True,False,False,False,False,569.75445,-163.61445000000003,65.2194,-38.53939999999999,25.20415,9.365850000000002,569.75445,0.0,Low,Zone_006
2026-01-17 13:00:00,3.99,347.6,19.9,60.5,495.86,788.15,3,0,0.91,426.32,43.05,77.41,13,17,1,5,1,-0.2588190451025208,-0.9659258262890684,-0.2147353271670632,0.976672278334168,1284.01,285.97104677060133,3.630900000000001,12.0395,0.3861807929844783,406.14,26.68,481.5266666666668,1191.9433333333334,False,False,False,False,False,True,False,False,False,False,569.75445,-143.43445000000003,65.2194,-22.169399999999996,25.20415,52.20585,569.75445,0.0,Low,Zone_006
2026-01-17 20:00:00,8.22,255.3,23.0,44.7,411.2,773.36,14,0,2.29,687.95,30.9,-9.18,20,17,1,5,1,-0.8660254037844386,0.5000000000000001,-0.9672677527758768,-0.2537579445848058,1184.56,135.8440366972477,18.8238,10.281,0.3471331127169582,426.32,43.05,433.0266666666668,1281.7766666666666,False,False,False,False,False,True,False,False,False,False,569.75445,118.19555000000003,65.2194,-34.319399999999995,25.20415,-34.38415,569.75445,0.0,Severe,Zone_006
2026-01-18 02:00:00,5.42,73.8,12.9,63.4,436.88,778.13,19,0,1.77,432.02,83.29,-40.73,2,18,1,6,1,0.4999999999999999,0.8660254037844387,0.9602936856769432,0.2789911060392293,1215.01,205.23817567567568,9.5934,8.1786,0.3595690570447979,687.95,30.9,506.8033333333335,1136.2933333333333,False,False,False,False,False,True,False,False,False,False,569.75445,-137.73445000000004,65.2194,18.070600000000013,25.20415,-65.93414999999999,569.75445,0.0,Low,Zone_006
2026-01-18 18:00:00,4.4,351.5,17.8,91.3,291.45,222.16,26,1,3.69,452.04,74.69,-15.62,18,18,1,6,1,-1.0,-1.8369701987210294e-16,-0.1478094111296105,0.9890158633619168,513.61,104.81836734693876,16.236,16.2514,0.5674539047136933,432.02,83.29,515.4300000000002,1227.86,False,False,False,False,False,True,False,False,False,False,569.75445,-117.71445,65.2194,9.470600000000005,25.20415,-40.824149999999996,569.75445,0.0,Low,Zone_006
2026-01-22 01:00:00,11.72,52.4,30.9,82.9,159.49,577.16,8,0,0.17,709.95,82.62,-14.31,1,22,1,3,0,0.2588190451025207,0.9659258262890684,0.7922896433551907,0.6101451639012677,736.65,60.2823240589198,1.9924,25.616100000000003,0.2165071607954931,452.04,74.69,524.0033333333334,971.06,False,False,False,False,False,True,False,False,False,False,569.75445,140.19555000000003,65.2194,17.40060000000001,25.20415,-39.51415,569.75445,0.0,Severe,Zone_006
2026-01-23 12:00:00,3.03,38.1,32.6,88.5,362.19,963.25,-10,0,3.98,568.28,45.95,82.01,12,23,1,4,0,1.2246467991473532e-16,-1.0,0.6170358751407486,0.7869350219613372,1325.44,375.4787535410765,12.059399999999998,28.851,0.2732602003862868,709.95,82.62,531.3366666666668,821.7566666666667,False,False,False,False,False,True,False,False,False,False,569.75445,-1.4744500000000471,65.2194,-19.26939999999999,25.20415,56.80585000000001,569.75445,0.0,Moderate,Zone_006
2026-01-23 22:00:00,5.45,136.3,12.2,77.7,213.89,620.4,3,1,3.11,421.23,62.75,53.86,22,23,1,4,0,-0.5000000000000004,0.8660254037844384,0.6908824110768582,-0.7229671459095685,834.29,140.21680672268906,16.9495,9.4794,0.2563736830119023,568.28,45.95,576.7566666666668,858.5666666666666,False,False,False,False,False,True,False,False,False,False,569.75445,-148.52445,65.2194,-2.469399999999993,25.20415,28.65585,569.75445,0.0,Low,Zone_006
2026-01-24 02:00:00,4.81,312.1,26.6,62.3,151.14,467.09,-18,0,2.02,416.81,110.79,99.37,2,24,1,5,1,0.4999999999999999,0.8660254037844387,-0.7419758409756162,0.6704266189587993,618.23,116.42749529190208,9.7162,16.5718,0.2444721220257832,421.23,62.75,566.4866666666668,965.46,False,False,False,False,False,True,False,False,False,False,569.75445,-152.94445000000002,65.2194,45.57060000000001,25.20415,74.16585,569.75445,0.0,Low,Zone_006
2026-01-24 09:00:00,1.12,218.4,25.0,89.5,310.82,224.77,-30,1,1.28,717.38,38.95,-6.7,9,24,1,5,1,0.7071067811865476,-0.7071067811865475,-0.6211477802783103,-0.7836934573258398,535.59,330.6111111111111,1.4336000000000002,22.375,0.5803319703504546,416.81,110.79,468.7733333333335,925.9866666666668,False,False,False,False,False,True,False,False,False,False,569.75445,147.62554999999998,65.2194,-26.26939999999999,25.20415,-31.904149999999998,569.75445,0.0,Severe,Zone_006
2026-01-24 11:00:00,0.95,287.1,28.5,59.3,440.49,214.96,22,0,4.8,649.31,113.94,-5.61,11,24,1,5,1,0.258819045102521,-0.9659258262890682,-0.95579301479833,0.2940403252323038,655.45,452.0344827586208,4.56,16.9005,0.6720421084750934,717.38,38.95,518.4733333333335,662.7033333333334,False,False,False,False,False,True,False,False,False,False,569.75445,79.55554999999993,65.2194,48.720600000000005,25.20415,-30.814149999999998,569.75445,0.0,High,Zone_006
2026-01-25 07:00:00,1.62,35.1,19.5,48.2,209.1,499.57,-1,1,3.99,636.64,91.52,10.88,7,25,1,6,1,0.9659258262890684,-0.2588190451025206,0.5750052520432786,0.8181497174250234,708.67,334.2783018867924,6.463800000000001,9.399,0.2950597598317976,649.31,113.94,594.5000000000001,603.09,False,False,False,False,False,True,False,False,False,False,569.75445,66.88554999999997,65.2194,26.300600000000003,25.20415,-14.324149999999998,569.75445,0.0,High,Zone_006
2026-01-25 09:00:00,4.47,229.8,28.0,48.8,318.81,231.18,-12,1,4.5,533.74,87.55,93.01,9,25,1,6,1,0.7071067811865476,-0.7071067811865475,-0.7637960286346421,-0.6454576877239506,549.99,110.66197183098592,20.115,13.663999999999998,0.579665084819724,636.64,91.52,667.7766666666668,633.2366666666667,False,False,False,False,False,True,False,False,False,False,569.75445,-36.01445000000001,65.2194,22.330600000000004,25.20415,67.80585,569.75445,0.0,Moderate,Zone_006
2026-01-25 12:00:00,3.2,23.6,16.2,73.1,245.16,1123.01,-22,0,0.12,669.68,72.37,-22.07,12,25,1,6,1,1.2246467991473532e-16,-1.0,0.4003490325568949,0.9163627295622396,1368.17,369.7756756756757,0.384,11.842199999999998,0.1791882587690126,533.74,87.55,606.5633333333335,638.0366666666666,False,False,False,False,False,True,False,False,False,False,569.75445,99.92554999999993,65.2194,7.150600000000011,25.20415,-47.27415,569.75445,0.0,Severe,Zone_006
2026-01-26 01:00:00,4.83,204.8,22.2,77.6,88.27,941.62,-25,0,3.06,638.15,82.39,-29.45,1,26,1,0,0,0.2588190451025207,0.9659258262890684,-0.4194520824461771,-0.9077774785329088,1029.89,193.2251407129456,14.7798,17.227199999999996,0.0857081824272495,669.68,72.37,613.3533333333335,875.61,False,False,False,False,False,True,False,False,False,False,569.75445,68.39554999999996,65.2194,17.170600000000007,25.20415,-54.65415,569.75445,0.0,High,Zone_006
2026-01-26 02:00:00,10.57,312.4,18.5,69.7,149.0,940.41,-13,0,1.62,716.65,50.06,34.23,2,26,1,0,0,0.4999999999999999,0.8660254037844387,-0.7384553406258838,0.6743023875837234,1089.41,98.41102077687442,17.1234,12.8945,0.136771279867084,638.15,82.39,613.8566666666669,982.6833333333334,False,False,False,False,False,True,False,False,False,False,569.75445,146.89554999999996,65.2194,-15.15939999999999,25.20415,9.025849999999998,569.75445,0.0,Severe,Zone_006
2026-01-26 08:00:00,1.19,342.6,20.7,65.0,418.7,1187.23,25,0,2.76,556.9,53.22,-43.33,8,26,1,0,0,0.8660254037844387,-0.4999999999999998,-0.2990407922560866,0.9542403285162768,1605.93,950.2544378698226,3.2844,13.455,0.260721202044921,716.65,50.06,674.8266666666667,1162.49,False,False,False,False,False,True,False,False,False,False,569.75445,-12.854450000000043,65.2194,-11.999399999999994,25.20415,-68.53415,569.75445,0.0,Moderate,Zone_006
2026-01-26 21:00:00,6.76,159.5,12.7,39.0,89.86,401.39,29,0,3.06,731.52,35.9,22.5,21,26,1,0,0,-0.7071067811865477,0.7071067811865474,0.3502073812594675,-0.9366721892483976,491.25,67.66528925619835,20.6856,4.952999999999999,0.1829211195928753,556.9,53.22,637.2333333333335,1241.7433333333336,False,False,False,False,False,True,False,False,False,False,569.75445,161.76554999999996,65.2194,-29.319399999999995,25.20415,-2.7041499999999985,569.75445,0.0,Severe,Zone_006
2026-01-27 04:00:00,0.65,241.5,12.6,76.0,103.09,486.34,-12,0,2.2,410.35,43.5,52.7,4,27,1,1,0,0.8660254037844386,0.5000000000000001,-0.8788171126619653,-0.4771587602596087,589.43,512.5478260869565,1.4300000000000002,9.576,0.1748977826035322,731.52,35.9,668.3566666666667,1062.1966666666667,False,False,False,False,False,True,False,False,False,False,569.75445,-159.40445,65.2194,-21.719399999999993,25.20415,27.495850000000004,569.75445,0.0,Low,Zone_006
2026-01-27 17:00:00,2.34,69.6,31.4,91.2,277.8,969.08,10,0,3.62,602.96,29.55,-26.13,17,27,1,1,0,-0.9659258262890684,-0.2588190451025206,0.9372819894918916,0.3485720473218153,1246.88,439.0422535211269,8.4708,28.6368,0.2227960990632619,410.35,43.5,566.2566666666668,895.5366666666667,False,False,False,False,False,True,False,False,False,False,569.75445,33.20555000000002,65.2194,-35.669399999999996,25.20415,-51.334149999999994,569.75445,0.0,High,Zone_006
2026-01-28 00:00:00,7.92,193.7,15.2,58.7,213.53,1070.64,-21,0,1.9,690.66,91.77,36.06,0,28,1,2,0,0.0,1.0,-0.2368381460656183,-0.9715491199976464,1284.17,152.5142517814727,15.048,8.9224,0.1662786079724647,602.96,29.55,581.6100000000001,775.8533333333335,False,False,False,False,False,True,False,False,False,False,569.75445,120.90554999999995,65.2194,26.550600000000003,25.20415,10.855850000000004,569.75445,0.0,Severe,Zone_006
2026-01-28 09:00:00,11.47,232.3,21.0,65.2,262.12,455.94,27,0,3.53,492.32,89.14,90.01,9,28,1,2,0,0.7071067811865476,-0.7071067811865475,-0.79122353296749,-0.6115270401858313,718.06,59.98830409356725,40.4891,13.692,0.3650391332200652,690.66,91.77,567.9900000000001,1040.16,False,False,False,False,False,True,False,False,False,False,569.75445,-77.43445000000003,65.2194,23.920600000000007,25.20415,64.80585,569.75445,0.0,Moderate,Zone_006
2026-01-28 13:00:00,5.01,26.3,25.4,94.9,434.89,993.24,-12,1,1.04,555.72,61.05,1.7,13,28,1,2,0,-0.2588190451025208,-0.9659258262890684,0.4430711908241797,0.8964864303834406,1428.13,259.1887477313975,5.2104,24.1046,0.3045170957825968,492.32,89.14,595.3133333333334,1083.0366666666669,False,False,False,False,False,True,False,False,False,False,569.75445,-14.034449999999993,65.2194,-4.169399999999996,25.20415,-23.50415,569.75445,0.0,Moderate,Zone_006
2026-01-29 14:00:00,4.89,239.0,31.0,80.8,79.63,155.16,-29,1,3.53,483.05,83.97,67.91,14,29,1,3,0,-0.4999999999999997,-0.8660254037844388,-0.8571673007021121,-0.5150380749100545,234.79,43.560296846011134,17.261699999999998,25.048,0.3391541377401081,555.72,61.05,579.5666666666668,1143.4533333333336,False,False,False,False,False,True,False,False,False,False,569.75445,-86.70445000000001,65.2194,18.750600000000006,25.20415,42.70585,569.75445,0.0,Moderate,Zone_006
2026-01-29 15:00:00,2.02,121.8,10.8,42.5,329.98,536.27,20,1,0.76,600.47,101.94,18.96,15,29,1,3,0,-0.7071067811865471,-0.7071067811865479,0.8498926929868639,-0.5269557954966776,866.25,343.75,1.5352,4.590000000000001,0.3809292929292929,483.05,83.97,510.3633333333335,793.6600000000002,False,False,False,False,False,True,False,False,False,False,569.75445,30.715550000000007,65.2194,36.720600000000005,25.20415,-6.244149999999998,569.75445,0.0,High,Zone_006
2026-01-29 19:00:00,7.89,14.2,23.6,46.0,186.85,926.02,27,0,3.89,415.08,21.23,62.98,19,29,1,3,0,-0.9659258262890684,0.2588190451025203,0.2453073858788025,0.9694453498951388,1112.87,132.64243146603096,30.6921,10.856000000000002,0.1678992155417973,600.47,101.94,546.4133333333335,843.0566666666667,False,False,False,False,False,True,False,False,False,False,569.75445,-154.67445000000004,65.2194,-43.98939999999999,25.20415,37.77585,569.75445,0.0,Low,Zone_006
2026-01-30 05:00:00,10.66,226.3,30.6,87.0,362.54,326.19,-29,1,4.01,666.71,114.47,51.0,5,30,1,4,0,0.9659258262890684,0.2588190451025207,-0.7229671459095683,-0.6908824110768582,688.73,61.71415770609319,42.7466,26.622000000000003,0.5263891510461284,415.08,21.23,499.5333333333335,737.9699999999999,False,False,False,False,False,True,False,False,False,False,569.75445,96.95555000000002,65.2194,49.250600000000006,25.20415,25.79585,569.75445,0.0,Severe,Zone_006
2026-01-30 07:00:00,8.36,267.3,19.9,47.3,178.04,596.47,6,1,1.5,590.03,97.17,72.3,7,30,1,4,0,0.9659258262890684,-0.2588190451025206,-0.99888987496197,-0.0471064507096425,774.51,87.41647855530475,12.54,9.4127,0.2298743721837032,666.71,114.47,560.7533333333334,889.2833333333334,False,False,False,False,False,True,False,False,False,False,569.75445,20.275549999999953,65.2194,31.95060000000001,25.20415,47.09585,569.75445,0.0,High,Zone_006
2026-01-30 15:00:00,1.43,100.0,31.2,30.5,118.8,496.13,-4,0,1.25,570.01,46.91,-13.27,15,30,1,4,0,-0.7071067811865471,-0.7071067811865479,0.984807753012208,-0.1736481776669303,614.93,318.6165803108808,1.7875,9.516,0.1931927211227294,590.03,97.17,557.2733333333334,858.7033333333334,False,False,False,False,False,True,False,False,False,False,569.75445,0.2555499999999711,65.2194,-18.309399999999997,25.20415,-38.474149999999995,569.75445,0.0,High,Zone_006
2026-01-31 09:00:00,2.75,142.6,11.2,37.2,450.55,1169.25,13,0,2.7,733.57,25.17,34.93,9,31,1,5,1,0.7071067811865476,-0.7071067811865475,0.607375839723287,-0.7944146205354179,1619.8,498.4,7.425000000000001,4.166399999999999,0.2781516236572416,570.01,46.91,608.9166666666669,692.7233333333334,False,False,False,False,False,True,False,False,False,False,569.75445,163.81555000000003,65.2194,-40.04939999999999,25.20415,9.725850000000001,569.75445,0.0,Severe,Zone_006
2026-01-31 16:00:00,11.45,355.8,26.2,90.1,372.56,1175.69,25,0,2.79,729.93,97.67,40.05,16,31,1,5,1,-0.8660254037844384,-0.5000000000000004,-0.0732381971276318,0.997314477224458,1548.25,129.56066945606696,31.9455,23.6062,0.2406329727111254,733.57,25.17,631.2033333333335,1003.08,False,False,False,False,False,True,False,False,False,False,569.75445,160.17554999999993,65.2194,32.45060000000001,25.20415,14.845849999999999,569.75445,0.0,Severe,Zone_006
2026-02-01 09:00:00,7.04,41.3,24.6,44.9,139.15,464.86,28,1,3.09,447.92,14.39,99.6,9,1,2,6,1,0.7071067811865476,-0.7071067811865475,0.6600016679609367,0.7512641335035112,604.01,80.10742705570291,21.7536,11.0454,0.2303769805135676,729.93,97.67,677.8366666666668,1260.9933333333336,False,False,False,False,False,True,False,False,False,False,569.75445,-121.83445,65.2194,-50.82939999999999,25.20415,74.39585,569.75445,0.0,Low,Zone_006
2026-02-01 11:00:00,9.84,190.6,21.9,76.5,59.13,368.9,-28,0,0.9,552.54,103.46,44.62,11,1,2,6,1,0.258819045102521,-0.9659258262890682,-0.18395135061272,-0.9829353491495544,428.03,41.39555125725338,8.856,16.7535,0.138144522580193,447.92,14.39,637.1400000000002,1257.3533333333337,False,False,False,False,False,True,False,False,False,False,569.75445,-17.214450000000056,65.2194,38.2406,25.20415,19.41585,569.75445,0.0,Moderate,Zone_006
2026-02-01 23:00:00,1.09,358.9,11.6,70.7,397.2,959.89,-13,0,1.46,520.06,117.28,58.89,23,1,2,6,1,-0.2588190451025215,0.965925826289068,-0.0191974423996904,0.9998157121216442,1357.09,853.5157232704402,1.5914,8.2012,0.2926850835243056,552.54,103.46,576.7966666666667,860.0966666666668,False,False,False,False,False,True,False,False,False,False,569.75445,-49.694450000000074,65.2194,52.06060000000001,25.20415,33.68585,569.75445,0.0,Moderate,Zone_006
2026-02-02 10:00:00,3.86,341.6,13.2,77.8,268.42,1189.12,-4,1,1.87,730.98,82.83,33.47,10,2,2,0,0,0.4999999999999999,-0.8660254037844387,-0.3156490369471023,0.9488760116444966,1457.54,334.2981651376147,7.2182,10.2696,0.1841596114000302,520.06,117.28,506.84000000000015,796.3766666666667,False,False,False,False,False,True,False,False,False,False,569.75445,161.22555,65.2194,17.610600000000005,25.20415,8.26585,569.75445,0.0,Severe,Zone_006
2026-02-02 23:00:00,5.64,332.9,13.8,83.0,251.66,484.39,-25,0,3.74,404.02,81.49,-8.15,23,2,2,0,0,-0.2588190451025215,0.965925826289068,-0.4555449072335156,0.8902128046111265,736.05,119.87785016286644,21.0936,11.454,0.3419061205081177,730.98,82.83,601.1933333333335,1080.8866666666668,False,False,False,False,False,True,False,False,False,False,569.75445,-165.73445000000004,65.2194,16.2706,25.20415,-33.35415,569.75445,0.0,Low,Zone_006
2026-02-03 10:00:00,8.87,342.2,29.6,30.4,67.0,532.78,9,0,4.13,490.49,31.04,47.39,10,3,2,1,0,0.4999999999999999,-0.8660254037844387,-0.3056953049631061,0.9521293927421386,599.78,64.01067235859125,36.6331,8.9984,0.1117076261295808,404.02,81.49,551.6866666666668,1183.5600000000002,False,False,False,False,False,True,False,False,False,False,569.75445,-79.26445000000001,65.2194,-34.179399999999994,25.20415,22.185850000000002,569.75445,0.0,Moderate,Zone_006
2026-02-03 22:00:00,9.88,79.8,32.7,92.1,165.73,942.05,-29,1,3.58,522.65,27.79,10.93,22,3,2,1,0,-0.5000000000000004,0.8660254037844384,0.984195607969242,0.1770847403195833,1107.78,106.72254335260116,35.370400000000004,30.1167,0.1496055173409883,490.49,31.04,541.8300000000002,931.1233333333334,False,False,False,False,False,True,False,False,False,False,569.75445,-47.10445000000004,65.2194,-37.429399999999994,25.20415,-14.274149999999999,569.75445,0.0,Moderate,Zone_006
2026-02-04 07:00:00,10.25,329.4,16.4,69.6,444.61,1152.2,19,0,4.09,698.32,117.8,-10.32,7,4,2,2,0,0.9659258262890684,-0.2588190451025206,-0.509041415750372,0.8607420270039432,1596.81,148.54046511627905,41.9225,11.4144,0.2784363825376845,522.65,27.79,472.3866666666668,814.5366666666669,False,False,False,False,False,True,False,False,False,False,569.75445,128.56555000000003,65.2194,52.580600000000004,25.20415,-35.52415,569.75445,0.0,Severe,Zone_006
2026-02-04 12:00:00,6.66,304.4,25.9,34.9,482.11,273.46,-19,0,0.49,458.53,19.16,23.52,12,4,2,2,0,1.2246467991473532e-16,-1.0,-0.8251134982782953,0.5649670034249378,755.5699999999999,105.52653631284916,3.2634,9.0391,0.6380745662215281,698.32,117.8,570.4866666666668,1101.4566666666667,False,False,False,False,False,True,False,False,False,False,569.75445,-111.22445000000005,65.2194,-46.0594,25.20415,-1.684149999999999,569.75445,0.0,Low,Zone_006
2026-02-04 17:00:00,4.2,261.8,25.4,76.8,469.07,1184.99,-10,0,3.51,461.52,53.99,6.15,17,4,2,2,0,-0.9659258262890684,-0.2588190451025206,-0.9897762309077888,-0.1426289337055118,1654.06,351.92765957446807,14.742,19.5072,0.283587052464844,458.53,19.16,559.8333333333335,1153.3866666666663,False,False,False,False,False,True,False,False,False,False,569.75445,-108.23445000000004,65.2194,-11.229399999999991,25.20415,-19.05415,569.75445,0.0,Low,Zone_006
2026-02-04 19:00:00,10.37,56.0,32.4,55.7,478.86,764.48,21,1,0.0,443.14,40.89,56.13,19,4,2,2,0,-0.9659258262890684,0.2588190451025203,0.8290375725550417,0.5591929034707468,1243.34,114.38270469181236,0.0,18.0468,0.3851400260588414,461.52,53.99,539.4566666666668,1335.4800000000002,False,False,False,False,False,True,False,False,False,False,569.75445,-126.61445000000003,65.2194,-24.329399999999993,25.20415,30.925850000000004,569.75445,0.0,Low,Zone_006
2026-02-04 20:00:00,8.17,81.2,22.4,51.0,366.25,159.99,23,0,0.81,571.96,78.68,72.05,20,4,2,2,0,-0.8660254037844386,0.5000000000000001,0.9882283814465528,0.1529858362840381,526.24,60.6966551326413,6.6177,11.424,0.6959752204317422,443.14,40.89,454.3966666666668,1217.6566666666668,False,False,False,False,False,True,False,False,False,False,569.75445,2.2055500000000166,65.2194,13.460600000000014,25.20415,46.84585,569.75445,0.0,High,Zone_006
2026-02-05 09:00:00,7.41,3.3,12.7,84.9,377.74,444.75,-7,0,0.21,557.46,100.81,-37.33,9,5,2,3,0,0.7071067811865476,-0.7071067811865475,0.0575640269595672,0.9983418166140284,822.49,103.9810366624526,1.5561,10.7823,0.4592639424187528,571.96,78.68,492.2066666666668,1141.2133333333336,False,False,False,False,False,True,False,False,False,False,569.75445,-12.294449999999983,65.2194,35.59060000000001,25.20415,-62.53415,569.75445,0.0,Moderate,Zone_006
2026-02-05 13:00:00,11.65,319.8,31.4,80.3,164.58,893.25,-19,1,3.98,579.76,72.29,-47.68,13,5,2,3,0,-0.2588190451025208,-0.9659258262890684,-0.6454576877239506,0.7637960286346421,1057.83,87.06419753086419,46.367,25.214199999999995,0.1555826550579961,557.46,100.81,524.1866666666668,864.0233333333335,False,False,False,False,False,True,False,False,False,False,569.75445,10.005549999999971,65.2194,7.070600000000013,25.20415,-72.88415,569.75445,0.0,High,Zone_006
2026-02-05 14:00:00,8.87,165.6,18.7,32.2,465.87,380.75,16,1,0.96,631.7,24.14,-32.73,14,5,2,3,0,-0.4999999999999997,-0.8660254037844388,0.2486898871648548,-0.9685831611286312,846.62,90.35432230522946,8.515199999999998,6.0214,0.5502704873496964,579.76,72.29,569.7266666666669,802.1866666666668,False,False,False,False,False,True,False,False,False,False,569.75445,61.945550000000026,65.2194,-41.07939999999999,25.20415,-57.934149999999995,569.75445,0.0,High,Zone_006
2026-02-05 17:00:00,7.3,289.8,16.7,52.5,363.04,568.77,-22,0,1.87,678.7,80.18,19.8,17,5,2,3,0,-0.9659258262890684,-0.2588190451025206,-0.9408807689542252,0.3387379202452918,931.81,119.46282051282051,13.651,8.7675,0.3896073233813761,631.7,24.14,589.6400000000002,908.98,False,False,False,False,False,True,False,False,False,False,569.75445,108.94555000000003,65.2194,14.960600000000014,25.20415,-5.404149999999998,569.75445,0.0,Severe,Zone_006
2026-02-06 01:00:00,6.47,159.1,13.5,92.0,125.08,1047.24,-27,0,4.63,410.01,90.99,1.26,1,6,2,4,0,0.2588190451025207,0.9659258262890684,0.3567379993196252,-0.9342044743210296,1172.32,168.1951219512195,29.9561,12.42,0.1066944179063736,678.7,80.18,630.0533333333336,945.42,False,False,False,False,False,True,False,False,False,False,569.75445,-159.74445000000003,65.2194,25.7706,25.20415,-23.944149999999997,569.75445,0.0,Low,Zone_006
2026-02-06 03:00:00,9.76,187.9,14.4,91.5,110.02,247.9,30,1,3.01,550.76,65.42,53.08,3,6,2,4,0,0.7071067811865475,0.7071067811865476,-0.1374445460371468,-0.9905094632383088,357.92,34.88499025341131,29.3776,13.176000000000002,0.3073871256146624,410.01,90.99,573.4700000000001,983.5833333333336,False,False,False,False,False,True,False,False,False,False,569.75445,-18.99445000000003,65.2194,0.20060000000000855,25.20415,27.87585,569.75445,0.0,Moderate,Zone_006
2026-02-06 12:00:00,11.23,86.5,25.8,84.1,389.74,956.46,14,0,1.57,700.66,114.71,43.77,12,6,2,4,0,1.2246467991473532e-16,-1.0,0.9981347984218668,0.0610485395348569,1346.2,114.76555839727196,17.6311,21.6978,0.2895112167582825,550.76,65.42,546.4900000000002,820.6833333333335,False,False,False,False,False,True,False,False,False,False,569.75445,130.90554999999995,65.2194,49.4906,25.20415,18.565850000000005,569.75445,0.0,Severe,Zone_006
2026-02-06 17:00:00,0.92,128.2,10.4,52.1,90.99,957.01,12,0,0.07,707.37,33.63,64.29,17,6,2,4,0,-0.9659258262890684,-0.2588190451025206,0.7858568931754021,-0.618408395357554,1048.0,738.0281690140846,0.0644,5.4184,0.0868225190839694,700.66,114.71,553.8100000000001,958.8133333333336,False,False,False,False,False,True,False,False,False,False,569.75445,137.61554999999998,65.2194,-31.58939999999999,25.20415,39.08585000000001,569.75445,0.0,Severe,Zone_006
2026-02-07 10:00:00,10.13,266.2,15.3,39.4,221.73,932.25,-21,1,1.89,710.45,39.89,21.13,10,7,2,5,1,0.4999999999999999,-0.8660254037844387,-0.99780146829205,-0.0662739004000006,1153.98,108.5587958607714,19.1457,6.028200000000001,0.1921437113294857,707.37,33.63,652.9300000000002,917.3733333333336,False,False,False,False,False,True,False,False,False,False,569.75445,140.69555000000003,65.2194,-25.329399999999993,25.20415,-4.0741499999999995,569.75445,0.0,Severe,Zone_006
2026-02-08 00:00:00,10.21,42.3,12.1,62.4,365.08,865.02,-4,0,2.14,673.51,97.88,13.63,0,8,2,6,1,0.0,1.0,0.6730125135097733,0.7396310949786098,1230.1,114.85527544351072,21.849400000000003,7.5504,0.2967888789529306,710.45,39.89,706.1600000000002,1182.7266666666667,False,False,False,False,False,True,False,False,False,False,569.75445,103.75554999999997,65.2194,32.6606,25.20415,-11.574149999999998,569.75445,0.0,Severe,Zone_006
2026-02-08 20:00:00,5.74,71.9,28.3,74.7,467.7,189.87,-23,0,1.93,605.8,72.4,32.37,20,8,2,6,1,-0.8660254037844386,0.5000000000000001,0.9505157316277836,0.3106764296307317,657.5699999999999,105.37980769230768,11.0782,21.140100000000004,0.7112550755052695,673.51,97.88,697.1100000000002,1144.0266666666669,False,False,False,False,False,True,False,False,False,False,569.75445,36.045549999999935,65.2194,7.1806000000000125,25.20415,7.165849999999999,569.75445,0.0,High,Zone_006
2026-02-09 11:00:00,6.42,49.8,25.2,75.2,179.67,131.74,-3,1,2.53,496.46,18.67,62.52,11,9,2,0,0,0.258819045102521,-0.9659258262890682,0.7637960286346421,0.6454576877239506,311.41,45.0014450867052,16.2426,18.9504,0.5769564240069363,605.8,72.4,663.2533333333334,1013.8833333333336,False,False,False,False,False,True,False,False,False,False,569.75445,-73.29445000000004,65.2194,-46.54939999999999,25.20415,37.315850000000005,569.75445,0.0,Moderate,Zone_006
2026-02-09 12:00:00,1.65,239.7,34.3,36.9,195.79,170.62,14,0,3.25,642.73,108.66,30.21,12,9,2,0,0,1.2246467991473532e-16,-1.0,-0.8633955506067716,-0.5045276238150194,366.41,170.4232558139535,5.3625,12.6567,0.5343467700117355,496.46,18.67,591.9233333333335,733.0266666666668,False,False,False,False,False,True,False,False,False,False,569.75445,72.97555,65.2194,43.4406,25.20415,5.005850000000002,569.75445,0.0,High,Zone_006
2026-02-09 23:00:00,9.31,322.1,19.3,38.6,397.17,1191.12,-13,0,0.32,626.73,101.8,19.56,23,9,2,0,0,-0.2588190451025215,0.965925826289068,-0.6142852000989432,0.7890840848346907,1588.29,161.9051987767584,2.9792,7.4498,0.2500613867744555,642.73,108.66,581.6633333333335,445.1300000000001,False,False,False,False,False,True,False,False,False,False,569.75445,56.97555,65.2194,36.580600000000004,25.20415,-5.64415,569.75445,0.0,High,Zone_006
2026-02-10 06:00:00,4.06,32.0,23.4,48.7,60.04,534.07,-7,1,2.95,410.26,25.18,73.87,6,10,2,1,0,1.0,6.123233995736766e-17,0.5299192642332049,0.848048096156426,594.11,130.2872807017544,11.977,11.3958,0.1010587264984598,626.73,101.8,588.6400000000002,755.3700000000002,False,False,False,False,False,True,False,False,False,False,569.75445,-159.49445000000003,65.2194,-40.03939999999999,25.20415,48.665850000000006,569.75445,0.0,Low,Zone_006
2026-02-10 12:00:00,2.62,90.4,27.8,91.4,474.37,909.58,-16,0,1.55,436.62,48.43,93.95,12,10,2,1,0,1.2246467991473532e-16,-1.0,0.9999756307053947,-0.0069812602979617,1383.95,443.573717948718,4.061,25.4092,0.3427652733118971,410.26,25.18,559.9066666666669,849.6033333333335,False,False,False,False,False,True,False,False,False,False,569.75445,-133.13445000000002,65.2194,-16.789399999999993,25.20415,68.74585,569.75445,0.0,Low,Zone_006
2026-02-10 13:00:00,9.2,115.4,19.6,42.7,130.84,108.63,26,0,0.35,642.71,111.96,34.66,13,10,2,1,0,-0.2588190451025208,-0.9659258262890684,0.9033352928633008,-0.4289351334031457,239.47,24.687628865979384,3.22,8.369200000000001,0.546373240907003,436.62,48.43,491.2033333333336,1188.7833333333335,False,False,False,False,False,True,False,False,False,False,569.75445,72.95555000000002,65.2194,46.7406,25.20415,9.455849999999998,569.75445,0.0,High,Zone_006
2026-02-11 07:00:00,9.89,309.1,17.2,67.7,299.53,928.52,21,1,0.62,511.31,16.57,-34.63,7,11,2,2,0,0.9659258262890684,-0.2588190451025206,-0.7760464070665459,0.6306758074312863,1228.05,118.19538017324348,6.1318,11.6444,0.2439070070436871,642.71,111.96,496.5300000000002,739.1766666666668,False,False,False,False,False,True,False,False,False,False,569.75445,-58.44445000000002,65.2194,-48.64939999999999,25.20415,-59.83415,569.75445,0.0,Moderate,Zone_006
2026-02-11 08:00:00,10.68,228.2,15.9,91.6,320.1,423.78,12,0,0.75,410.91,89.83,-7.69,8,11,2,2,0,0.8660254037844387,-0.4999999999999998,-0.7454759996828622,-0.6665324702494525,743.88,66.53667262969589,8.01,14.5644,0.4303113405387966,511.31,16.57,530.2133333333335,950.49,False,False,False,False,False,True,False,False,False,False,569.75445,-158.84445,65.2194,24.610600000000005,25.20415,-32.894149999999996,569.75445,0.0,Low,Zone_006
2026-02-12 04:00:00,8.99,238.3,26.9,45.0,425.86,265.87,16,0,4.63,415.75,42.85,12.69,4,12,2,3,0,0.8660254037844386,0.5000000000000001,-0.8508111094240515,-0.5254716510722673,691.73,72.89041095890411,41.6237,12.105,0.6156448325213595,410.91,89.83,521.6433333333334,737.1333333333336,False,False,False,False,False,True,False,False,False,False,569.75445,-154.00445000000002,65.2194,-22.36939999999999,25.20415,-12.514149999999999,569.75445,0.0,Low,Zone_006
2026-02-12 08:00:00,4.0,205.6,14.8,80.7,152.22,637.07,-22,0,0.01,572.87,25.26,-48.7,8,12,2,3,0,0.8660254037844387,-0.4999999999999998,-0.4320857488019823,-0.9018325264051138,789.2900000000001,175.3977777777778,0.04,11.943600000000002,0.1928568713654043,415.75,42.85,445.9900000000002,887.8866666666669,False,False,False,False,False,True,False,False,False,False,569.75445,3.1155499999999847,65.2194,-39.95939999999999,25.20415,-73.90415,569.75445,0.0,High,Zone_006
2026-02-12 15:00:00,5.5,196.2,11.5,59.3,152.75,976.98,21,0,3.09,609.22,57.61,47.11,15,12,2,3,0,-0.7071067811865471,-0.7071067811865479,-0.2789911060392289,-0.9602936856769432,1129.73,188.28833333333333,16.994999999999997,6.8195,0.1352092977968187,572.87,25.26,466.5100000000002,741.6333333333336,False,False,False,False,False,True,False,False,False,False,569.75445,39.46555000000001,65.2194,-7.609399999999994,25.20415,21.90585,569.75445,0.0,High,Zone_006
2026-02-12 19:00:00,3.02,83.5,29.0,85.9,369.67,284.38,1,1,4.77,643.81,32.95,-31.49,19,12,2,3,0,-0.9659258262890684,0.2588190451025203,0.9935718556765876,0.1132032137679068,654.05,185.8096590909091,14.405399999999998,24.911000000000005,0.565201437198991,609.22,57.61,532.6133333333336,870.2500000000003,False,False,False,False,False,True,False,False,False,False,569.75445,74.05554999999993,65.2194,-32.26939999999999,25.20415,-56.69414999999999,569.75445,0.0,High,Zone_006
2026-02-13 13:00:00,7.37,290.6,23.1,38.2,248.06,436.67,-17,0,2.36,587.85,38.1,56.57,13,13,2,4,0,-0.2588190451025208,-0.9659258262890684,-0.936059535738973,0.3518416484047023,684.73,87.00508259212198,17.3932,8.824200000000001,0.362274181064069,643.81,32.95,608.6333333333336,857.6900000000002,False,False,False,False,False,True,False,False,False,False,569.75445,18.095550000000003,65.2194,-27.11939999999999,25.20415,31.365850000000002,569.75445,0.0,High,Zone_006
2026-02-13 20:00:00,8.45,339.8,27.6,74.6,288.1,356.36,4,1,0.61,506.66,55.05,57.49,20,13,2,4,0,-0.8660254037844386,0.5000000000000001,-0.3452981989985342,0.938493022759556,644.46,72.00670391061453,5.1545,20.5896,0.4470409334947087,587.85,38.1,613.6266666666669,822.8366666666669,False,False,False,False,False,True,False,False,False,False,569.75445,-63.094449999999995,65.2194,-10.169399999999996,25.20415,32.28585,569.75445,0.0,Moderate,Zone_006
2026-02-14 01:00:00,5.34,40.8,26.9,32.1,443.41,740.99,23,0,4.81,636.0,15.93,84.67,1,14,2,5,1,0.2588190451025207,0.9659258262890684,0.6534206039901054,0.7569950556517564,1184.4,202.80821917808225,25.6854,8.6349,0.3743752110773387,506.66,55.05,579.4400000000002,661.0800000000003,False,False,False,False,False,True,False,False,False,False,569.75445,66.24554999999998,65.2194,-49.28939999999999,25.20415,59.46585,569.75445,0.0,High,Zone_006
2026-02-14 06:00:00,9.67,244.5,15.4,81.5,263.47,200.44,-1,1,4.42,618.69,115.59,-9.89,6,14,2,5,1,1.0,6.123233995736766e-17,-0.9025852843498606,-0.4305110968082951,463.91,45.61553588987218,42.7414,12.551000000000002,0.5679334353646182,636.0,15.93,576.8366666666669,837.8633333333337,False,False,False,False,False,True,False,False,False,False,569.75445,48.935550000000035,65.2194,50.37060000000001,25.20415,-35.09415,569.75445,0.0,High,Zone_006
2026-02-14 17:00:00,6.82,206.0,34.5,94.5,219.58,1062.03,-24,0,2.12,678.02,59.1,81.43,17,14,2,5,1,-0.9659258262890684,-0.2588190451025206,-0.4383711467890774,-0.8987940462991669,1281.61,175.08333333333331,14.4584,32.6025,0.1713313722583313,618.69,115.59,587.1166666666669,764.256666666667,False,False,False,False,False,True,False,False,False,False,569.75445,108.26554999999996,65.2194,-6.119399999999992,25.20415,56.22585000000001,569.75445,0.0,Severe,Zone_006
2026-02-14 18:00:00,5.3,359.7,25.3,42.8,453.11,334.68,1,1,1.21,525.61,71.77,-49.86,18,14,2,5,1,-1.0,-1.8369701987210294e-16,-0.0052359638314194,0.9999862922474267,787.79,135.8258620689655,6.412999999999999,10.828399999999998,0.57516597062669,678.02,59.1,644.2366666666668,976.6400000000004,False,False,False,False,False,True,False,False,False,False,569.75445,-44.144450000000006,65.2194,6.550600000000003,25.20415,-75.06415,569.75445,0.0,Moderate,Zone_006
2026-02-15 11:00:00,3.12,103.4,28.6,60.2,185.01,561.33,-30,0,2.56,639.54,114.7,-15.68,11,15,2,6,1,0.258819045102521,-0.9659258262890682,0.9727758782093966,-0.2317479034941573,746.34,206.17127071823205,7.9872,17.217200000000002,0.2478897017445132,525.61,71.77,607.4400000000002,844.4366666666668,False,False,False,False,False,True,False,False,False,False,569.75445,69.78554999999994,65.2194,49.48060000000001,25.20415,-40.88415,569.75445,0.0,High,Zone_006
2026-02-15 14:00:00,11.31,356.1,20.0,55.9,417.54,938.55,11,0,0.52,467.59,107.99,96.3,14,15,2,6,1,-0.4999999999999997,-0.8660254037844388,-0.0680152906652477,0.9976842788356052,1356.09,114.82557154953427,5.881200000000001,11.18,0.3078999181470256,639.54,114.7,614.3900000000002,938.5800000000004,False,False,False,False,False,True,False,False,False,False,569.75445,-102.16445000000004,65.2194,42.7706,25.20415,71.09585,569.75445,0.0,Low,Zone_006
2026-02-16 15:00:00,10.77,167.2,15.4,73.9,102.22,158.11,-1,0,2.18,522.19,88.71,-46.66,15,16,2,0,0,-0.7071067811865471,-0.7071067811865479,0.2215484976194677,-0.9751493543055632,260.33000000000004,23.099378881987583,23.4786,11.3806,0.3926554757423269,467.59,107.99,544.2466666666668,963.4066666666668,False,False,False,False,False,True,False,False,False,False,569.75445,-47.564449999999965,65.2194,23.4906,25.20415,-71.86415,569.75445,0.0,Moderate,Zone_006
2026-02-17 05:00:00,11.53,335.7,28.7,59.9,254.73,1157.57,12,1,0.22,470.18,95.76,26.61,5,17,2,1,0,0.9659258262890684,0.2588190451025207,-0.4115143586051092,0.9114032766354452,1412.3,117.39817123857024,2.5366,17.1913,0.1803653614671103,522.19,88.71,543.1066666666669,787.5866666666669,False,False,False,False,False,True,False,False,False,False,569.75445,-99.57445000000001,65.2194,30.540600000000012,25.20415,1.405850000000001,569.75445,0.0,Low,Zone_006
2026-02-18 07:00:00,2.36,30.7,21.7,76.2,442.23,264.6,-4,1,3.24,468.18,31.09,9.67,7,18,2,2,0,0.9659258262890684,-0.2588190451025206,0.5105429179116057,0.8598522715968735,706.83,247.14335664335667,7.6464,16.5354,0.6256525614362718,470.18,95.76,486.6533333333335,1009.5733333333336,False,False,False,False,False,True,False,False,False,False,569.75445,-101.57445000000001,65.2194,-34.12939999999999,25.20415,-15.534149999999999,569.75445,0.0,Low,Zone_006
2026-02-18 14:00:00,8.93,81.6,30.8,72.0,226.74,347.56,13,0,4.77,552.53,56.75,-0.61,14,18,2,2,0,-0.4999999999999997,-0.8660254037844388,0.9892723329629884,0.1460830285624116,574.3,60.90137857900318,42.59609999999999,22.176,0.3948110743513843,468.18,31.09,486.8500000000002,793.1533333333336,False,False,False,False,False,True,False,False,False,False,569.75445,-17.224450000000047,65.2194,-8.469399999999993,25.20415,-25.814149999999998,569.75445,0.0,Moderate,Zone_006
2026-02-19 06:00:00,7.53,141.4,21.2,57.8,238.85,474.12,-29,0,4.46,406.17,87.1,-0.13,6,19,2,3,0,1.0,6.123233995736766e-17,0.6238795967093861,-0.7815204724188188,712.97,88.78829389788292,33.583800000000004,12.2536,0.3350070830469725,552.53,56.75,496.9633333333336,897.8100000000004,False,False,False,False,False,True,False,False,False,False,569.75445,-163.58445,65.2194,21.8806,25.20415,-25.334149999999998,569.75445,0.0,Low,Zone_006
2026-02-19 07:00:00,4.77,64.7,29.7,42.8,491.62,296.58,3,0,4.71,555.99,57.43,44.61,7,19,2,3,0,0.9659258262890684,-0.2588190451025206,0.9040825496607784,0.4273578633871923,788.2,149.56356736242887,22.4667,12.7116,0.6237249429078914,406.17,87.1,475.6266666666669,664.7000000000003,False,False,False,False,False,True,False,False,False,False,569.75445,-13.76445000000001,65.2194,-7.789399999999993,25.20415,19.40585,569.75445,0.0,Moderate,Zone_006
2026-02-19 14:00:00,6.07,308.1,24.5,68.9,462.89,1154.18,-19,0,2.26,707.79,87.72,-23.23,14,19,2,3,0,-0.4999999999999997,-0.8660254037844388,-0.7869350219613372,0.6170358751407488,1617.0700000000002,246.12937595129375,13.7182,16.8805,0.2862522958189812,555.99,57.43,504.8966666666668,691.8233333333337,False,False,False,False,False,True,False,False,False,False,569.75445,138.03554999999994,65.2194,22.500600000000006,25.20415,-48.43415,569.75445,0.0,Severe,Zone_006
2026-02-19 20:00:00,3.08,276.2,22.9,57.5,241.44,930.66,22,0,3.74,636.69,63.84,37.59,20,19,2,3,0,-0.8660254037844386,0.5000000000000001,-0.9941509639723156,0.1079993557060221,1172.1,327.40223463687147,11.5192,13.1675,0.2059892500639877,707.79,87.72,556.6500000000002,1039.4133333333336,False,False,False,False,False,True,False,False,False,False,569.75445,66.93555000000003,65.2194,-1.3793999999999897,25.20415,12.385850000000005,569.75445,0.0,High,Zone_006
2026-02-20 01:00:00,6.38,335.4,22.3,73.8,266.65,192.35,29,0,2.34,606.44,10.44,79.63,1,20,2,4,0,0.2588190451025207,0.9659258262890684,-0.4162807922604013,0.9092361090470684,459.0,66.71511627906978,14.929199999999998,16.4574,0.5809368191721133,636.69,63.84,633.4900000000002,1192.4566666666672,False,False,False,False,False,True,False,False,False,False,569.75445,36.685550000000035,65.2194,-54.779399999999995,25.20415,54.42585,569.75445,0.0,High,Zone_006
2026-02-20 06:00:00,2.1,165.8,25.2,76.6,54.93,825.92,-15,1,2.56,598.72,41.91,11.83,6,20,2,4,0,1.0,6.123233995736766e-17,0.2453073858788023,-0.969445349895139,880.8499999999999,338.7884615384615,5.376,19.3032,0.0623602202418118,606.44,10.44,650.3066666666668,1082.7233333333336,False,False,False,False,False,True,False,False,False,False,569.75445,28.965550000000007,65.2194,-23.309399999999997,25.20415,-13.374149999999998,569.75445,0.0,High,Zone_006
2026-02-20 09:00:00,7.21,138.1,27.9,76.7,325.44,1176.3,10,0,4.78,678.05,15.14,80.14,9,20,2,4,0,0.7071067811865476,-0.7071067811865475,0.6678325554710469,-0.7443115462311538,1501.74,194.77821011673151,34.4638,21.3993,0.2167086180031164,598.72,41.91,613.9500000000003,837.316666666667,False,False,False,False,False,True,False,False,False,False,569.75445,108.29554999999993,65.2194,-50.07939999999999,25.20415,54.93585,569.75445,0.0,Severe,Zone_006
2026-02-20 21:00:00,10.8,18.8,15.2,55.4,315.61,755.85,1,1,1.85,553.67,79.11,79.3,21,20,2,4,0,-0.7071067811865477,0.7071067811865474,0.3222656952305111,0.9466492601156964,1071.46,94.81946902654867,19.980000000000004,8.4208,0.294560692886342,678.05,15.14,627.7366666666668,947.196666666667,False,False,False,False,False,True,False,False,False,False,569.75445,-16.08445000000006,65.2194,13.890600000000006,25.20415,54.09585,569.75445,0.0,Moderate,Zone_006
2026-02-21 11:00:00,4.19,148.3,13.7,58.2,288.61,657.11,15,0,2.57,630.61,83.35,11.42,11,21,2,5,1,0.258819045102521,-0.9659258262890682,0.5254716510722677,-0.8508111094240512,945.72,201.64605543710024,10.7683,7.973400000000001,0.3051748932030622,553.67,79.11,610.1466666666669,1151.3500000000004,False,False,False,False,False,True,False,False,False,False,569.75445,60.855549999999994,65.2194,18.1306,25.20415,-13.784149999999999,569.75445,0.0,High,Zone_006
2026-02-21 15:00:00,5.23,203.7,10.3,69.9,288.54,1133.43,24,1,1.87,527.09,76.14,12.11,15,21,2,5,1,-0.7071067811865471,-0.7071067811865479,-0.40194777665596,-0.9156625933395612,1421.97,248.16230366492144,9.7801,7.199700000000002,0.2029156733264415,630.61,83.35,620.7766666666668,1172.9733333333336,False,False,False,False,False,True,False,False,False,False,569.75445,-42.66444999999999,65.2194,10.920600000000007,25.20415,-13.094149999999999,569.75445,0.0,Moderate,Zone_006
2026-02-21 16:00:00,5.61,221.6,13.3,64.6,424.1,571.42,5,0,2.93,468.01,101.22,63.93,16,21,2,5,1,-0.8660254037844384,-0.5000000000000004,-0.6639262126522416,-0.7477980904985319,995.52,162.9328968903437,16.4373,8.5918,0.4260085181613629,527.09,76.14,570.4566666666668,1146.3833333333337,False,False,False,False,False,True,False,False,False,False,569.75445,-101.74445000000003,65.2194,36.000600000000006,25.20415,38.72585,569.75445,0.0,Low,Zone_006
2026-02-22 23:00:00,3.0,129.5,13.5,52.7,95.31,877.36,27,1,3.97,523.76,37.62,-24.07,23,22,2,6,1,-0.2588190451025215,0.965925826289068,0.7716245833877199,-0.6360782202777641,972.67,277.9057142857143,11.91,7.1145000000000005,0.0979880123782989,468.01,101.22,541.9033333333335,1121.0700000000004,False,False,False,False,False,True,False,False,False,False,569.75445,-45.99445000000003,65.2194,-27.599399999999996,25.20415,-49.27415,569.75445,0.0,Moderate,Zone_006
2026-02-23 16:00:00,1.2,21.8,21.1,92.2,499.35,996.51,10,1,1.21,701.85,64.32,98.65,16,23,2,0,0,-0.8660254037844384,-0.5000000000000004,0.3713678355502348,0.9284858268809136,1495.86,879.9176470588236,1.452,19.454200000000004,0.3338213469174922,523.76,37.62,506.28666666666686,1130.0533333333335,False,False,False,False,False,True,False,False,False,False,569.75445,132.09555,65.2194,-0.8994,25.20415,73.44585000000001,569.75445,0.0,Severe,Zone_006
2026-02-23 17:00:00,8.57,148.8,14.3,33.9,244.88,455.51,2,0,4.86,567.79,44.21,-24.11,17,23,2,0,0,-0.9659258262890684,-0.2588190451025206,0.5180270093731302,-0.8553642601605066,700.39,77.2205071664829,41.650200000000005,4.8477,0.3496337754679535,701.85,64.32,564.5400000000002,1154.6833333333336,False,False,False,False,False,True,False,False,False,False,569.75445,-1.9644500000000562,65.2194,-21.009399999999992,25.20415,-49.31415,569.75445,0.0,Moderate,Zone_006
2026-02-24 07:00:00,8.12,169.5,22.8,49.1,230.41,106.74,25,0,1.03,460.34,45.47,55.41,7,24,2,1,0,0.9659258262890684,-0.2588190451025206,0.1822355254921477,-0.9832549075639544,337.15,39.11252900232019,8.3636,11.1948,0.6834050126056652,567.79,44.21,597.8000000000002,1056.306666666667,False,False,False,False,False,True,False,False,False,False,569.75445,-109.41445000000004,65.2194,-19.749399999999994,25.20415,30.205849999999998,569.75445,0.0,Low,Zone_006
2026-02-25 14:00:00,1.81,128.3,21.4,36.6,369.2,555.7,29,1,0.33,586.08,92.17,-30.67,14,25,2,2,0,-0.4999999999999997,-0.8660254037844388,0.7847763705330829,-0.6197790317951402,924.9,400.3896103896104,0.5973,7.8324,0.3991782895448156,460.34,45.47,576.6600000000002,844.466666666667,False,False,False,False,False,True,False,False,False,False,569.75445,16.32555000000002,65.2194,26.95060000000001,25.20415,-55.87415,569.75445,0.0,High,Zone_006
2026-02-27 10:00:00,3.53,243.8,26.4,67.9,441.4,313.76,-2,0,3.84,410.6,74.82,53.23,10,27,2,4,0,0.4999999999999999,-0.8660254037844387,-0.8972583696743284,-0.4415058527917453,755.16,187.38461538461544,13.5552,17.9256,0.584511891519678,586.08,92.17,538.0700000000003,654.146666666667,False,False,False,False,False,True,False,False,False,False,569.75445,-159.15445,65.2194,9.6006,25.20415,28.02585,569.75445,0.0,Low,Zone_006
2026-02-27 21:00:00,7.93,26.8,16.7,49.7,179.0,698.66,-12,0,0.59,731.57,73.69,-23.61,21,27,2,4,0,-0.7071067811865477,0.7071067811865474,0.4508775406894307,0.8925858184521255,877.66,104.11150652431792,4.678699999999999,8.299900000000001,0.20395141626598,410.6,74.82,485.6733333333335,672.4033333333336,False,False,False,False,False,True,False,False,False,False,569.75445,161.81555000000003,65.2194,8.470600000000005,25.20415,-48.81415,569.75445,0.0,Severe,Zone_006
2026-02-28 09:00:00,1.13,6.6,21.8,69.8,348.7,104.51,-27,1,2.79,453.72,102.49,-36.82,9,28,2,5,1,0.7071067811865476,-0.7071067811865475,0.1149371504928666,0.9933727656003964,453.21,278.04294478527606,3.1527,15.2164,0.769400498665078,731.57,73.69,576.0833333333336,852.5733333333337,False,False,False,False,False,True,False,False,False,False,569.75445,-116.03444999999999,65.2194,37.2706,25.20415,-62.02415,569.75445,0.0,Low,Zone_006
2026-02-28 12:00:00,11.18,111.5,22.8,79.2,403.0,864.46,-10,1,2.83,622.51,103.26,12.52,12,28,2,5,1,1.2246467991473532e-16,-1.0,0.9304175679820246,-0.3665012267242972,1267.46,108.51541095890413,31.6394,18.0576,0.3179587521499692,453.72,102.49,531.9633333333336,695.3433333333336,False,False,False,False,False,True,False,False,False,False,569.75445,52.75554999999997,65.2194,38.04060000000001,25.20415,-12.684149999999999,569.75445,0.0,High,Zone_006
2026-03-01 04:00:00,0.96,94.2,21.3,75.7,219.9,883.84,17,0,4.36,496.52,39.69,-48.04,4,1,3,6,1,0.8660254037844386,0.5000000000000001,0.997314477224458,-0.0732381971276317,1103.74,755.986301369863,4.1856,16.124100000000002,0.199231703118488,622.51,103.26,602.6000000000003,866.1100000000002,False,False,False,False,False,True,False,False,False,False,569.75445,-73.23445000000004,65.2194,-25.529399999999995,25.20415,-73.24414999999999,569.75445,0.0,Moderate,Zone_006
2026-03-02 01:00:00,10.2,173.5,25.1,83.4,82.12,124.58,-6,0,4.1,428.83,29.9,-30.71,1,2,3,0,0,0.2588190451025207,0.9659258262890684,0.1132032137679068,-0.9935718556765876,206.7,19.317757009345797,41.81999999999999,20.9334,0.3972907595549105,496.52,39.69,524.2500000000002,941.4700000000004,False,False,False,False,False,True,False,False,False,False,569.75445,-140.92445000000004,65.2194,-35.319399999999995,25.20415,-55.91415,569.75445,0.0,Low,Zone_006
2026-03-02 06:00:00,9.2,101.8,26.9,94.6,468.03,835.09,-18,0,2.58,555.44,19.46,63.91,6,2,3,0,0,1.0,6.123233995736766e-17,0.978867388761685,-0.2044960518417903,1303.12,134.3422680412371,23.736,25.4474,0.3591610903063417,428.83,29.9,515.9533333333335,859.3000000000003,False,False,False,False,False,True,False,False,False,False,569.75445,-14.314449999999965,65.2194,-45.75939999999999,25.20415,38.70585,569.75445,0.0,Moderate,Zone_006
2026-03-02 20:00:00,7.36,336.1,23.4,70.6,171.3,223.5,-24,1,1.18,433.04,54.24,79.27,20,2,3,0,0,-0.8660254037844386,0.5000000000000001,-0.4051415867798625,0.9142539552342636,394.8,50.22900763358778,8.6848,16.5204,0.4338905775075988,555.44,19.46,493.59666666666686,871.186666666667,False,False,False,False,False,True,False,False,False,False,569.75445,-136.71445,65.2194,-10.979399999999991,25.20415,54.06585,569.75445,0.0,Low,Zone_006
2026-03-03 06:00:00,1.95,97.3,19.3,81.7,450.36,365.61,-4,1,2.24,562.66,21.53,12.41,6,3,3,1,0,1.0,6.123233995736766e-17,0.9918944425900296,-0.1270646086013505,815.97,333.0489795918367,4.368,15.768100000000002,0.5519320563256002,433.04,54.24,472.4366666666669,634.8733333333336,False,False,False,False,False,True,False,False,False,False,569.75445,-7.094450000000052,65.2194,-43.68939999999999,25.20415,-12.794149999999998,569.75445,0.0,Moderate,Zone_006
2026-03-04 05:00:00,2.41,277.4,27.7,57.8,327.6,561.12,-19,1,3.49,700.98,86.05,-5.83,5,4,3,2,0,0.9659258262890684,0.2588190451025207,-0.9916711623830904,0.1287955965775625,888.72,305.40206185567007,8.410900000000002,16.0106,0.3686200378071834,562.66,21.53,517.046666666667,837.9633333333336,False,False,False,False,False,True,False,False,False,False,569.75445,131.22555,65.2194,20.830600000000004,25.20415,-31.034149999999997,569.75445,0.0,Severe,Zone_006
2026-01-01 00:00:00,2.03,51.9,15.7,51.9,338.02,1142.36,30,1,3.05,617.6,41.37,-30.11,0,1,1,3,0,0.0,1.0,0.7869350219613372,0.6170358751407488,1480.38,585.1304347826087,6.191499999999999,8.148299999999999,0.2283332657831097,554.7111643835617,64.41143835616438,554.784589041096,920.0449543378996,False,False,False,False,False,False,True,False,False,False,569.75445,47.84555,65.2194,-23.849399999999996,25.20415,-55.31415,569.75445,0.0,High,Zone_007
2026-01-01 04:00:00,8.47,52.8,22.5,44.5,126.75,461.73,-9,0,0.38,437.84,76.08,78.69,4,1,1,3,0,0.8660254037844386,0.5000000000000001,0.7965299180241963,0.6045991148623749,588.48,65.60535117056855,3.2186000000000003,10.0125,0.2153853996737357,617.6,41.37,617.6,1480.38,False,False,False,False,False,False,True,False,False,False,569.75445,-131.91445000000004,65.2194,10.860600000000005,25.20415,53.48585,569.75445,0.0,Low,Zone_007
2026-01-01 07:00:00,10.54,56.4,22.2,72.8,185.55,727.82,-3,1,0.92,413.97,26.84,13.23,7,1,1,3,0,0.9659258262890684,-0.2588190451025206,0.8329212407100994,0.5533915492433441,913.37,82.73278985507248,9.6968,16.1616,0.2031487786986653,437.84,76.08,527.72,1034.4299999999998,False,False,False,False,False,False,True,False,False,False,569.75445,-155.78445,65.2194,-38.37939999999999,25.20415,-11.974149999999998,569.75445,0.0,Low,Zone_007
2026-01-02 04:00:00,6.76,163.0,16.7,73.2,103.4,858.52,-28,0,0.97,627.93,17.15,-26.24,4,2,1,4,0,0.8660254037844386,0.5000000000000001,0.2923717047227366,-0.9563047559630355,961.92,132.49586776859505,6.5572,12.2244,0.1074933466400532,413.97,26.84,489.8033333333333,994.0766666666668,False,False,False,False,False,False,True,False,False,False,569.75445,58.17554999999993,65.2194,-48.069399999999995,25.20415,-51.44414999999999,569.75445,0.0,High,Zone_007
2026-01-02 10:00:00,8.43,33.5,33.4,87.4,293.85,378.02,21,0,0.37,606.86,99.91,75.7,10,2,1,4,0,0.4999999999999999,-0.8660254037844387,0.5519369853120581,0.8338858220671682,671.87,75.23740201567749,3.1191,29.1916,0.4373613943173531,627.93,17.15,493.2466666666666,821.2566666666667,False,False,False,False,False,False,True,False,False,False,569.75445,37.105549999999994,65.2194,34.6906,25.20415,50.495850000000004,569.75445,0.0,High,Zone_007
2026-01-02 13:00:00,7.56,152.3,16.1,79.0,376.29,1051.13,-24,0,1.82,412.26,33.62,27.26,13,2,1,4,0,-0.2588190451025208,-0.9659258262890684,0.4648420457246194,-0.8853936257544159,1427.42,177.0992555831266,13.7592,12.719,0.2636154740721021,606.86,99.91,549.5866666666667,849.0533333333333,False,False,False,False,False,False,True,False,False,False,569.75445,-157.49445000000003,65.2194,-31.599399999999996,25.20415,2.055850000000003,569.75445,0.0,Low,Zone_007
2026-01-03 00:00:00,4.62,236.1,11.2,46.4,437.23,437.45,-18,0,2.64,634.78,119.93,84.39,0,3,1,5,1,0.0,1.0,-0.8300122850953676,-0.55774510897969,874.6800000000001,170.8359375,12.1968,5.1968,0.4998742397219554,412.26,33.62,549.0166666666667,1020.4033333333332,False,False,False,False,False,False,True,False,False,False,569.75445,65.02554999999995,65.2194,54.710600000000014,25.20415,59.18585,569.75445,0.0,High,Zone_007
2026-01-03 20:00:00,4.4,38.5,16.6,46.3,68.22,910.43,-14,0,0.76,483.81,102.82,56.81,20,3,1,5,1,-0.8660254037844386,0.5000000000000001,0.6225146366376195,0.7826081568524139,978.65,199.72448979591837,3.3440000000000003,7.6858,0.0697082715986307,634.78,119.93,551.3,991.3233333333334,False,False,False,False,False,False,True,False,False,False,569.75445,-85.94445000000002,65.2194,37.6006,25.20415,31.605850000000004,569.75445,0.0,Moderate,Zone_007
2026-01-04 08:00:00,8.09,314.9,30.1,40.7,420.39,574.89,-12,1,3.77,487.89,15.19,83.62,8,4,1,6,1,0.8660254037844387,-0.4999999999999998,-0.7083398377245289,0.7058715706786809,995.28,115.8649592549476,30.4993,12.250700000000002,0.4223836508319267,483.81,102.82,510.2833333333333,1093.5833333333333,False,False,False,False,False,False,True,False,False,False,569.75445,-81.86445000000003,65.2194,-50.029399999999995,25.20415,58.415850000000006,569.75445,0.0,Moderate,Zone_007
2026-01-04 22:00:00,1.96,296.3,29.0,80.2,212.21,1043.75,-29,1,2.47,552.98,91.46,-38.73,22,4,1,6,1,-0.5000000000000004,0.8660254037844384,-0.8964864303834407,0.4430711908241794,1255.96,510.5528455284553,4.841200000000001,23.258000000000003,0.1689623873371763,487.89,15.19,535.4933333333332,949.5366666666667,False,False,False,False,False,False,True,False,False,False,569.75445,-16.77445,65.2194,26.2406,25.20415,-63.934149999999995,569.75445,0.0,Moderate,Zone_007
2026-01-05 01:00:00,8.95,145.9,11.3,85.8,218.63,717.78,-4,1,2.96,403.7,99.6,92.49,1,5,1,0,0,0.2588190451025207,0.9659258262890684,0.5606389945632417,-0.8280603346224944,936.41,99.09100529100527,26.492,9.6954,0.2334767890133595,552.98,91.46,508.2266666666666,1076.63,False,False,False,False,False,False,True,False,False,False,569.75445,-166.05445000000003,65.2194,34.3806,25.20415,67.28585,569.75445,0.0,Low,Zone_007
2026-01-05 06:00:00,10.53,97.1,23.6,62.2,242.54,1057.12,18,0,3.67,400.15,67.72,34.2,6,5,1,0,0,1.0,6.123233995736766e-17,0.9923319378854888,-0.1236014767404924,1299.66,117.82955575702628,38.6451,14.679200000000002,0.1866180385639321,403.7,99.6,481.5233333333333,1062.55,False,False,False,False,False,False,True,False,False,False,569.75445,-169.60445000000004,65.2194,2.5006000000000057,25.20415,8.995850000000004,569.75445,0.0,Low,Zone_007
2026-01-05 07:00:00,7.14,295.1,17.1,77.6,94.4,736.83,-14,0,0.36,423.22,105.36,49.15,7,5,1,0,0,0.9659258262890684,-0.2588190451025206,-0.9055687990111396,0.4241994227453902,831.23,108.79973821989527,2.5704,13.2696,0.1135666422049252,400.15,67.72,452.2766666666666,1164.01,False,False,False,False,False,False,True,False,False,False,569.75445,-146.53445,65.2194,40.140600000000006,25.20415,23.94585,569.75445,0.0,Low,Zone_007
2026-01-05 21:00:00,11.31,36.1,20.8,46.8,419.28,499.99,9,0,4.92,636.8,62.82,20.86,21,5,1,0,0,-0.7071067811865477,0.7071067811865474,0.5891963573533421,0.8079898838980305,919.27,77.83827265029636,55.6452,9.7344,0.4561010366921579,423.22,105.36,409.0233333333333,1022.4333333333334,False,False,False,False,False,False,True,False,False,False,569.75445,67.04554999999993,65.2194,-2.399399999999993,25.20415,-4.344149999999999,569.75445,0.0,High,Zone_007
2026-01-05 22:00:00,9.18,97.8,16.9,61.3,107.58,510.81,-26,1,2.52,633.71,39.48,-19.9,22,5,1,0,0,-0.5000000000000004,0.8660254037844384,0.9907478404714436,-0.1357155724343043,618.39,63.88326446280992,23.1336,10.359699999999998,0.1739678843448309,636.8,62.82,486.7233333333333,1016.72,False,False,False,False,False,False,True,False,False,False,569.75445,63.95555000000002,65.2194,-25.739399999999996,25.20415,-45.10415,569.75445,0.0,High,Zone_007
2026-01-06 03:00:00,7.75,353.3,17.4,79.9,156.06,156.92,17,1,0.33,734.66,119.41,91.61,3,6,1,1,0,0.7071067811865475,0.7071067811865476,-0.1166707370993332,0.993170649538486,312.98,37.9369696969697,2.5575,13.9026,0.4986261102945875,633.71,39.48,564.5766666666667,789.6300000000001,False,False,False,False,False,False,True,False,False,False,569.75445,164.90554999999995,65.2194,54.1906,25.20415,66.40585,569.75445,0.0,Severe,Zone_007
2026-01-06 08:00:00,1.93,295.5,17.6,85.0,479.05,313.32,-24,0,0.64,566.16,19.86,47.21,8,6,1,1,0,0.8660254037844387,-0.4999999999999998,-0.9025852843498609,0.4305110968082948,792.37,326.0781893004116,1.2352,14.960000000000004,0.6045786690561228,734.66,119.41,668.39,616.8800000000001,False,False,False,False,False,False,True,False,False,False,569.75445,-3.5944500000000517,65.2194,-45.359399999999994,25.20415,22.005850000000002,569.75445,0.0,Moderate,Zone_007
2026-01-06 09:00:00,10.56,101.3,19.1,52.5,74.1,277.84,21,1,1.48,625.79,33.74,-32.34,9,6,1,1,0,0.7071067811865476,-0.7071067811865475,0.980614658546613,-0.1959461442425175,351.93999999999994,31.82097649186256,15.6288,10.027500000000002,0.2105472523725635,566.16,19.86,644.8433333333334,574.5800000000002,False,False,False,False,False,False,True,False,False,False,569.75445,56.035549999999944,65.2194,-31.47939999999999,25.20415,-57.54415,569.75445,0.0,High,Zone_007
2026-01-06 11:00:00,2.54,20.4,34.7,76.1,289.45,667.1,-23,0,3.28,620.95,40.69,79.65,11,6,1,1,0,0.258819045102521,-0.9659258262890682,0.3485720473218152,0.9372819894918916,956.55,314.65460526315786,8.331199999999999,26.4067,0.3025978777899744,625.79,33.74,642.2033333333333,485.7633333333335,False,False,False,False,False,False,True,False,False,False,569.75445,51.195550000000026,65.2194,-24.529399999999995,25.20415,54.44585000000001,569.75445,0.0,High,Zone_007
2026-01-06 21:00:00,11.43,130.0,14.8,49.6,159.04,419.53,-3,0,2.38,431.71,74.61,73.69,21,6,1,1,0,-0.7071067811865477,0.7071067811865474,0.766044443118978,-0.6427876096865394,578.5699999999999,48.49706621961441,27.2034,7.340800000000001,0.2748846293447638,620.95,40.69,604.3,700.2866666666667,False,False,False,False,False,False,True,False,False,False,569.75445,-138.04445000000004,65.2194,9.390600000000006,25.20415,48.48585,569.75445,0.0,Low,Zone_007
2026-01-06 23:00:00,11.8,25.5,28.5,51.4,154.73,1129.55,7,0,3.59,402.16,92.47,-4.97,23,6,1,1,0,-0.2588190451025215,0.965925826289068,0.4305110968082951,0.9025852843498606,1284.28,104.4130081300813,42.362,14.649,0.1204799576416357,431.71,74.61,559.4833333333333,629.0200000000001,False,False,False,False,False,False,True,False,False,False,569.75445,-167.59445,65.2194,27.250600000000006,25.20415,-30.174149999999997,569.75445,0.0,Low,Zone_007
2026-01-07 07:00:00,1.13,214.3,15.9,32.7,403.87,210.07,-12,0,2.14,400.62,69.75,92.31,7,7,1,2,0,0.9659258262890684,-0.2588190451025206,-0.5635260489375714,-0.8260982944957639,613.94,376.65030674846633,2.4182,5.199300000000001,0.6578330129980128,402.16,92.47,484.94000000000005,939.8,False,False,False,False,False,False,True,False,False,False,569.75445,-169.13445000000002,65.2194,4.530600000000007,25.20415,67.10585,569.75445,0.0,Low,Zone_007
2026-01-08 00:00:00,5.26,306.6,22.4,31.9,98.1,1068.82,-1,0,1.27,644.05,92.2,28.13,0,8,1,3,0,0.0,1.0,-0.8028174751911145,0.5962248749656158,1166.9199999999998,202.59027777777777,6.6802,7.145599999999999,0.0840674596373359,400.62,69.75,411.4966666666666,825.5966666666668,False,False,False,False,False,False,True,False,False,False,569.75445,74.29554999999993,65.2194,26.98060000000001,25.20415,2.9258500000000005,569.75445,0.0,High,Zone_007
2026-01-08 12:00:00,3.11,258.5,22.0,30.8,50.96,968.23,-21,1,3.2,410.52,34.62,-32.59,12,8,1,3,0,1.2246467991473532e-16,-1.0,-0.9799247046208296,-0.1993679344171973,1019.19,282.3240997229917,9.952,6.776,0.0500004905856611,644.05,92.2,482.2766666666666,1021.7133333333336,False,False,False,False,False,False,True,False,False,False,569.75445,-159.23445000000004,65.2194,-30.599399999999996,25.20415,-57.79415,569.75445,0.0,Low,Zone_007
2026-01-08 21:00:00,5.07,298.8,25.1,30.3,259.15,786.87,-18,1,4.85,435.64,12.87,5.28,21,8,1,3,0,-0.7071067811865477,0.7071067811865474,-0.8763066800438634,0.4817536741017157,1046.02,187.79533213644524,24.5895,7.605300000000001,0.2477486090132119,410.52,34.62,485.0633333333333,933.35,False,False,False,False,False,False,True,False,False,False,569.75445,-134.11445000000003,65.2194,-52.349399999999996,25.20415,-19.924149999999997,569.75445,0.0,Low,Zone_007
2026-01-08 23:00:00,6.06,93.0,12.0,37.3,272.08,1130.45,-5,1,1.8,463.2,27.05,56.9,23,8,1,3,0,-0.2588190451025215,0.965925826289068,0.9986295347545738,-0.0523359562429438,1402.53,213.8003048780488,10.908,4.476,0.1939922853700099,435.64,12.87,496.7366666666667,1077.3766666666668,False,False,False,False,False,False,True,False,False,False,569.75445,-106.55445000000003,65.2194,-38.169399999999996,25.20415,31.69585,569.75445,0.0,Low,Zone_007
2026-01-09 20:00:00,3.91,329.3,14.1,50.9,277.4,173.73,-5,1,0.02,567.82,91.28,31.68,20,9,1,4,0,-0.8660254037844386,0.5000000000000001,-0.5105429179116056,0.8598522715968736,451.13,102.297052154195,0.0782,7.1769,0.6149003613149203,463.2,27.05,436.4533333333333,1155.9133333333334,False,False,False,False,False,False,True,False,False,False,569.75445,-1.9344499999999698,65.2194,26.060600000000008,25.20415,6.475850000000001,569.75445,0.0,Moderate,Zone_007
2026-01-10 01:00:00,6.46,195.5,27.3,89.3,175.42,1172.36,-23,1,2.32,726.82,94.39,78.88,1,10,1,5,1,0.2588190451025207,0.9659258262890684,-0.2672383760782568,-0.9636304532086232,1347.78,193.64655172413796,14.9872,24.3789,0.1301547730341747,567.82,91.28,488.8866666666667,966.56,False,False,False,False,False,False,True,False,False,False,569.75445,157.06555000000003,65.2194,29.170600000000007,25.20415,53.67585,569.75445,0.0,Severe,Zone_007
2026-01-10 08:00:00,4.89,79.4,14.4,66.0,324.58,572.87,-10,0,1.35,418.44,10.0,-46.11,8,10,1,5,1,0.8660254037844387,-0.4999999999999998,0.9829353491495544,0.18395135061272,897.45,166.50278293135435,6.6015,9.504,0.3616691737701264,726.82,94.39,585.9466666666667,1067.1466666666668,False,False,False,False,False,False,True,False,False,False,569.75445,-151.31445000000002,65.2194,-55.21939999999999,25.20415,-71.31415,569.75445,0.0,Low,Zone_007
2026-01-10 11:00:00,0.55,333.6,21.2,80.5,403.34,763.64,-6,0,2.93,441.18,94.39,12.01,11,10,1,5,1,0.258819045102521,-0.9659258262890682,-0.4446351791849274,0.8957117602394129,1166.98,1111.4095238095238,1.6115000000000002,17.066,0.345627174416014,418.44,10.0,571.0266666666668,898.7866666666669,False,False,False,False,False,False,True,False,False,False,569.75445,-128.57445,65.2194,29.170600000000007,25.20415,-13.194149999999999,569.75445,0.0,Low,Zone_007
2026-01-10 20:00:00,1.63,39.4,14.9,64.3,134.34,1005.33,15,0,2.29,620.76,68.93,45.42,20,10,1,5,1,-0.8660254037844386,0.5000000000000001,0.6347305132022676,0.7727335734973511,1139.67,535.0563380281691,3.7327,9.5807,0.1178762273289636,441.18,94.39,528.8133333333334,1137.4033333333334,False,False,False,False,False,False,True,False,False,False,569.75445,51.00554999999997,65.2194,3.7106000000000137,25.20415,20.215850000000003,569.75445,0.0,High,Zone_007
2026-01-12 09:00:00,2.11,132.7,20.1,85.3,216.64,1149.42,4,0,0.9,488.5,93.05,-27.22,9,12,1,0,0,0.7071067811865476,-0.7071067811865475,0.73491459514996,-0.6781596698680704,1366.06,523.3946360153257,1.899,17.1453,0.1585874705357012,620.76,68.93,493.46,1068.0333333333335,False,False,False,False,False,False,True,False,False,False,569.75445,-81.25445000000002,65.2194,27.830600000000004,25.20415,-52.42415,569.75445,0.0,Moderate,Zone_007
2026-01-12 15:00:00,2.05,277.9,19.2,30.8,460.15,315.84,19,1,4.18,644.51,59.4,29.59,15,12,1,0,0,-0.7071067811865471,-0.7071067811865479,-0.9905094632383088,0.1374445460371459,775.99,304.30980392156863,8.568999999999999,5.9136,0.5929844456758463,488.5,93.05,516.8133333333334,1224.236666666667,False,False,False,False,False,False,True,False,False,False,569.75445,74.75554999999997,65.2194,-5.819399999999995,25.20415,4.385850000000001,569.75445,0.0,High,Zone_007
2026-01-13 20:00:00,7.02,165.4,18.4,52.1,155.96,1156.01,-22,0,0.51,526.58,101.29,78.37,20,13,1,1,0,-0.8660254037844386,0.5000000000000001,0.2520693582431134,-0.9677091704819712,1311.97,174.46409574468086,3.5802,9.5864,0.1188746693903061,644.51,59.4,584.59,1093.9066666666668,False,False,False,False,False,False,True,False,False,False,569.75445,-43.17444999999998,65.2194,36.07060000000001,25.20415,53.165850000000006,569.75445,0.0,Moderate,Zone_007
2026-01-14 09:00:00,3.78,346.4,33.7,52.1,244.28,1120.77,-13,1,1.28,745.46,26.69,79.22,9,14,1,2,0,0.7071067811865476,-0.7071067811865475,-0.2351421131025906,0.971961000578546,1365.05,318.9369158878505,4.8384,17.5577,0.1789531518991978,526.58,101.29,553.1966666666666,1151.34,False,False,False,False,False,False,True,False,False,False,569.75445,175.70555000000002,65.2194,-38.529399999999995,25.20415,54.01585,569.75445,0.0,Severe,Zone_007
2026-01-14 19:00:00,5.18,271.3,30.5,34.8,272.36,786.72,0,1,1.22,444.89,38.08,-9.39,19,14,1,2,0,-0.9659258262890684,0.2588190451025203,-0.9997426093226984,0.0226873335727815,1059.08,186.45774647887325,6.319599999999999,10.614,0.2571665974241795,745.46,26.69,638.85,1151.0033333333336,False,False,False,False,False,False,True,False,False,False,569.75445,-124.86445000000003,65.2194,-27.139399999999995,25.20415,-34.59415,569.75445,0.0,Low,Zone_007
2026-01-14 21:00:00,10.81,196.9,16.0,82.8,294.89,1020.38,26,0,3.1,567.01,80.98,28.05,21,14,1,2,0,-0.7071067811865477,0.7071067811865474,-0.2907021935982526,-0.9568135840576072,1315.27,116.29266136162688,33.511,13.248,0.2242049161008766,444.89,38.08,572.31,1245.3666666666668,False,False,False,False,False,False,True,False,False,False,569.75445,-2.744450000000029,65.2194,15.76060000000001,25.20415,2.845850000000002,569.75445,0.0,Moderate,Zone_007
2026-01-15 04:00:00,9.82,32.7,18.9,63.6,235.74,583.44,1,1,0.87,523.38,50.74,17.07,4,15,1,3,0,0.8660254037844386,0.5000000000000001,0.540240320477655,0.8415107819453062,819.1800000000001,79.37790697674419,8.5434,12.0204,0.2877755804585072,567.01,80.98,585.7866666666667,1246.4666666666667,False,False,False,False,False,False,True,False,False,False,569.75445,-46.374450000000024,65.2194,-14.479399999999991,25.20415,-8.134149999999998,569.75445,0.0,Moderate,Zone_007
2026-01-15 11:00:00,2.78,128.2,13.0,76.2,391.46,472.55,19,0,3.63,598.59,56.72,3.51,11,15,1,3,0,0.258819045102521,-0.9659258262890682,0.7858568931754021,-0.618408395357554,864.01,263.4176829268293,10.091399999999998,9.906,0.4530734597979189,523.38,50.74,511.76,1064.5100000000002,False,False,False,False,False,False,True,False,False,False,569.75445,28.835550000000012,65.2194,-8.499399999999994,25.20415,-21.69415,569.75445,0.0,High,Zone_007
2026-01-15 14:00:00,6.88,230.1,31.0,59.5,318.59,1064.53,-27,1,4.56,451.39,38.32,-8.36,14,15,1,3,0,-0.4999999999999997,-0.8660254037844388,-0.7671651518152993,-0.6414496315691581,1383.12,187.41463414634143,31.3728,18.445,0.2303415466481577,598.59,56.72,562.9933333333333,999.4866666666668,False,False,False,False,False,False,True,False,False,False,569.75445,-118.36445000000003,65.2194,-26.899399999999993,25.20415,-33.56415,569.75445,0.0,Low,Zone_007
2026-01-16 09:00:00,10.69,141.9,21.6,50.5,312.52,932.69,27,0,1.74,462.24,89.99,71.98,9,16,1,4,0,0.7071067811865476,-0.7071067811865475,0.6170358751407486,-0.7869350219613372,1245.21,111.27882037533512,18.6006,10.908,0.2509777467254519,451.39,38.32,524.4533333333334,1022.1033333333336,False,False,False,False,False,False,True,False,False,False,569.75445,-107.51445000000001,65.2194,24.7706,25.20415,46.775850000000005,569.75445,0.0,Low,Zone_007
2026-01-16 14:00:00,11.22,304.8,23.2,44.3,189.39,236.27,-29,1,2.31,643.03,17.3,88.48,14,16,1,4,0,-0.4999999999999997,-0.8660254037844388,-0.8211492091337039,0.5707135676844318,425.66,36.31911262798634,25.9182,10.2776,0.4449325752948362,462.24,89.99,504.0733333333333,1164.1133333333337,False,False,False,False,False,False,True,False,False,False,569.75445,73.27554999999995,65.2194,-47.919399999999996,25.20415,63.275850000000005,569.75445,0.0,High,Zone_007
2026-01-17 00:00:00,2.09,38.5,30.5,32.0,467.83,1049.79,7,1,2.05,589.25,84.27,-38.38,0,17,1,5,1,0.0,1.0,0.6225146366376195,0.7826081568524139,1517.62,585.953667953668,4.2845,9.76,0.3082655737272835,643.03,17.3,518.8866666666667,1017.9966666666668,False,False,False,False,False,False,True,False,False,False,569.75445,19.49554999999998,65.2194,19.050600000000003,25.20415,-63.58415,569.75445,0.0,High,Zone_007
2026-01-17 05:00:00,9.22,165.8,28.7,63.6,209.42,1153.6,-18,0,1.5,686.52,88.94,-32.85,5,17,1,5,1,0.9659258262890684,0.2588190451025207,0.2453073858788023,-0.969445349895139,1363.02,140.22839506172838,13.830000000000002,18.2532,0.153644113806107,589.25,84.27,564.84,1062.8300000000002,False,False,False,False,False,False,True,False,False,False,569.75445,116.76554999999996,65.2194,23.720600000000005,25.20415,-58.05415,569.75445,0.0,Severe,Zone_007
2026-01-17 18:00:00,5.03,273.4,20.4,55.9,83.76,790.18,2,1,4.54,487.01,70.7,1.74,18,17,1,5,1,-1.0,-1.8369701987210294e-16,-0.9982398279237652,0.0593063735759613,873.9399999999999,158.03616636528028,22.8362,11.4036,0.0958418198045632,686.52,88.94,639.5999999999999,1102.1,False,False,False,False,False,False,True,False,False,False,569.75445,-82.74445000000003,65.2194,5.48060000000001,25.20415,-23.46415,569.75445,0.0,Moderate,Zone_007
2026-01-17 21:00:00,8.89,7.6,11.9,69.8,112.79,704.18,-19,0,0.82,440.13,94.99,-48.98,21,17,1,5,1,-0.7071067811865477,0.7071067811865474,0.1322563902571224,0.9912155402515416,816.9699999999999,87.0042598509052,7.2898,8.3062,0.1380589250523275,487.01,70.7,587.5933333333334,1251.5266666666669,False,False,False,False,False,False,True,False,False,False,569.75445,-129.62445000000002,65.2194,29.7706,25.20415,-74.18414999999999,569.75445,0.0,Low,Zone_007
2026-01-18 11:00:00,4.76,326.1,32.6,76.6,460.07,976.96,-3,1,2.08,679.29,37.91,47.47,11,18,1,6,1,0.258819045102521,-0.9659258262890682,-0.55774510897969,0.8300122850953675,1437.03,273.1996197718631,9.9008,24.9716,0.3201533718850685,440.13,94.99,537.8866666666667,1017.9766666666668,False,False,False,False,False,False,True,False,False,False,569.75445,109.53554999999994,65.2194,-27.309399999999997,25.20415,22.26585,569.75445,0.0,Severe,Zone_007
2026-01-18 15:00:00,2.6,29.5,25.6,82.7,442.03,426.79,-30,1,2.81,604.09,17.06,59.55,15,18,1,6,1,-0.7071067811865471,-0.7071067811865479,0.4924235601034671,0.8703556959398997,868.8199999999999,280.26451612903224,7.306,21.1712,0.5087705163324969,679.29,37.91,535.4766666666666,1042.6466666666668,False,False,False,False,False,False,True,False,False,False,569.75445,34.33555000000001,65.2194,-48.15939999999999,25.20415,34.34585,569.75445,0.0,High,Zone_007
2026-01-19 08:00:00,11.37,288.8,22.8,55.5,483.03,460.3,-26,0,1.24,709.07,99.75,4.22,8,19,1,0,0,0.8660254037844387,-0.4999999999999998,-0.9466492601156964,0.3222656952305109,943.33,79.47177759056444,14.0988,12.654000000000002,0.5120477457517518,604.09,17.06,574.5033333333333,1040.94,False,False,False,False,False,False,True,False,False,False,569.75445,139.31555000000003,65.2194,34.53060000000001,25.20415,-20.98415,569.75445,0.0,Severe,Zone_007
2026-01-20 04:00:00,8.61,281.9,14.1,77.7,146.51,621.16,-29,0,0.21,647.51,25.22,78.03,4,20,1,1,0,0.8660254037844386,0.5000000000000001,-0.9785089851017784,0.2062041853966289,767.67,84.26673984632272,1.8081,10.9557,0.1908502351270728,709.07,99.75,664.1500000000001,1083.0600000000002,False,False,False,False,False,False,True,False,False,False,569.75445,77.75554999999997,65.2194,-39.999399999999994,25.20415,52.82585,569.75445,0.0,High,Zone_007
2026-01-20 14:00:00,4.91,67.4,28.8,41.0,222.06,755.75,-29,0,2.83,661.52,103.14,-3.75,14,20,1,1,0,-0.4999999999999997,-0.8660254037844388,0.9232102171129808,0.3842953226598036,977.81,180.7412199630314,13.8953,11.808,0.2270993342264857,647.51,25.22,653.5566666666667,859.94,False,False,False,False,False,False,True,False,False,False,569.75445,91.76554999999996,65.2194,37.92060000000001,25.20415,-28.95415,569.75445,0.0,Severe,Zone_007
2026-01-21 11:00:00,10.69,189.7,24.4,43.0,397.31,849.25,-9,0,4.9,504.27,106.97,82.23,11,21,1,2,0,0.258819045102521,-0.9659258262890682,-0.1684893795650021,-0.9857034690888536,1246.56,111.39946380697052,52.381,10.492,0.3187251315620588,661.52,103.14,672.6999999999999,896.2700000000001,False,False,False,False,False,False,True,False,False,False,569.75445,-65.48445000000004,65.2194,41.750600000000006,25.20415,57.025850000000005,569.75445,0.0,Moderate,Zone_007
2026-01-21 13:00:00,11.56,61.5,34.1,81.9,326.37,766.08,-22,0,3.58,575.65,104.2,-5.67,13,21,1,2,0,-0.2588190451025208,-0.9659258262890684,0.8788171126619654,0.4771587602596084,1092.45,90.58457711442786,41.384800000000006,27.927900000000005,0.298750514897707,504.27,106.97,604.4333333333333,997.3466666666668,False,False,False,False,False,False,True,False,False,False,569.75445,5.895549999999957,65.2194,38.98060000000001,25.20415,-30.87415,569.75445,0.0,High,Zone_007
2026-01-21 16:00:00,3.61,213.7,33.4,57.9,264.17,405.71,-13,1,1.11,447.19,44.6,85.52,16,21,1,2,0,-0.8660254037844384,-0.5000000000000004,-0.554844427447999,-0.8319541221304827,669.88,162.98783454987836,4.0071,19.3386,0.394354212694811,575.65,104.2,580.48,1105.6066666666668,False,False,False,False,False,False,True,False,False,False,569.75445,-122.56445000000002,65.2194,-20.61939999999999,25.20415,60.31585,569.75445,0.0,Low,Zone_007
2026-01-21 17:00:00,3.36,75.6,23.2,56.5,479.46,1079.35,11,1,2.22,649.03,35.05,48.9,17,21,1,2,0,-0.9659258262890684,-0.2588190451025206,0.9685831611286312,0.2486898871648549,1558.81,403.8367875647669,7.4592,13.108,0.3075807827766052,447.19,44.6,509.0366666666667,1002.9633333333336,False,False,False,False,False,False,True,False,False,False,569.75445,79.27554999999995,65.2194,-30.169399999999996,25.20415,23.69585,569.75445,0.0,High,Zone_007
2026-01-22 08:00:00,6.31,87.6,20.4,78.0,485.54,986.25,22,1,4.25,661.47,40.9,-2.82,8,22,1,3,0,0.8660254037844387,-0.4999999999999998,0.9991228300988584,0.0418756537291997,1471.79,216.12187958884,26.8175,15.912,0.329897607675008,649.03,35.05,557.29,1107.0466666666669,False,False,False,False,False,False,True,False,False,False,569.75445,91.71555000000001,65.2194,-24.319399999999995,25.20415,-28.02415,569.75445,0.0,Severe,Zone_007
2026-01-22 20:00:00,9.93,144.8,23.4,81.5,347.98,487.01,8,0,2.56,448.76,12.49,74.53,20,22,1,3,0,-0.8660254037844386,0.5000000000000001,0.576432316169793,-0.8171448983351287,834.99,80.05656759348035,25.4208,19.071,0.4167475059581552,661.47,40.9,585.8966666666666,1233.4933333333336,False,False,False,False,False,False,True,False,False,False,569.75445,-120.99445000000003,65.2194,-52.72939999999999,25.20415,49.32585,569.75445,0.0,Low,Zone_007
2026-01-22 22:00:00,5.32,178.7,10.8,89.1,299.76,778.57,24,1,4.73,403.34,99.14,68.52,22,22,1,3,0,-0.5000000000000004,0.8660254037844384,0.0226873335727814,-0.9997426093226984,1078.33,185.2800687285223,25.1636,9.6228,0.2779854033551881,448.76,12.49,586.4200000000001,1288.53,False,False,False,False,False,False,True,False,False,False,569.75445,-166.41445000000004,65.2194,33.92060000000001,25.20415,43.31585,569.75445,0.0,Low,Zone_007
2026-01-23 02:00:00,6.4,278.2,11.8,31.5,487.63,798.53,-11,1,4.45,622.22,81.2,17.88,2,23,1,4,0,0.4999999999999999,0.8660254037844387,-0.989776230907789,0.1426289337055114,1286.16,186.4,28.480000000000004,3.717000000000001,0.3791363438452448,403.34,99.14,504.52333333333337,1128.37,False,False,False,False,False,False,True,False,False,False,569.75445,52.46555000000001,65.2194,15.98060000000001,25.20415,-7.3241499999999995,569.75445,0.0,High,Zone_007
2026-01-23 06:00:00,5.51,134.4,20.6,85.0,55.02,211.73,20,0,1.13,697.41,95.39,-34.26,6,23,1,4,0,1.0,6.123233995736766e-17,0.7144726796328033,-0.6996633405133655,266.75,44.384359400998335,6.226299999999999,17.51,0.2062605435801312,622.22,81.2,491.44000000000005,1066.4933333333336,False,False,False,False,False,False,True,False,False,False,569.75445,127.65554999999995,65.2194,30.170600000000007,25.20415,-59.46415,569.75445,0.0,Severe,Zone_007
2026-01-23 13:00:00,0.5,226.2,13.5,90.3,227.58,634.05,16,1,1.62,431.21,18.13,-11.81,13,23,1,4,0,-0.2588190451025208,-0.9659258262890684,-0.7217602280983622,-0.6921431738704069,861.63,861.63,0.81,12.1905,0.2641272936179102,697.41,95.39,574.3233333333334,877.0800000000003,False,False,False,False,False,False,True,False,False,False,569.75445,-138.54445000000004,65.2194,-47.0894,25.20415,-37.01415,569.75445,0.0,Low,Zone_007
2026-01-24 05:00:00,1.77,34.1,14.1,75.2,399.72,158.27,-6,0,3.26,677.22,118.49,-27.6,5,24,1,5,1,0.9659258262890684,0.2588190451025207,0.5606389945632417,0.8280603346224944,557.99,245.81057268722464,5.7702,10.6032,0.7163569239592108,431.21,18.13,583.6133333333333,804.8466666666668,False,False,False,False,False,False,True,False,False,False,569.75445,107.46555000000001,65.2194,53.2706,25.20415,-52.80415,569.75445,0.0,Severe,Zone_007
2026-01-24 12:00:00,5.01,259.2,17.6,43.0,252.98,330.36,-6,0,0.34,482.3,59.52,3.23,12,24,1,5,1,1.2246467991473532e-16,-1.0,-0.9822872507286888,-0.1873813145857246,583.34,105.86932849364791,1.7034,7.568,0.433675043713786,677.22,118.49,601.9466666666667,562.1233333333334,False,False,False,False,False,False,True,False,False,False,569.75445,-87.45445000000001,65.2194,-5.69939999999999,25.20415,-21.974149999999998,569.75445,0.0,Moderate,Zone_007
2026-01-24 16:00:00,8.27,121.5,13.2,46.2,300.99,953.75,-25,0,4.11,572.56,15.48,8.04,16,24,1,5,1,-0.8660254037844384,-0.5000000000000004,0.8526401643540923,-0.5224985647159488,1254.74,143.0718358038769,33.9897,6.098400000000001,0.2398823660678706,482.3,59.52,530.2433333333335,667.6533333333335,False,False,False,False,False,False,True,False,False,False,569.75445,2.8055499999999256,65.2194,-49.73939999999999,25.20415,-17.16415,569.75445,0.0,High,Zone_007
2026-01-24 23:00:00,11.87,77.6,14.9,38.4,369.45,1005.8,-12,0,0.79,603.89,38.18,4.91,23,24,1,5,1,-0.2588190451025215,0.965925826289068,0.976672278334168,0.2147353271670633,1375.25,111.17623282134196,9.3773,5.7216,0.2686420650790765,572.56,15.48,577.36,798.6900000000002,False,False,False,False,False,False,True,False,False,False,569.75445,34.13554999999997,65.2194,-27.039399999999993,25.20415,-20.29415,569.75445,0.0,High,Zone_007
2026-01-26 04:00:00,6.17,348.0,10.6,56.3,372.26,189.53,-10,1,0.42,418.6,85.08,41.03,4,26,1,0,0,0.8660254037844386,0.5000000000000001,-0.2079116908177598,0.9781476007338056,561.79,84.2263868065967,2.5914,5.9678,0.6626319443208316,603.89,38.18,552.9166666666666,1071.1100000000004,False,False,False,False,False,False,True,False,False,False,569.75445,-151.15445,65.2194,19.860600000000005,25.20415,15.825850000000003,569.75445,0.0,Low,Zone_007
2026-01-27 14:00:00,4.84,196.5,20.3,70.1,479.59,254.36,3,0,2.15,658.24,116.87,-27.16,14,27,1,1,0,-0.4999999999999997,-0.8660254037844388,-0.2840153447039227,-0.958819734868193,733.95,137.4438202247191,10.406,14.2303,0.653436882621432,418.6,85.08,531.6833333333334,1063.926666666667,False,False,False,False,False,False,True,False,False,False,569.75445,88.48554999999999,65.2194,51.65060000000001,25.20415,-52.364149999999995,569.75445,0.0,Severe,Zone_007
2026-01-28 08:00:00,11.49,89.1,24.2,73.8,434.57,825.7,20,0,1.13,470.19,102.3,69.75,8,28,1,2,0,0.8660254037844387,-0.4999999999999998,0.9998766324816606,0.0157073173118208,1260.27,105.11009174311926,12.9837,17.859599999999997,0.3448229347679465,658.24,116.87,560.2433333333335,890.3300000000003,False,False,False,False,False,False,True,False,False,False,569.75445,-99.56445000000002,65.2194,37.080600000000004,25.20415,44.54585,569.75445,0.0,Low,Zone_007
2026-01-28 16:00:00,9.28,214.7,13.0,72.3,472.02,170.66,-6,1,1.45,612.37,110.37,16.66,16,28,1,2,0,-0.8660254037844384,-0.5000000000000004,-0.5692795234308441,-0.8221440410307375,642.68,65.71370143149284,13.456,9.399,0.7344557166863759,470.19,102.3,515.6766666666667,852.0033333333334,False,False,False,False,False,False,True,False,False,False,569.75445,42.615549999999985,65.2194,45.15060000000001,25.20415,-8.544149999999998,569.75445,0.0,High,Zone_007
2026-01-29 10:00:00,4.59,128.4,14.8,64.5,67.41,1013.64,26,0,4.83,681.78,88.31,28.26,10,29,1,3,0,0.4999999999999999,-0.8660254037844387,0.7836934573258398,-0.6211477802783103,1081.05,212.3870333988212,22.1697,9.546,0.0623560427362286,612.37,110.37,580.2666666666668,878.9666666666668,False,False,False,False,False,False,True,False,False,False,569.75445,112.02554999999995,65.2194,23.09060000000001,25.20415,3.055850000000003,569.75445,0.0,Severe,Zone_007
2026-01-29 23:00:00,9.98,320.3,11.1,49.4,469.47,1090.95,17,0,0.81,699.9,34.2,-29.18,23,29,1,3,0,-0.2588190451025215,0.965925826289068,-0.6387678175155975,0.7693995550468952,1560.42,148.89503816793894,8.0838,5.4834,0.3008613065713077,681.78,88.31,588.1133333333333,994.6666666666666,False,False,False,False,False,False,True,False,False,False,569.75445,130.14554999999996,65.2194,-31.01939999999999,25.20415,-54.38415,569.75445,0.0,Severe,Zone_007
2026-01-30 04:00:00,1.76,165.5,12.6,64.8,281.14,601.72,-28,1,2.09,453.1,80.28,28.4,4,30,1,4,0,0.8660254037844386,0.5000000000000001,0.2503800040544413,-0.9681476403781076,882.86,390.6460176991151,3.6784,8.1648,0.3184423351380739,699.9,34.2,664.6833333333334,1094.716666666667,False,False,False,False,False,False,True,False,False,False,569.75445,-116.65445,65.2194,15.060600000000008,25.20415,3.19585,569.75445,0.0,Low,Zone_007
2026-01-30 18:00:00,1.53,158.6,16.4,61.7,107.53,689.08,1,1,0.18,488.49,52.3,20.63,18,30,1,4,0,-1.0,-1.8369701987210294e-16,0.3648767843376196,-0.9310558158625284,796.61,392.4187192118226,0.2754,10.1188,0.134984496805212,453.1,80.28,611.5933333333334,1174.7766666666669,False,False,False,False,False,False,True,False,False,False,569.75445,-81.26445000000001,65.2194,-12.919399999999996,25.20415,-4.5741499999999995,569.75445,0.0,Moderate,Zone_007
2026-01-31 14:00:00,9.24,274.3,12.8,64.3,324.15,959.07,-13,0,1.34,455.21,17.53,68.84,14,31,1,5,1,-0.4999999999999997,-0.8660254037844388,-0.9971851335251156,0.0749787268263281,1283.22,131.74743326488706,12.3816,8.2304,0.2526067237106653,488.49,52.3,547.1633333333334,1079.9633333333334,False,False,False,False,False,False,True,False,False,False,569.75445,-114.54445000000004,65.2194,-47.68939999999999,25.20415,43.635850000000005,569.75445,0.0,Low,Zone_007
2026-01-31 15:00:00,4.4,181.8,20.3,63.6,173.71,503.33,-24,0,0.61,539.46,104.05,-37.29,15,31,1,5,1,-0.7071067811865471,-0.7071067811865479,-0.0314107590781284,-0.9995065603657316,677.04,138.17142857142855,2.684,12.910800000000002,0.2565727283469219,455.21,17.53,465.6000000000001,987.5633333333336,False,False,False,False,False,False,True,False,False,False,569.75445,-30.294449999999983,65.2194,38.830600000000004,25.20415,-62.49415,569.75445,0.0,Moderate,Zone_007
2026-02-02 12:00:00,6.05,292.1,25.0,82.9,451.15,425.53,7,1,4.26,653.47,89.83,-48.35,12,2,2,0,0,1.2246467991473532e-16,-1.0,-0.9265286308718372,0.3762242631393662,876.68,133.8442748091603,25.773,20.725,0.5146119450654743,539.46,104.05,494.3866666666668,918.9566666666666,False,False,False,False,False,False,True,False,False,False,569.75445,83.71555000000001,65.2194,24.610600000000005,25.20415,-73.55414999999999,569.75445,0.0,High,Zone_007
2026-02-02 18:00:00,5.96,236.9,34.6,60.2,225.82,876.05,-8,0,1.81,505.37,88.78,-22.79,18,2,2,0,0,-1.0,-1.8369701987210294e-16,-0.837718716620439,-0.5461019610144289,1101.87,170.56811145510835,10.7876,20.8292,0.2049425068292993,653.47,89.83,549.3800000000001,945.6466666666666,False,False,False,False,False,False,True,False,False,False,569.75445,-64.38445000000002,65.2194,23.560600000000008,25.20415,-47.99415,569.75445,0.0,Moderate,Zone_007
2026-02-02 20:00:00,6.54,233.1,14.0,87.5,160.98,421.57,10,0,0.07,541.61,107.81,-0.34,20,2,2,0,0,-0.8660254037844386,0.5000000000000001,-0.7996846584870905,-0.6004202253258841,582.55,82.74857954545453,0.4578,12.25,0.2763367951248819,505.37,88.78,566.1,885.1966666666667,False,False,False,False,False,False,True,False,False,False,569.75445,-28.144450000000006,65.2194,42.59060000000001,25.20415,-25.54415,569.75445,0.0,Moderate,Zone_007
2026-02-03 03:00:00,0.95,45.7,27.7,36.9,306.2,197.14,-2,0,3.29,694.51,67.61,17.08,3,3,2,1,0,0.7071067811865475,0.7071067811865476,0.7156927337037359,0.698415285431006,503.34,347.1310344827586,3.1255,10.2213,0.6083363134263122,541.61,107.81,566.8166666666667,853.6999999999999,False,False,False,False,False,False,True,False,False,False,569.75445,124.75554999999997,65.2194,2.3906000000000063,25.20415,-8.12415,569.75445,0.0,Severe,Zone_007
2026-02-03 06:00:00,8.13,224.1,27.2,69.9,445.41,341.73,20,0,1.87,572.34,50.52,98.55,6,3,2,1,0,1.0,6.123233995736766e-17,-0.6959127965923143,-0.7181262977631889,787.1400000000001,91.20973348783316,15.203100000000004,19.0128,0.5658586782529156,694.51,67.61,580.4966666666668,729.2533333333334,False,False,False,False,False,False,True,False,False,False,569.75445,2.585550000000012,65.2194,-14.69939999999999,25.20415,73.34585,569.75445,0.0,High,Zone_007
2026-02-03 09:00:00,2.26,176.9,29.6,70.5,146.23,332.68,-30,0,4.38,720.47,35.75,21.45,9,3,2,1,0,0.7071067811865476,-0.7071067811865475,0.0540788129847751,-0.9985366703262116,478.91,173.518115942029,9.8988,20.868,0.3053392077843436,572.34,50.52,602.82,624.3433333333334,False,False,False,False,False,False,True,False,False,False,569.75445,150.71555,65.2194,-29.469399999999993,25.20415,-3.754149999999999,569.75445,0.0,Severe,Zone_007
2026-02-04 21:00:00,5.51,76.2,31.0,69.7,68.9,1026.43,8,0,4.41,629.31,49.71,-31.13,21,4,2,2,0,-0.7071067811865477,0.7071067811865474,0.971134279909636,0.2385334575785808,1095.3300000000002,182.25124792013315,24.2991,21.607000000000003,0.0629034172349885,720.47,35.75,662.44,589.7966666666667,False,False,False,False,False,False,True,False,False,False,569.75445,59.555549999999926,65.2194,-15.509399999999992,25.20415,-56.334149999999994,569.75445,0.0,High,Zone_007
2026-02-05 00:00:00,11.2,24.0,15.8,34.9,257.15,117.79,28,0,3.41,456.48,112.86,2.49,0,5,2,3,0,0.0,1.0,0.4067366430758002,0.9135454576426008,374.94,32.04615384615385,38.192,5.5142,0.6858430682242491,629.31,49.71,640.7066666666667,787.1266666666667,False,False,False,False,False,False,True,False,False,False,569.75445,-113.27445,65.2194,47.640600000000006,25.20415,-22.714149999999997,569.75445,0.0,Low,Zone_007
2026-02-05 02:00:00,3.48,8.9,30.7,87.9,117.22,113.92,5,1,3.98,683.12,11.56,-35.07,2,5,2,3,0,0.4999999999999999,0.8660254037844387,0.1547103862994681,0.9879598657693892,231.14,58.075376884422106,13.8504,26.9853,0.507138530760578,456.48,112.86,602.0866666666667,649.7266666666668,False,False,False,False,False,False,True,False,False,False,569.75445,113.36554999999998,65.2194,-53.65939999999999,25.20415,-60.27415,569.75445,0.0,Severe,Zone_007
2026-02-06 22:00:00,6.86,202.4,20.9,56.1,170.45,1164.05,-29,1,2.17,722.99,94.25,-15.68,22,6,2,4,0,-0.5000000000000004,0.8660254037844384,-0.3810703763502741,-0.9245460336123132,1334.5,181.3179347826087,14.8862,11.7249,0.1277257399775196,683.12,11.56,589.6366666666667,567.1366666666668,False,False,False,False,False,False,True,False,False,False,569.75445,153.23555,65.2194,29.030600000000007,25.20415,-40.88415,569.75445,0.0,Severe,Zone_007
2026-02-07 11:00:00,3.26,31.2,12.6,38.7,328.12,1004.66,18,1,4.36,601.58,11.64,83.01,11,7,2,5,1,0.258819045102521,-0.9659258262890682,0.5180270093731302,0.8553642601605066,1332.78,354.46276595744683,14.2136,4.8762,0.2461921697504464,722.99,94.25,620.8633333333333,646.86,False,False,False,False,False,False,True,False,False,False,569.75445,31.82555000000002,65.2194,-53.57939999999999,25.20415,57.80585000000001,569.75445,0.0,High,Zone_007
2026-02-08 17:00:00,8.56,13.1,26.6,36.8,245.13,406.58,-22,0,1.41,537.56,19.55,53.83,17,8,2,6,1,-0.9659258262890684,-0.2588190451025206,0.226651307436855,0.9739759672790516,651.71,71.93267108167771,12.0696,9.7888,0.3761335563364072,601.58,11.64,669.23,966.14,False,False,False,False,False,False,True,False,False,False,569.75445,-32.194450000000074,65.2194,-45.669399999999996,25.20415,28.62585,569.75445,0.0,Moderate,Zone_007
2026-02-08 22:00:00,9.21,180.6,14.3,77.0,389.21,271.24,-17,0,0.05,650.71,81.44,-49.15,22,8,2,6,1,-0.5000000000000004,0.8660254037844384,-0.0104717841162454,-0.999945169365512,660.45,68.01750772399588,0.4605000000000001,11.011,0.5893103187220834,537.56,19.55,620.71,1106.33,False,False,False,False,False,False,True,False,False,False,569.75445,80.95555000000002,65.2194,16.220600000000005,25.20415,-74.35415,569.75445,0.0,High,Zone_007
2026-02-09 03:00:00,6.08,194.7,26.4,78.2,335.4,321.88,-17,0,1.82,718.4,106.38,42.72,3,9,2,0,0,0.7071067811865475,0.7071067811865476,-0.2537579445848055,-0.9672677527758768,657.28,99.89057750759878,11.0656,20.6448,0.5102848101265822,650.71,81.44,596.6166666666667,881.6466666666666,False,False,False,False,False,False,True,False,False,False,569.75445,148.64554999999996,65.2194,41.1606,25.20415,17.51585,569.75445,0.0,Severe,Zone_007
2026-02-09 09:00:00,10.3,251.8,15.8,55.1,433.08,912.01,-5,1,3.04,484.64,20.33,-34.27,9,9,2,0,0,0.7071067811865476,-0.7071067811865475,-0.9499720515246526,-0.3123349185122325,1345.09,124.54537037037036,31.312,8.7058,0.3219710205265075,718.4,106.38,635.5566666666667,656.48,False,False,False,False,False,False,True,False,False,False,569.75445,-85.11445000000003,65.2194,-44.889399999999995,25.20415,-59.47415,569.75445,0.0,Moderate,Zone_007
2026-02-09 14:00:00,11.58,230.2,27.0,48.6,303.44,890.67,-22,0,3.82,580.9,113.11,15.58,14,9,2,0,0,-0.4999999999999997,-0.8660254037844388,-0.768283523593523,-0.6401096994849559,1194.11,98.8501655629139,44.2356,13.122,0.2541139426016028,484.64,20.33,617.9166666666666,887.6066666666666,False,False,False,False,False,False,True,False,False,False,569.75445,11.145549999999957,65.2194,47.890600000000006,25.20415,-9.624149999999998,569.75445,0.0,High,Zone_007
2026-02-09 21:00:00,1.95,285.9,27.6,62.6,473.89,846.19,-12,0,4.46,513.48,104.13,-0.15,21,9,2,0,0,-0.7071067811865477,0.7071067811865474,-0.9617413095492116,0.2739592186924319,1320.08,538.808163265306,8.697,17.277600000000003,0.3589858190412702,580.9,113.11,594.6466666666666,1065.493333333333,False,False,False,False,False,False,True,False,False,False,569.75445,-56.27445,65.2194,38.9106,25.20415,-25.354149999999997,569.75445,0.0,Moderate,Zone_007
2026-02-10 03:00:00,10.84,322.7,33.0,64.5,206.04,324.48,-8,0,3.92,686.91,119.48,87.1,3,10,2,1,0,0.7071067811865475,0.7071067811865476,-0.6059884002657115,0.7954734808548956,530.52,46.78306878306879,42.4928,21.285,0.3883736711151323,513.48,104.13,526.34,1286.4266666666665,False,False,False,False,False,False,True,False,False,False,569.75445,117.15554999999995,65.2194,54.26060000000001,25.20415,61.895849999999996,569.75445,0.0,Severe,Zone_007
2026-02-11 10:00:00,6.69,199.9,11.0,63.0,338.96,920.01,-3,0,2.94,476.37,85.03,95.59,10,11,2,2,0,0.4999999999999999,-0.8660254037844387,-0.3403795502130501,-0.9402881270104188,1258.97,175.1001390820584,19.6686,6.93,0.2692359627314392,686.91,119.48,593.7633333333334,1014.9033333333332,False,False,False,False,False,False,True,False,False,False,569.75445,-93.38445000000002,65.2194,19.810600000000008,25.20415,70.38585,569.75445,0.0,Low,Zone_007
2026-02-12 09:00:00,11.8,268.3,20.2,44.0,225.33,384.78,-30,1,1.9,453.42,31.05,-48.56,9,12,2,3,0,0.7071067811865476,-0.7071067811865475,-0.999559860119384,-0.0296662440851108,610.11,49.60243902439024,22.42,8.888,0.3693268427004966,476.37,85.03,558.9200000000001,1036.5233333333333,False,False,False,False,False,False,True,False,False,False,569.75445,-116.33445,65.2194,-34.169399999999996,25.20415,-73.76415,569.75445,0.0,Low,Zone_007
2026-02-12 16:00:00,10.5,238.1,17.6,52.9,61.16,602.68,-13,0,4.76,528.64,71.68,28.39,16,12,2,3,0,-0.8660254037844384,-0.5000000000000004,-0.8489716876291414,-0.5284383347223472,663.8399999999999,60.3490909090909,49.98,9.3104,0.0921306338876837,453.42,31.05,538.9,799.8666666666667,False,False,False,False,False,False,True,False,False,False,569.75445,-41.11445000000003,65.2194,6.460600000000014,25.20415,3.185850000000002,569.75445,0.0,Moderate,Zone_007
2026-02-12 20:00:00,4.25,255.2,10.4,46.8,347.51,828.08,27,0,3.25,727.85,47.75,7.82,20,12,2,3,0,-0.8660254037844386,0.5000000000000001,-0.9668233886044594,-0.2554457579357906,1175.59,247.4926315789474,13.8125,4.8672,0.2956047601629819,528.64,71.68,486.14333333333343,844.3066666666667,False,False,False,False,False,False,True,False,False,False,569.75445,158.09555,65.2194,-17.469399999999993,25.20415,-17.384149999999998,569.75445,0.0,Severe,Zone_007
2026-02-13 15:00:00,5.32,80.5,21.3,78.6,324.36,459.92,-7,0,3.11,488.77,10.68,21.92,15,13,2,4,0,-0.7071067811865471,-0.7071067811865479,0.9862856015372314,0.1650476058606776,784.28,134.75601374570445,16.5452,16.741799999999998,0.4135767838017035,727.85,47.75,569.9700000000001,816.5133333333333,False,False,False,False,False,False,True,False,False,False,569.75445,-80.98445000000004,65.2194,-54.53939999999999,25.20415,-3.284149999999997,569.75445,0.0,Moderate,Zone_007
2026-02-13 23:00:00,4.73,337.8,13.8,71.5,175.75,922.9,11,1,1.37,495.49,86.13,-44.42,23,13,2,4,0,-0.2588190451025215,0.965925826289068,-0.3778407868184672,0.9258705848099948,1098.65,210.0669216061185,6.480100000000001,9.867,0.1599690529285941,488.77,10.68,581.7533333333334,874.57,False,False,False,False,False,False,True,False,False,False,569.75445,-74.26445000000001,65.2194,20.910600000000002,25.20415,-69.62415,569.75445,0.0,Moderate,Zone_007
2026-02-14 11:00:00,11.62,200.8,34.5,36.9,373.04,250.77,-8,1,2.89,412.57,88.69,1.4,11,14,2,5,1,0.258819045102521,-0.9659258262890682,-0.355106962408137,-0.9348256763960144,623.8100000000001,51.46947194719473,33.5818,12.7305,0.5980025969445825,495.49,86.13,570.7033333333334,1019.5066666666668,False,False,False,False,False,False,True,False,False,False,569.75445,-157.18445000000003,65.2194,23.470600000000005,25.20415,-23.80415,569.75445,0.0,Low,Zone_007
2026-02-14 21:00:00,10.0,57.5,14.6,39.5,186.18,782.62,7,1,1.84,720.6,51.27,0.94,21,14,2,5,1,-0.7071067811865477,0.7071067811865474,0.8433914458128857,0.5372996083468239,968.8,92.26666666666668,18.4,5.767,0.1921758876961189,412.57,88.69,465.61000000000007,835.58,False,False,False,False,False,False,True,False,False,False,569.75445,150.84555,65.2194,-13.94939999999999,25.20415,-24.264149999999997,569.75445,0.0,Severe,Zone_007
2026-02-14 23:00:00,1.13,102.7,10.5,91.6,247.25,774.61,13,0,4.24,516.61,24.69,78.73,23,14,2,5,1,-0.2588190451025215,0.965925826289068,0.9755345439458566,-0.2198462043528374,1021.86,626.9079754601228,4.7912,9.618,0.2419607382616014,720.6,51.27,542.8866666666668,897.0866666666667,False,False,False,False,False,False,True,False,False,False,569.75445,-53.144450000000006,65.2194,-40.529399999999995,25.20415,53.525850000000005,569.75445,0.0,Moderate,Zone_007
2026-02-15 19:00:00,10.75,113.7,18.2,91.0,53.71,375.41,20,1,4.6,677.9,63.68,95.13,19,15,2,6,1,-0.9659258262890684,0.2588190451025203,0.9156625933395612,-0.4019477766559601,429.12,38.144,49.45,16.562,0.1251631245339299,516.61,24.69,549.9266666666667,871.4900000000001,False,False,False,False,False,False,True,False,False,False,569.75445,108.14554999999996,65.2194,-1.5393999999999934,25.20415,69.92585,569.75445,0.0,Severe,Zone_007
2026-02-15 20:00:00,5.79,262.5,24.7,65.3,445.87,696.97,-15,0,0.21,524.8,89.51,-8.39,20,15,2,6,1,-0.8660254037844386,0.5000000000000001,-0.9914448613738104,-0.1305261922200516,1142.84,181.69157392686807,1.2159,16.129099999999998,0.3901421021315319,677.9,63.68,638.3700000000001,806.5933333333334,False,False,False,False,False,False,True,False,False,False,569.75445,-44.954450000000065,65.2194,24.290600000000012,25.20415,-33.59415,569.75445,0.0,Moderate,Zone_007
2026-02-16 03:00:00,2.62,109.3,27.3,63.6,193.07,291.79,22,0,0.77,445.07,83.24,66.33,3,16,2,0,0,0.7071067811865475,0.7071067811865476,0.9438009515832296,-0.3305143927132229,484.86,155.40384615384616,2.0174000000000003,17.3628,0.3981974178113269,524.8,89.51,573.1033333333334,864.6066666666667,False,False,False,False,False,False,True,False,False,False,569.75445,-124.68445000000003,65.2194,18.0206,25.20415,41.12585,569.75445,0.0,Low,Zone_007
2026-02-16 04:00:00,0.95,143.5,11.8,31.0,299.22,970.73,10,0,1.51,492.85,39.97,44.64,4,16,2,0,0,0.8660254037844386,0.5000000000000001,0.5948227867513413,-0.8038568606172173,1269.95,875.8275862068966,1.4345,3.658,0.235615575416355,445.07,83.24,549.2566666666668,685.6066666666667,False,False,False,False,False,False,True,False,False,False,569.75445,-76.90445,65.2194,-25.249399999999994,25.20415,19.435850000000002,569.75445,0.0,Moderate,Zone_007
2026-02-16 06:00:00,9.41,168.3,29.3,63.4,69.05,555.01,-14,1,0.82,731.18,21.43,96.28,6,16,2,0,0,1.0,6.123233995736766e-17,0.2027872953565123,-0.979222810621766,624.06,62.97275479313824,7.7162,18.5762,0.1106464122039547,492.85,39.97,487.57333333333344,965.8833333333336,False,False,False,False,False,False,True,False,False,False,569.75445,161.42554999999993,65.2194,-43.78939999999999,25.20415,71.07585,569.75445,0.0,Severe,Zone_007
2026-02-16 10:00:00,5.43,35.3,10.7,57.0,348.95,841.43,-25,1,0.03,574.56,19.76,90.89,10,16,2,0,0,0.4999999999999999,-0.8660254037844387,0.5778576243835053,0.8161375900801603,1190.38,200.73861720067453,0.1629,6.099,0.2931416858482165,731.18,21.43,556.3666666666667,792.9566666666668,False,False,False,False,False,False,True,False,False,False,569.75445,4.805549999999926,65.2194,-45.45939999999999,25.20415,65.68585,569.75445,0.0,High,Zone_007
2026-02-16 13:00:00,0.62,39.8,16.5,43.0,138.95,163.85,9,0,0.48,546.94,46.62,75.5,13,16,2,0,0,-0.2588190451025208,-0.9659258262890684,0.6401096994849554,0.7682835235935234,302.79999999999995,270.3571428571428,0.2976,7.095,0.458883751651255,574.56,19.76,599.5300000000001,1028.13,False,False,False,False,False,False,True,False,False,False,569.75445,-22.814449999999965,65.2194,-18.599399999999996,25.20415,50.29585,569.75445,0.0,Moderate,Zone_007
2026-02-17 07:00:00,7.17,255.5,22.4,52.9,476.19,663.95,-18,0,1.16,587.71,82.98,18.68,7,17,2,1,0,0.9659258262890684,-0.2588190451025206,-0.9681476403781076,-0.2503800040544418,1140.14,148.64928292046935,8.3172,11.8496,0.4176592348308102,546.94,46.62,617.5600000000001,705.7466666666668,False,False,False,False,False,False,True,False,False,False,569.75445,17.955550000000017,65.2194,17.76060000000001,25.20415,-6.524149999999999,569.75445,0.0,High,Zone_007
2026-02-17 09:00:00,3.71,187.3,27.4,78.8,310.58,706.13,-23,0,1.07,683.7,37.58,94.26,9,17,2,1,0,0.7071067811865476,-0.7071067811865475,-0.1270646086013504,-0.9918944425900296,1016.71,241.498812351544,3.9697,21.5912,0.3054755043227665,587.71,82.98,569.7366666666668,877.7733333333335,False,False,False,False,False,False,True,False,False,False,569.75445,113.94555000000003,65.2194,-27.639399999999995,25.20415,69.05585,569.75445,0.0,Severe,Zone_007
2026-02-17 11:00:00,11.99,347.7,21.0,42.9,71.01,772.34,-11,0,1.06,577.03,118.05,34.11,11,17,2,1,0,0.258819045102521,-0.9659258262890682,-0.2130303862749767,0.9770455744352636,843.35,67.52201761409127,12.7094,9.009,0.0841999169976878,683.7,37.58,606.1166666666668,819.8833333333336,False,False,False,False,False,False,True,False,False,False,569.75445,7.275549999999953,65.2194,52.830600000000004,25.20415,8.905850000000001,569.75445,0.0,High,Zone_007
2026-02-17 13:00:00,7.15,292.0,30.6,81.5,191.18,315.27,-14,0,2.36,467.62,27.84,-13.89,13,17,2,1,0,-0.2588190451025208,-0.9659258262890684,-0.9271838545667874,0.3746065934159119,506.45,66.20261437908496,16.874,24.939,0.3774903741731661,577.03,118.05,616.1466666666668,1000.0666666666668,False,False,False,False,False,False,True,False,False,False,569.75445,-102.13445000000002,65.2194,-37.37939999999999,25.20415,-39.09415,569.75445,0.0,Low,Zone_007
2026-02-18 02:00:00,10.96,57.4,21.6,77.4,436.63,311.58,2,0,1.28,624.0,98.07,57.38,2,18,2,2,0,0.4999999999999999,0.8660254037844387,0.8424523970071476,0.538770785006863,748.21,65.28883071553228,14.028800000000002,16.718400000000003,0.5835661111185362,467.62,27.84,576.1166666666668,788.8366666666669,False,False,False,False,False,False,True,False,False,False,569.75445,54.24554999999998,65.2194,32.8506,25.20415,32.175850000000004,569.75445,0.0,High,Zone_007
2026-02-18 03:00:00,0.57,348.5,29.6,82.7,231.59,397.8,18,0,0.75,400.3,42.05,-3.56,3,18,2,2,0,0.7071067811865475,0.7071067811865476,-0.1993679344171973,0.9799247046208296,629.39,588.2149532710281,0.4275,24.4792,0.3679594528035081,624.0,98.07,556.2166666666667,699.3366666666667,False,False,False,False,False,False,True,False,False,False,569.75445,-169.45445,65.2194,-23.169399999999996,25.20415,-28.764149999999997,569.75445,0.0,Low,Zone_007
2026-02-18 19:00:00,5.16,117.7,17.9,61.3,110.02,328.68,24,1,4.3,744.59,105.79,-32.75,19,18,2,2,0,-0.9659258262890684,0.2588190451025203,0.8853936257544158,-0.4648420457246197,438.7,77.50883392226147,22.188,10.972699999999998,0.2507864144062001,400.3,42.05,497.3066666666668,628.0166666666669,False,False,False,False,False,False,True,False,False,False,569.75445,174.83555,65.2194,40.57060000000001,25.20415,-57.95415,569.75445,0.0,Severe,Zone_007
2026-02-19 04:00:00,6.42,191.6,22.9,75.0,159.84,673.56,-17,0,0.88,511.7,98.76,-42.36,4,19,2,3,0,0.8660254037844386,0.5000000000000001,-0.2010779211459643,-0.9795752495993442,833.4,120.43352601156067,5.6496,17.175,0.191792656587473,744.59,105.79,589.63,605.4333333333335,False,False,False,False,False,False,True,False,False,False,569.75445,-58.05445000000003,65.2194,33.54060000000001,25.20415,-67.56415,569.75445,0.0,Moderate,Zone_007
2026-02-19 12:00:00,5.47,223.2,19.9,47.1,409.2,508.29,23,0,0.85,436.91,38.36,50.66,12,19,2,3,0,1.2246467991473532e-16,-1.0,-0.6845471059286884,-0.7289686274214118,917.49,153.68341708542715,4.6495,9.3729,0.4459994114377268,511.7,98.76,552.1966666666668,633.8300000000002,False,False,False,False,False,False,True,False,False,False,569.75445,-132.84445,65.2194,-26.859399999999994,25.20415,25.455849999999998,569.75445,0.0,Low,Zone_007
2026-02-20 03:00:00,11.62,129.0,18.3,82.3,417.89,441.93,17,1,3.11,423.26,32.87,-21.46,3,20,2,4,0,0.7071067811865475,0.7071067811865476,0.777145961456971,-0.6293203910498373,859.8199999999999,70.94224422442244,36.1382,15.060899999999998,0.4860203298364774,436.91,38.36,564.4000000000001,729.8633333333333,False,False,False,False,False,False,True,False,False,False,569.75445,-146.49445000000003,65.2194,-32.349399999999996,25.20415,-46.66415,569.75445,0.0,Low,Zone_007
2026-02-20 14:00:00,5.04,115.2,31.5,84.0,195.27,1076.02,-3,0,4.92,420.8,101.91,27.82,14,20,2,4,0,-0.4999999999999997,-0.8660254037844388,0.9048270524660196,-0.4257792915650727,1271.29,229.47472924187724,24.7968,26.46,0.1535998867292278,423.26,32.87,457.2900000000001,870.2366666666668,False,False,False,False,False,False,True,False,False,False,569.75445,-148.95445,65.2194,36.6906,25.20415,2.615850000000002,569.75445,0.0,Low,Zone_007
2026-02-21 08:00:00,4.56,136.6,29.4,38.0,466.49,526.32,-29,0,1.45,445.35,24.24,49.6,8,21,2,5,1,0.8660254037844387,-0.4999999999999998,0.6870875108044231,-0.7265746709709758,992.81,196.20750988142296,6.611999999999999,11.172,0.4698683534613873,420.8,101.91,426.99000000000007,1016.2000000000002,False,False,False,False,False,False,True,False,False,False,569.75445,-124.40445,65.2194,-40.9794,25.20415,24.395850000000003,569.75445,0.0,Low,Zone_007
2026-02-21 13:00:00,4.06,17.4,16.3,86.5,167.05,334.81,23,0,3.04,467.38,53.18,-24.43,13,21,2,5,1,-0.2588190451025208,-0.9659258262890684,0.2990407922560866,0.9542403285162768,501.86,110.05701754385966,12.3424,14.0995,0.3328617542741003,445.35,24.24,429.8033333333335,1041.3066666666668,False,False,False,False,False,False,True,False,False,False,569.75445,-102.37445000000002,65.2194,-12.039399999999993,25.20415,-49.63415,569.75445,0.0,Low,Zone_007
2026-02-22 17:00:00,1.94,7.2,29.6,58.6,437.8,193.91,19,0,1.6,408.92,36.04,64.97,17,22,2,6,1,-0.9659258262890684,-0.2588190451025206,0.1253332335643042,0.992114701314478,631.71,258.8975409836066,3.104,17.3456,0.6930395276313498,467.38,53.18,444.5100000000001,921.9866666666668,False,False,False,False,False,False,True,False,False,False,569.75445,-160.83445,65.2194,-29.179399999999994,25.20415,39.76585,569.75445,0.0,Low,Zone_007
2026-02-23 07:00:00,4.14,231.2,30.1,65.7,201.37,319.41,-24,1,0.02,517.14,18.82,-16.3,7,23,2,0,0,0.9659258262890684,-0.2588190451025206,-0.7793379649314737,-0.626603811364461,520.78,112.23706896551724,0.0828,19.7757,0.3866699950074888,408.92,36.04,440.5500000000001,708.7933333333335,False,False,False,False,False,False,True,False,False,False,569.75445,-52.61445000000003,65.2194,-46.39939999999999,25.20415,-41.504149999999996,569.75445,0.0,Moderate,Zone_007
2026-02-23 14:00:00,8.4,71.6,15.5,34.3,76.37,653.6,24,1,2.45,497.05,74.42,27.25,14,23,2,0,0,-0.4999999999999997,-0.8660254037844388,0.9488760116444964,0.3156490369471025,729.97,82.0191011235955,20.58,5.3165,0.1046207378385413,517.14,18.82,464.48,551.4500000000002,False,False,False,False,False,False,True,False,False,False,569.75445,-72.70445000000001,65.2194,9.200600000000009,25.20415,2.0458500000000015,569.75445,0.0,Moderate,Zone_007
2026-02-24 02:00:00,5.63,336.5,33.2,50.3,300.94,202.59,12,0,1.62,596.44,10.44,-28.7,2,24,2,1,0,0.4999999999999999,0.8660254037844387,-0.3987490689252466,0.9170600743851238,503.53,82.14192495921696,9.1206,16.6996,0.5976605167517328,497.05,74.42,474.3700000000001,627.4866666666668,False,False,False,False,False,False,True,False,False,False,569.75445,26.685550000000035,65.2194,-54.779399999999995,25.20415,-53.90415,569.75445,0.0,High,Zone_007
2026-02-24 04:00:00,8.47,303.3,28.0,86.6,124.49,478.36,-2,1,3.4,732.49,38.14,37.27,4,24,2,1,0,0.8660254037844386,0.5000000000000001,-0.8358073613682703,0.5490228179981318,602.85,67.20735785953177,28.798,24.248,0.2065024467114539,596.44,10.44,536.8766666666668,584.7600000000001,False,False,False,False,False,False,True,False,False,False,569.75445,162.73555,65.2194,-27.079399999999993,25.20415,12.065850000000005,569.75445,0.0,Severe,Zone_007
2026-02-24 09:00:00,11.02,11.2,14.5,83.0,267.14,127.12,24,1,0.46,670.51,101.01,-36.42,9,24,2,1,0,0.7071067811865476,-0.7071067811865475,0.1942343512199719,0.9809551553491916,394.26,34.223958333333336,5.0692,12.035,0.6775731750621418,732.49,38.14,608.6600000000001,612.1166666666668,False,False,False,False,False,False,True,False,False,False,569.75445,100.75554999999997,65.2194,35.79060000000001,25.20415,-61.62415,569.75445,0.0,Severe,Zone_007
2026-02-24 11:00:00,9.15,86.7,13.4,51.1,182.15,670.25,-18,1,4.89,421.34,103.53,-42.36,11,24,2,1,0,0.258819045102521,-0.9659258262890682,0.9983418166140284,0.0575640269595673,852.4,88.33160621761658,44.7435,6.8474,0.2136907555138432,670.51,101.01,666.4800000000001,500.2133333333334,False,False,False,False,False,False,True,False,False,False,569.75445,-148.41445000000004,65.2194,38.31060000000001,25.20415,-67.56415,569.75445,0.0,Low,Zone_007
2026-02-24 16:00:00,7.16,240.1,34.9,88.3,74.0,862.2,28,0,2.0,732.73,76.84,69.98,16,24,2,1,0,-0.8660254037844384,-0.5000000000000004,-0.8668967489356025,-0.4984877397538308,936.2,122.21932114882507,14.32,30.8167,0.0790429395428327,421.34,103.53,608.1133333333333,616.5033333333334,False,False,False,False,False,False,True,False,False,False,569.75445,162.97555,65.2194,11.62060000000001,25.20415,44.775850000000005,569.75445,0.0,Severe,Zone_007
2026-02-24 19:00:00,7.76,223.7,17.9,44.1,499.7,147.54,-18,0,0.89,419.89,32.23,41.62,19,24,2,1,0,-0.9659258262890684,0.2588190451025203,-0.6908824110768583,-0.7229671459095682,647.24,78.35835351089588,6.9064,7.893899999999999,0.7720474630739756,732.73,76.84,608.1933333333334,727.6200000000002,False,False,False,False,False,False,True,False,False,False,569.75445,-149.86445000000003,65.2194,-32.989399999999996,25.20415,16.41585,569.75445,0.0,Low,Zone_007
2026-02-24 23:00:00,6.16,276.0,34.3,69.5,203.41,505.55,-18,0,0.81,687.29,81.24,4.15,23,24,2,1,0,-0.2588190451025215,0.965925826289068,-0.9945218953682734,0.1045284632676529,708.96,106.45045045045045,4.9896,23.8385,0.286913225005642,419.89,32.23,524.6533333333333,811.9466666666668,False,False,False,False,False,False,True,False,False,False,569.75445,117.53554999999994,65.2194,16.0206,25.20415,-21.05415,569.75445,0.0,Severe,Zone_007
2026-02-25 08:00:00,10.48,100.7,27.8,90.3,434.67,913.36,-20,1,1.41,428.64,92.02,-2.09,8,25,2,2,0,0.8660254037844387,-0.4999999999999998,0.9826127965436152,-0.1856666153855773,1348.03,122.77140255009108,14.7768,25.1034,0.3224483134648339,687.29,81.24,613.3033333333334,764.1333333333336,False,False,False,False,False,False,True,False,False,False,569.75445,-141.11445000000003,65.2194,26.800600000000003,25.20415,-27.29415,569.75445,0.0,Low,Zone_007
2026-02-25 09:00:00,8.64,68.9,27.2,51.6,221.71,299.16,27,0,1.44,634.01,42.44,62.4,9,25,2,2,0,0.7071067811865476,-0.7071067811865475,0.932953534825489,0.3599968081200512,520.87,56.98796498905908,12.4416,14.0352,0.4256532340123255,428.64,92.02,511.94000000000005,901.4100000000002,False,False,False,False,False,False,True,False,False,False,569.75445,64.25554999999997,65.2194,-22.779399999999995,25.20415,37.19585,569.75445,0.0,High,Zone_007
2026-02-25 10:00:00,1.72,181.5,18.0,62.7,383.02,1154.91,12,1,0.38,404.93,78.49,57.22,10,25,2,2,0,0.4999999999999999,-0.8660254037844387,-0.0261769483078731,-0.9996573249755571,1537.93,692.7612612612613,0.6536,11.286,0.2490490464455469,634.01,42.44,583.3133333333334,859.2866666666669,False,False,False,False,False,False,True,False,False,False,569.75445,-164.82445,65.2194,13.270600000000002,25.20415,32.01585,569.75445,0.0,Low,Zone_007
2026-02-25 20:00:00,6.58,217.4,23.4,77.8,306.67,703.83,24,0,0.87,580.16,68.1,-43.4,20,25,2,2,0,-0.8660254037844386,0.5000000000000001,-0.6073758397232868,-0.794414620535418,1010.5,142.72598870056498,5.7246,18.2052,0.3034834240475012,404.93,78.49,489.1933333333334,1135.6100000000004,False,False,False,False,False,False,True,False,False,False,569.75445,10.405549999999948,65.2194,2.880600000000001,25.20415,-68.60415,569.75445,0.0,High,Zone_007
2026-02-26 00:00:00,5.5,138.1,27.0,72.5,299.98,304.61,23,0,4.16,513.61,86.56,86.91,0,26,2,3,0,0.0,1.0,0.6678325554710469,-0.7443115462311538,604.59,100.765,22.880000000000003,19.575,0.4961709588316049,580.16,68.1,539.7,1023.1000000000004,False,False,False,False,False,False,True,False,False,False,569.75445,-56.144450000000006,65.2194,21.34060000000001,25.20415,61.70585,569.75445,0.0,Moderate,Zone_007
2026-02-26 03:00:00,2.03,102.3,10.5,94.0,87.66,496.07,-14,0,3.24,667.5,84.41,55.96,3,26,2,3,0,0.7071067811865475,0.7071067811865476,0.9770455744352636,-0.2130303862749764,583.73,230.7233201581028,6.5772,9.87,0.1501721686396107,513.61,86.56,499.5666666666668,1051.006666666667,False,False,False,False,False,False,True,False,False,False,569.75445,97.74554999999998,65.2194,19.190600000000003,25.20415,30.755850000000002,569.75445,0.0,Severe,Zone_007
2026-02-26 12:00:00,1.73,282.2,24.6,89.9,424.74,570.46,18,1,4.75,469.97,84.85,19.24,12,26,2,3,0,1.2246467991473532e-16,-1.0,-0.977415894286096,0.2113247964553885,995.2,446.2780269058296,8.2175,22.115400000000005,0.4267885852090032,667.5,84.41,587.09,732.9400000000002,False,False,False,False,False,False,True,False,False,False,569.75445,-99.78444999999999,65.2194,19.6306,25.20415,-5.96415,569.75445,0.0,Low,Zone_007
2026-02-27 11:00:00,3.71,280.3,32.0,44.9,244.41,1171.33,-2,0,0.71,505.2,57.97,-40.74,11,27,2,4,0,0.258819045102521,-0.9659258262890682,-0.9838850379335417,0.1788022151163497,1415.74,336.28028503562945,2.6341,14.368,0.1726376312034695,469.97,84.85,550.3600000000001,727.8400000000003,False,False,False,False,False,False,True,False,False,False,569.75445,-64.55445000000003,65.2194,-7.249399999999994,25.20415,-65.94415000000001,569.75445,0.0,Moderate,Zone_007
2026-02-27 16:00:00,10.12,55.7,21.2,62.7,95.1,1106.17,-29,1,2.27,420.75,16.0,-12.83,16,27,2,4,0,-0.8660254037844384,-0.5000000000000004,0.8260982944957639,0.5635260489375714,1201.27,113.11393596986818,22.9724,13.2924,0.0791662157549926,505.2,57.97,547.5566666666667,998.2233333333336,False,False,False,False,False,False,True,False,False,False,569.75445,-149.00445000000002,65.2194,-49.21939999999999,25.20415,-38.03415,569.75445,0.0,Low,Zone_007
2026-02-28 13:00:00,7.87,30.9,26.8,44.8,355.42,541.46,22,0,4.04,447.35,78.36,79.39,13,28,2,5,1,-0.2588190451025208,-0.9659258262890684,0.51354125205817,0.8580649057236446,896.8800000000001,107.15412186379928,31.7948,12.0064,0.3962848987601463,420.75,16.0,465.3066666666668,1204.0700000000002,False,False,False,False,False,False,True,False,False,False,569.75445,-122.40445,65.2194,13.140600000000006,25.20415,54.18585,569.75445,0.0,Low,Zone_007
2026-03-03 07:00:00,1.99,296.2,21.2,57.1,323.91,168.55,29,1,3.12,695.02,67.53,87.11,7,3,3,1,0,0.9659258262890684,-0.2588190451025206,-0.8972583696743285,0.441505852791745,492.46,197.77510040160644,6.2088,12.1052,0.6577386995898145,447.35,78.36,457.7666666666667,1171.2966666666669,False,False,False,False,False,False,True,False,False,False,569.75445,125.26554999999996,65.2194,2.310600000000008,25.20415,61.90585,569.75445,0.0,Severe,Zone_007
2026-03-03 12:00:00,2.62,262.8,20.8,66.0,436.26,691.41,2,1,0.67,720.44,33.13,68.96,12,3,3,1,0,1.2246467991473532e-16,-1.0,-0.992114701314478,-0.1253332335643037,1127.67,361.4326923076923,1.7554,13.728,0.3868684987629359,695.02,67.53,521.0400000000001,863.5366666666669,False,False,False,False,False,False,True,False,False,False,569.75445,150.68555000000003,65.2194,-32.08939999999999,25.20415,43.755849999999995,569.75445,0.0,Severe,Zone_007
2026-03-03 16:00:00,7.61,256.0,23.9,89.5,401.79,450.68,10,1,3.0,510.88,35.46,26.08,16,3,3,1,0,-0.8660254037844384,-0.5000000000000004,-0.9702957262759964,-0.2419218955996677,852.47,105.1134401972873,22.83,21.3905,0.4713245040881204,720.44,33.13,620.9366666666667,839.0033333333336,False,False,False,False,False,False,True,False,False,False,569.75445,-58.874450000000024,65.2194,-29.759399999999992,25.20415,0.8758499999999998,569.75445,0.0,Moderate,Zone_007
2026-03-03 20:00:00,1.15,94.5,16.3,62.4,359.65,717.8,25,0,4.39,609.94,87.26,-21.3,20,3,3,1,0,-0.8660254037844386,0.5000000000000001,0.996917333733128,-0.0784590957278448,1077.4499999999998,652.9999999999999,5.048499999999999,10.1712,0.3337973919903476,510.88,35.46,642.1133333333333,824.2000000000002,False,False,False,False,False,False,True,False,False,False,569.75445,40.185550000000035,65.2194,22.040600000000012,25.20415,-46.504149999999996,569.75445,0.0,High,Zone_007
2026-03-04 07:00:00,2.52,180.5,13.6,77.3,148.22,617.6,2,1,2.24,737.7,14.71,24.64,7,4,3,2,0,0.9659258262890684,-0.2588190451025206,-0.0087265354983737,-0.9999619230641712,765.82,253.58278145695363,5.644800000000001,10.5128,0.1935441748713796,609.94,87.26,613.7533333333334,1019.1966666666668,False,False,False,False,False,False,True,False,False,False,569.75445,167.94555000000003,65.2194,-50.50939999999999,25.20415,-0.5641499999999979,569.75445,0.0,Severe,Zone_007
2026-01-01 02:00:00,1.98,180.2,24.8,50.5,432.11,164.68,-2,0,3.95,739.65,93.5,4.35,2,1,1,3,0,0.4999999999999999,0.8660254037844387,-0.0034906514152233,-0.9999939076577904,596.79,240.64112903225805,7.821000000000001,12.524,0.7240570384892508,571.7814935064936,61.91720779220779,572.2647835497836,886.2754978354978,False,False,False,False,False,False,False,True,False,False,569.75445,169.89554999999996,65.2194,28.280600000000007,25.20415,-20.854149999999997,569.75445,0.0,Severe,Zone_008
2026-01-01 08:00:00,6.25,246.0,22.6,47.1,58.36,949.37,7,0,4.41,689.05,117.08,89.23,8,1,1,3,0,0.8660254037844387,-0.4999999999999998,-0.913545457642601,-0.4067366430758001,1007.73,149.29333333333332,27.5625,10.6446,0.0579123376301191,739.65,93.5,739.65,596.79,False,False,False,False,False,False,False,True,False,False,569.75445,119.29554999999993,65.2194,51.860600000000005,25.20415,64.02585,569.75445,0.0,Severe,Zone_008
2026-01-01 11:00:00,2.65,111.4,23.5,69.4,468.18,468.34,-17,1,3.36,511.6,61.55,-9.71,11,1,1,3,0,0.258819045102521,-0.9659258262890682,0.9310558158625284,-0.3648767843376196,936.52,297.3079365079365,8.904,16.309,0.4999145773715457,689.05,117.08,714.3499999999999,802.26,False,False,False,False,False,False,False,True,False,False,569.75445,-58.15445,65.2194,-3.669399999999996,25.20415,-34.91415,569.75445,0.0,Moderate,Zone_008
2026-01-01 12:00:00,0.8,161.3,13.3,92.6,372.85,610.69,12,0,2.44,701.49,61.5,-26.82,12,1,1,3,0,1.2246467991473532e-16,-1.0,0.320612990585676,-0.9472102777460288,983.54,756.5692307692308,1.952,12.3158,0.3790898184110458,511.6,61.55,646.7666666666667,847.0133333333333,False,False,False,False,False,False,False,True,False,False,569.75445,131.73555,65.2194,-3.719399999999993,25.20415,-52.02415,569.75445,0.0,Severe,Zone_008
2026-01-01 17:00:00,2.76,127.6,13.4,83.8,127.44,645.06,13,1,0.04,683.83,13.04,50.31,17,1,1,3,0,-0.9659258262890684,-0.2588190451025206,0.7922896433551907,-0.6101451639012676,772.5,236.9631901840491,0.1104,11.2292,0.1649708737864077,701.49,61.5,634.0466666666667,975.93,False,False,False,False,False,False,False,True,False,False,569.75445,114.07555000000002,65.2194,-52.179399999999994,25.20415,25.105850000000004,569.75445,0.0,Severe,Zone_008
2026-01-03 01:00:00,10.98,193.4,23.6,59.5,263.19,622.75,-11,0,1.44,526.84,57.94,-7.58,1,3,1,5,1,0.2588190451025207,0.9659258262890684,-0.2317479034941573,-0.9727758782093966,885.94,77.17247386759583,15.8112,14.042,0.2970742939702462,683.83,13.04,632.3066666666667,897.52,False,False,False,False,False,False,False,True,False,False,569.75445,-42.91444999999999,65.2194,-7.279399999999995,25.20415,-32.78415,569.75445,0.0,Moderate,Zone_008
2026-01-03 06:00:00,8.57,14.0,26.5,35.8,424.14,885.46,10,0,3.54,664.99,60.61,93.55,6,3,1,5,1,1.0,6.123233995736766e-17,0.2419218955996677,0.9702957262759964,1309.6,144.38809261300992,30.3378,9.487,0.3238698839340256,526.84,57.94,637.3866666666667,880.66,False,False,False,False,False,False,False,True,False,False,569.75445,95.23554999999999,65.2194,-4.609399999999994,25.20415,68.34585,569.75445,0.0,Severe,Zone_008
2026-01-03 19:00:00,1.21,287.5,32.9,42.8,163.81,1043.79,-16,0,1.04,407.61,31.45,63.36,19,3,1,5,1,-0.9659258262890684,0.2588190451025203,-0.9537169507482268,0.3007057995042734,1207.6,706.1988304093567,1.2584,14.0812,0.1356492215965551,664.99,60.61,625.22,989.3466666666668,False,False,False,False,False,False,False,True,False,False,569.75445,-162.14445,65.2194,-33.76939999999999,25.20415,38.15585,569.75445,0.0,Low,Zone_008
2026-01-03 22:00:00,2.36,327.7,18.0,92.3,470.85,539.23,-3,0,4.6,651.17,118.5,40.96,22,3,1,5,1,-0.5000000000000004,0.8660254037844384,-0.5343523493898269,0.8452618332218558,1010.08,353.17482517482523,10.855999999999998,16.613999999999997,0.4661511959448756,407.61,31.45,533.1466666666666,1134.38,False,False,False,False,False,False,False,True,False,False,569.75445,81.41554999999994,65.2194,53.28060000000001,25.20415,15.755850000000002,569.75445,0.0,High,Zone_008
2026-01-04 02:00:00,4.58,157.6,28.0,43.6,443.02,1100.69,-21,0,2.99,464.62,35.75,99.92,2,4,1,6,1,0.4999999999999999,0.8660254037844387,0.3810703763502743,-0.924546033612313,1543.71,303.87992125984255,13.6942,12.208,0.2869839542401098,651.17,118.5,574.59,1175.76,False,False,False,False,False,False,False,True,False,False,569.75445,-105.13445000000002,65.2194,-29.469399999999993,25.20415,74.71585,569.75445,0.0,Low,Zone_008
2026-01-04 10:00:00,7.95,91.0,14.8,81.5,261.99,382.68,-27,1,0.84,626.52,30.99,47.72,10,4,1,6,1,0.4999999999999999,-0.8660254037844387,0.9998476951563912,-0.0174524064372834,644.6700000000001,76.2923076923077,6.678,12.062,0.4063939690073991,464.62,35.75,507.8,1253.7966666666666,False,False,False,False,False,False,False,True,False,False,569.75445,56.76554999999996,65.2194,-34.2294,25.20415,22.51585,569.75445,0.0,High,Zone_008
2026-01-04 12:00:00,9.86,96.5,22.1,55.9,189.57,111.26,-28,0,3.83,725.61,90.37,68.29,12,4,1,6,1,1.2246467991473532e-16,-1.0,0.9935718556765876,-0.1132032137679067,300.83,29.037644787644787,37.7638,12.3539,0.6301565668317655,626.52,30.99,580.77,1066.1533333333334,False,False,False,False,False,False,False,True,False,False,569.75445,155.85555,65.2194,25.15060000000001,25.20415,43.08585000000001,569.75445,0.0,Severe,Zone_008
2026-01-04 13:00:00,11.32,328.4,18.9,41.1,253.1,124.38,11,0,4.69,594.03,19.78,99.21,13,4,1,6,1,-0.2588190451025208,-0.9659258262890684,-0.5239859059700797,0.8517269341430473,377.48,31.93570219966159,53.09080000000001,7.7679,0.6704990992900286,725.61,90.37,605.5833333333334,829.7366666666667,False,False,False,False,False,False,False,True,False,False,569.75445,24.275549999999953,65.2194,-45.43939999999999,25.20415,74.00585,569.75445,0.0,High,Zone_008
2026-01-04 16:00:00,2.24,92.6,26.0,66.2,490.67,363.44,-8,0,2.35,598.31,71.23,84.32,16,4,1,6,1,-0.8660254037844384,-0.5000000000000004,0.9989705697907147,-0.0453629881292535,854.11,311.71897810218974,5.264000000000001,17.212,0.5744810387420825,594.03,19.78,648.72,440.9933333333333,False,False,False,False,False,False,False,True,False,False,569.75445,28.555549999999926,65.2194,6.010600000000011,25.20415,59.115849999999995,569.75445,0.0,High,Zone_008
2026-01-05 03:00:00,1.17,38.7,25.6,72.8,423.02,900.91,3,0,0.92,736.63,49.65,56.98,3,5,1,0,0,0.7071067811865475,0.7071067811865476,0.6252426563357052,0.7804304073383297,1323.9299999999998,792.7724550898203,1.0764,18.6368,0.3195184035409727,598.31,71.23,639.3166666666666,510.8066666666667,False,False,False,False,False,False,False,True,False,False,569.75445,166.87554999999998,65.2194,-15.569399999999995,25.20415,31.77585,569.75445,0.0,Severe,Zone_008
2026-01-05 08:00:00,4.47,359.8,33.7,35.7,328.59,572.84,-2,1,4.48,415.71,78.94,82.23,8,5,1,0,0,0.8660254037844387,-0.4999999999999998,-0.0034906514152237,0.9999939076577904,901.43,181.37424547283703,20.0256,12.0309,0.3645208169242203,736.63,49.65,642.9899999999999,851.84,False,False,False,False,False,False,False,True,False,False,569.75445,-154.04445000000004,65.2194,13.720600000000005,25.20415,57.025850000000005,569.75445,0.0,Low,Zone_008
2026-01-05 11:00:00,1.41,238.6,11.9,33.8,53.25,106.22,-19,1,4.8,654.35,40.57,53.85,11,5,1,0,0,0.258819045102521,-0.9659258262890682,-0.8535507972753275,-0.5210096318405762,159.47,83.49214659685865,6.768,4.0222,0.3339186053803223,415.71,78.94,583.55,1026.49,False,False,False,False,False,False,False,True,False,False,569.75445,84.59555,65.2194,-24.649399999999993,25.20415,28.645850000000003,569.75445,0.0,High,Zone_008
2026-01-07 09:00:00,10.88,147.9,16.7,68.0,237.67,956.24,-23,0,1.37,662.79,86.27,11.43,9,7,1,2,0,0.7071067811865476,-0.7071067811865475,0.5313985795180828,-0.8471219213821372,1193.91,104.91300527240772,14.905600000000002,11.356,0.1990686065113785,654.35,40.57,602.23,794.9433333333333,False,False,False,False,False,False,False,True,False,False,569.75445,93.03554999999994,65.2194,21.050600000000003,25.20415,-13.774149999999999,569.75445,0.0,Severe,Zone_008
2026-01-07 15:00:00,10.0,6.0,22.2,87.0,367.16,837.73,-28,0,1.68,512.75,97.65,29.24,15,7,1,2,0,-0.7071067811865471,-0.7071067811865479,0.1045284632676534,0.9945218953682732,1204.89,114.75142857142858,16.8,19.314,0.3047249126476276,662.79,86.27,577.6166666666667,751.6033333333335,False,False,False,False,False,False,False,True,False,False,569.75445,-57.00445000000002,65.2194,32.43060000000001,25.20415,4.03585,569.75445,0.0,Moderate,Zone_008
2026-01-07 17:00:00,4.56,85.1,16.7,77.6,245.57,169.34,-12,0,2.49,597.24,50.02,91.32,17,7,1,2,0,-0.9659258262890684,-0.2588190451025206,0.9963452961909064,0.0854169231373675,414.91,81.99802371541502,11.3544,12.9592,0.5918632956544793,512.75,97.65,609.9633333333334,852.7566666666668,False,False,False,False,False,False,False,True,False,False,569.75445,27.48554999999999,65.2194,-15.19939999999999,25.20415,66.11585,569.75445,0.0,High,Zone_008
2026-01-08 06:00:00,7.07,7.2,14.9,67.3,95.17,971.44,16,0,3.32,439.3,17.26,77.46,6,8,1,3,0,1.0,6.123233995736766e-17,0.1253332335643042,0.992114701314478,1066.61,140.89960369881112,23.4724,10.0277,0.0892266151639305,597.24,50.02,590.9266666666666,937.9033333333336,False,False,False,False,False,False,False,True,False,False,569.75445,-130.45445,65.2194,-47.95939999999999,25.20415,52.255849999999995,569.75445,0.0,Low,Zone_008
2026-01-09 00:00:00,4.9,312.1,23.2,36.2,130.28,983.44,-11,1,2.41,424.38,69.61,86.75,0,9,1,4,0,0.0,1.0,-0.7419758409756162,0.6704266189587993,1113.72,206.24444444444444,11.809,8.3984,0.1169773372122257,439.3,17.26,516.43,895.4700000000001,False,False,False,False,False,False,False,True,False,False,569.75445,-145.37445000000002,65.2194,4.390600000000006,25.20415,61.54585,569.75445,0.0,Low,Zone_008
2026-01-09 03:00:00,6.32,175.6,12.2,43.9,399.59,1041.93,-17,1,3.59,737.75,13.96,46.53,3,9,1,4,0,0.7071067811865475,0.7071067811865476,0.0767190281268188,-0.9970527522269202,1441.52,211.366568914956,22.6888,5.3558,0.2772004550751984,424.38,69.61,486.97333333333336,865.08,False,False,False,False,False,False,False,True,False,False,569.75445,167.99554999999998,65.2194,-51.25939999999999,25.20415,21.325850000000003,569.75445,0.0,Severe,Zone_008
2026-01-10 00:00:00,1.92,227.4,11.6,53.7,127.31,171.55,30,0,4.93,400.44,116.37,5.05,0,10,1,5,1,0.0,1.0,-0.7360970871197342,-0.6768759696826608,298.86,123.49586776859503,9.465599999999998,6.2292,0.4259854112293381,737.75,13.96,533.8100000000001,1207.2833333333335,False,False,False,False,False,False,False,True,False,False,569.75445,-169.31445000000002,65.2194,51.15060000000001,25.20415,-20.154149999999998,569.75445,0.0,Low,Zone_008
2026-01-10 03:00:00,4.62,135.3,20.1,79.1,138.05,559.2,24,0,0.8,468.82,15.93,29.73,3,10,1,5,1,0.7071067811865475,0.7071067811865476,0.7033947028105039,-0.7107994738729925,697.25,136.181640625,3.696,15.8991,0.197992111868053,400.44,116.37,520.8566666666667,951.3666666666668,False,False,False,False,False,False,False,True,False,False,569.75445,-100.93445000000003,65.2194,-49.28939999999999,25.20415,4.525850000000002,569.75445,0.0,Low,Zone_008
2026-01-11 03:00:00,1.62,242.4,17.7,40.7,427.4,123.13,5,1,1.16,532.11,20.07,-36.51,3,11,1,6,1,0.7071067811865475,0.7071067811865476,-0.8862035792312145,-0.4632960351198621,550.53,259.6839622641509,1.8792,7.2039,0.7763427969411295,468.82,15.93,535.67,812.5433333333334,False,False,False,False,False,False,False,True,False,False,569.75445,-37.644450000000006,65.2194,-45.14939999999999,25.20415,-61.71415,569.75445,0.0,Moderate,Zone_008
2026-01-11 05:00:00,9.67,321.3,26.6,93.7,426.98,362.59,30,1,3.97,405.82,49.96,14.01,5,11,1,6,1,0.9659258262890684,0.2588190451025207,-0.6252426563357051,0.7804304073383298,789.5699999999999,77.63716814159291,38.3899,24.9242,0.5407753587395672,532.11,20.07,467.1233333333333,515.5466666666667,False,False,False,False,False,False,False,True,False,False,569.75445,-163.93445000000003,65.2194,-15.259399999999992,25.20415,-11.194149999999999,569.75445,0.0,Low,Zone_008
2026-01-11 07:00:00,6.79,119.1,21.5,44.8,87.32,722.12,-10,0,2.57,483.45,118.18,66.74,7,11,1,6,1,0.9659258262890684,-0.2588190451025206,0.8737722230354653,-0.4863353804234904,809.44,111.03429355281207,17.4503,9.632,0.1078770508005534,405.82,49.96,468.9166666666667,679.1166666666667,False,False,False,False,False,False,False,True,False,False,569.75445,-86.30445000000003,65.2194,52.960600000000014,25.20415,41.535849999999996,569.75445,0.0,Moderate,Zone_008
2026-01-11 10:00:00,1.34,140.2,10.6,69.6,458.55,526.85,-27,1,0.86,555.33,48.82,37.39,10,11,1,6,1,0.4999999999999999,-0.8660254037844387,0.6401096994849558,-0.7682835235935231,985.4,535.5434782608696,1.1524,7.377599999999998,0.4653440227318855,483.45,118.18,473.79333333333335,716.5133333333333,False,False,False,False,False,False,False,True,False,False,569.75445,-14.424449999999979,65.2194,-16.399399999999993,25.20415,12.185850000000002,569.75445,0.0,Moderate,Zone_008
2026-01-11 13:00:00,9.5,76.3,15.7,88.1,275.33,557.68,25,0,3.54,484.19,58.84,-49.63,13,11,1,6,1,-0.2588190451025208,-0.9659258262890684,0.971549119997646,0.2368381460656187,833.01,83.301,33.63,13.831699999999998,0.3305242434064417,555.33,48.82,481.5333333333333,861.4700000000001,False,False,False,False,False,False,False,True,False,False,569.75445,-85.56445000000002,65.2194,-6.37939999999999,25.20415,-74.83415,569.75445,0.0,Moderate,Zone_008
2026-01-12 07:00:00,1.19,224.1,35.0,51.0,256.62,1030.98,5,1,4.75,594.95,95.5,89.11,7,12,1,0,0,0.9659258262890684,-0.2588190451025206,-0.6959127965923143,-0.7181262977631889,1287.6,761.8934911242603,5.6525,17.85,0.1993010251630941,484.19,58.84,507.6566666666667,875.9500000000002,False,False,False,False,False,False,False,True,False,False,569.75445,25.195550000000026,65.2194,30.280600000000007,25.20415,63.90585,569.75445,0.0,High,Zone_008
2026-01-12 08:00:00,8.46,111.2,25.2,71.9,163.3,846.31,11,0,1.74,584.08,61.6,7.46,8,12,1,0,0,0.8660254037844387,-0.4999999999999998,0.9323238012155122,-0.3616245700820923,1009.61,112.67968749999996,14.7204,18.1188,0.1617456245480928,594.95,95.5,544.8233333333334,1035.3366666666668,False,False,False,False,False,False,False,True,False,False,569.75445,14.325550000000021,65.2194,-3.6193999999999917,25.20415,-17.744149999999998,569.75445,0.0,High,Zone_008
2026-01-12 21:00:00,10.62,297.2,18.4,34.3,285.82,926.98,-24,0,3.33,517.3,77.38,54.77,21,12,1,0,0,-0.7071067811865477,0.7071067811865474,-0.8894163732912977,0.4570979270586938,1212.8,109.06474820143885,35.3646,6.311199999999999,0.235669525065963,584.08,61.6,554.4066666666666,1043.4066666666668,False,False,False,False,False,False,False,True,False,False,569.75445,-52.454450000000065,65.2194,12.160600000000002,25.20415,29.565850000000005,569.75445,0.0,Moderate,Zone_008
2026-01-13 13:00:00,9.04,5.0,27.0,75.3,431.94,748.2,-26,0,2.27,746.26,31.75,-37.05,13,13,1,1,0,-0.2588190451025208,-0.9659258262890684,0.0871557427476581,0.9961946980917455,1180.14,123.70440251572327,20.5208,20.331,0.3660074228481366,517.3,77.38,565.4433333333333,1170.003333333333,False,False,False,False,False,False,False,True,False,False,569.75445,176.50554999999997,65.2194,-33.46939999999999,25.20415,-62.254149999999996,569.75445,0.0,Severe,Zone_008
2026-01-14 05:00:00,6.41,62.1,30.8,64.1,61.86,188.04,1,1,3.61,570.37,59.03,60.82,5,14,1,2,0,0.9659258262890684,0.2588190451025207,0.8837656300886935,0.4679298142605733,249.9,36.16497829232996,23.1401,19.7428,0.2475390156062425,746.26,31.75,615.88,1134.1833333333334,False,False,False,False,False,False,False,True,False,False,569.75445,0.6155499999999847,65.2194,-6.189399999999992,25.20415,35.61585,569.75445,0.0,High,Zone_008
2026-01-14 06:00:00,3.81,314.1,13.1,77.1,382.61,366.56,18,0,1.62,561.34,100.02,62.47,6,14,1,2,0,1.0,6.123233995736766e-17,-0.7181262977631889,0.6959127965923142,749.1700000000001,173.8213457076566,6.1722,10.1001,0.5107118544522604,570.37,59.03,611.3100000000001,880.9466666666668,False,False,False,False,False,False,False,True,False,False,569.75445,-8.414449999999988,65.2194,34.8006,25.20415,37.26585,569.75445,0.0,Moderate,Zone_008
2026-01-14 15:00:00,5.92,294.4,34.9,53.9,300.23,462.05,28,0,1.1,595.37,61.72,50.15,15,14,1,2,0,-0.7071067811865471,-0.7071067811865479,-0.9106836608061772,0.4131044298245417,762.28,118.73520249221184,6.5120000000000005,18.8111,0.3938578999842578,561.34,100.02,625.9900000000001,726.4033333333335,False,False,False,False,False,False,False,True,False,False,569.75445,25.615549999999985,65.2194,-3.4993999999999943,25.20415,24.94585,569.75445,0.0,High,Zone_008
2026-01-15 02:00:00,10.74,308.2,24.0,61.5,443.1,1040.41,25,1,3.48,418.1,79.15,22.22,2,15,1,3,0,0.4999999999999999,0.8660254037844387,-0.7858568931754019,0.6184083953575542,1483.5100000000002,131.98487544483987,37.3752,14.76,0.2986835275798612,595.37,61.72,575.6933333333333,587.1166666666668,False,False,False,False,False,False,False,True,False,False,569.75445,-151.65445,65.2194,13.930600000000013,25.20415,-2.9841499999999996,569.75445,0.0,Low,Zone_008
2026-01-15 09:00:00,2.58,36.4,16.5,57.7,63.85,440.2,14,0,3.32,627.9,108.67,7.65,9,15,1,3,0,0.7071067811865476,-0.7071067811865475,0.5934188866037015,0.8048937973559142,504.05,163.6525974025974,8.5656,9.5205,0.1266739410772741,418.1,79.15,524.9366666666666,998.3200000000002,False,False,False,False,False,False,False,True,False,False,569.75445,58.14554999999996,65.2194,43.45060000000001,25.20415,-17.55415,569.75445,0.0,High,Zone_008
2026-01-16 06:00:00,11.23,184.9,33.6,83.2,245.93,405.54,-13,1,3.44,476.1,46.53,20.69,6,16,1,4,0,1.0,6.123233995736766e-17,-0.0854169231373673,-0.9963452961909064,651.47,55.53878942881501,38.6312,27.955200000000005,0.3775001151242574,627.9,108.67,547.1233333333333,916.6133333333336,False,False,False,False,False,False,False,True,False,False,569.75445,-93.65445,65.2194,-18.689399999999992,25.20415,-4.514149999999997,569.75445,0.0,Low,Zone_008
2026-01-16 15:00:00,11.96,299.5,30.3,43.1,487.08,720.89,-25,1,3.02,475.01,30.69,-28.09,15,16,1,4,0,-0.7071067811865471,-0.7071067811865479,-0.8703556959398998,0.4924235601034669,1207.97,96.94783306581058,36.1192,13.0593,0.4032219343195609,476.1,46.53,507.36666666666673,879.6766666666668,False,False,False,False,False,False,False,True,False,False,569.75445,-94.74445000000003,65.2194,-34.529399999999995,25.20415,-53.29415,569.75445,0.0,Low,Zone_008
2026-01-16 21:00:00,10.82,285.8,32.4,60.2,367.3,571.18,-13,1,2.65,572.65,13.41,-49.38,21,16,1,4,0,-0.7071067811865477,0.7071067811865474,-0.9622179935292852,0.2722802470405747,938.48,82.90459363957598,28.673,19.5048,0.391377546671213,475.01,30.69,526.3366666666667,787.8300000000003,False,False,False,False,False,False,False,True,False,False,569.75445,2.8955499999999574,65.2194,-51.8094,25.20415,-74.58415,569.75445,0.0,High,Zone_008
2026-01-17 15:00:00,9.31,93.0,13.0,79.1,299.23,332.14,-8,1,2.53,456.63,75.9,-8.46,15,17,1,5,1,-0.7071067811865471,-0.7071067811865479,0.9986295347545738,-0.0523359562429438,631.37,64.3598369011213,23.5543,10.283,0.4739376276984969,572.65,13.41,507.92,932.6400000000002,False,False,False,False,False,False,False,True,False,False,569.75445,-113.12445000000002,65.2194,10.680600000000013,25.20415,-33.66415,569.75445,0.0,Low,Zone_008
2026-01-19 04:00:00,10.36,18.7,31.5,87.8,210.94,483.89,-10,0,2.45,588.8,22.27,67.54,4,19,1,0,0,0.8660254037844386,0.5000000000000001,0.3206129905856762,0.9472102777460288,694.8299999999999,63.98066298342541,25.382,27.657,0.3035850495804729,456.63,75.9,501.43,925.9400000000002,False,False,False,False,False,False,False,True,False,False,569.75445,19.045549999999935,65.2194,-42.9494,25.20415,42.33585000000001,569.75445,0.0,High,Zone_008
2026-01-19 07:00:00,8.44,359.8,27.3,88.2,456.25,1171.33,5,0,3.13,450.5,33.49,-33.04,7,19,1,0,0,0.9659258262890684,-0.2588190451025206,-0.0034906514152237,0.9999939076577904,1627.58,182.05592841163312,26.4172,24.0786,0.2803241622531611,588.8,22.27,539.36,754.8933333333334,False,False,False,False,False,False,False,True,False,False,569.75445,-119.25445000000002,65.2194,-31.72939999999999,25.20415,-58.24415,569.75445,0.0,Low,Zone_008
2026-01-19 12:00:00,7.93,54.5,32.5,76.1,143.75,837.29,-25,0,0.15,532.61,27.48,-13.28,12,19,1,0,0,1.2246467991473532e-16,-1.0,0.8141155183563192,0.5807029557109398,981.04,116.37485172004745,1.1895,24.7325,0.1465281741825002,450.5,33.49,498.64333333333326,984.5933333333334,False,False,False,False,False,False,False,True,False,False,569.75445,-37.144450000000006,65.2194,-37.73939999999999,25.20415,-38.48415,569.75445,0.0,Moderate,Zone_008
2026-01-19 22:00:00,9.15,229.5,11.4,61.3,387.87,212.84,20,0,1.45,422.92,73.2,98.32,22,19,1,0,0,-0.5000000000000004,0.8660254037844384,-0.7604059656000312,-0.6494480483301834,600.71,62.24974093264249,13.2675,6.988199999999999,0.6456859383063375,532.61,27.48,523.9699999999999,1101.15,False,False,False,False,False,False,False,True,False,False,569.75445,-146.83445,65.2194,7.98060000000001,25.20415,73.11585,569.75445,0.0,Low,Zone_008
2026-01-20 07:00:00,3.4,175.5,15.0,56.5,431.46,116.4,28,0,1.44,591.39,10.47,-35.93,7,20,1,1,0,0.9659258262890684,-0.2588190451025206,0.078459095727845,-0.996917333733128,547.86,140.47692307692307,4.896,8.475,0.7875369619975906,422.92,73.2,468.6766666666667,1069.7766666666669,False,False,False,False,False,False,False,True,False,False,569.75445,21.635549999999967,65.2194,-54.749399999999994,25.20415,-61.13415,569.75445,0.0,High,Zone_008
2026-01-20 19:00:00,8.78,301.0,26.1,56.1,304.17,269.37,-21,1,0.56,567.84,10.03,66.17,19,20,1,1,0,-0.9659258262890684,0.2588190451025203,-0.8571673007021123,0.5150380749100542,573.54,61.803879310344826,4.9168,14.6421,0.5303379014541271,591.39,10.47,515.64,709.8700000000002,False,False,False,False,False,False,False,True,False,False,569.75445,-1.914449999999988,65.2194,-55.18939999999999,25.20415,40.96585,569.75445,0.0,Moderate,Zone_008
2026-01-21 04:00:00,8.22,20.1,31.8,47.6,367.06,708.74,-9,1,0.7,585.11,30.7,-44.47,4,21,1,2,0,0.8660254037844386,0.5000000000000001,0.343659694585616,0.9390942520947092,1075.8,123.3715596330275,5.754,15.1368,0.3411972485592117,567.84,10.03,527.3833333333333,574.0366666666669,False,False,False,False,False,False,False,True,False,False,569.75445,15.355549999999994,65.2194,-34.51939999999999,25.20415,-69.67415,569.75445,0.0,High,Zone_008
2026-01-21 12:00:00,1.04,202.2,28.7,45.1,443.77,141.8,-1,1,4.59,624.85,47.76,48.56,12,21,1,2,0,1.2246467991473532e-16,-1.0,-0.3778407868184669,-0.9258705848099948,585.5699999999999,380.2402597402597,4.7736,12.943700000000002,0.7578427856618338,585.11,30.7,581.4466666666667,732.4000000000001,False,False,False,False,False,False,False,True,False,False,569.75445,55.09555,65.2194,-17.459399999999995,25.20415,23.355850000000004,569.75445,0.0,High,Zone_008
2026-01-23 14:00:00,11.02,43.7,12.4,56.2,217.61,469.02,-7,0,4.28,435.76,107.45,-45.64,14,23,1,4,0,-0.4999999999999997,-0.8660254037844388,0.6908824110768584,0.7229671459095681,686.63,59.60329861111112,47.1656,6.968800000000001,0.3169246901533577,624.85,47.76,592.6,744.9699999999999,False,False,False,False,False,False,False,True,False,False,569.75445,-133.99445000000003,65.2194,42.23060000000001,25.20415,-70.84415,569.75445,0.0,Low,Zone_008
2026-01-24 00:00:00,6.39,231.9,32.9,31.2,399.27,948.99,15,0,4.1,537.67,27.99,41.79,0,24,1,5,1,0.0,1.0,-0.7869350219613376,-0.6170358751407484,1348.26,195.68359941944848,26.199,10.2648,0.2961372435583641,435.76,107.45,548.5733333333334,782.6666666666666,False,False,False,False,False,False,False,True,False,False,569.75445,-32.08445000000006,65.2194,-37.2294,25.20415,16.58585,569.75445,0.0,Moderate,Zone_008
2026-01-24 21:00:00,9.45,238.9,32.0,41.0,387.74,717.22,0,1,0.75,610.63,95.09,-6.66,21,24,1,5,1,-0.7071067811865477,0.7071067811865474,-0.8562670846003281,-0.516533328866642,1104.96,111.05125628140703,7.0875,13.12,0.3509086301766579,537.67,27.99,532.7600000000001,873.4866666666668,False,False,False,False,False,False,False,True,False,False,569.75445,40.875549999999976,65.2194,29.87060000000001,25.20415,-31.86415,569.75445,0.0,High,Zone_008
2026-01-25 05:00:00,11.91,180.3,25.6,32.9,333.85,508.56,-30,0,3.64,517.38,114.69,59.17,5,25,1,6,1,0.9659258262890684,0.2588190451025207,-0.0052359638314195,-0.9999862922474267,842.4100000000001,67.88154713940371,43.3524,8.4224,0.396303462684441,610.63,95.09,528.02,1046.6166666666668,False,False,False,False,False,False,False,True,False,False,569.75445,-52.374450000000024,65.2194,49.470600000000005,25.20415,33.96585,569.75445,0.0,Moderate,Zone_008
2026-01-26 07:00:00,11.46,140.2,15.5,65.7,202.52,551.37,-29,0,1.76,427.46,63.57,52.62,7,26,1,0,0,0.9659258262890684,-0.2588190451025206,0.6401096994849558,-0.7682835235935231,753.89,63.03428093645484,20.169600000000003,10.1835,0.2686333549987399,517.38,114.69,555.2266666666667,1098.5433333333335,False,False,False,False,False,False,False,True,False,False,569.75445,-142.29445000000004,65.2194,-1.6493999999999929,25.20415,27.41585,569.75445,0.0,Low,Zone_008
2026-01-26 09:00:00,3.92,115.1,26.3,66.7,108.81,616.78,24,0,3.21,434.16,115.1,18.96,9,26,1,0,0,0.7071067811865476,-0.7071067811865475,0.9055687990111396,-0.4241994227453899,725.5899999999999,164.16063348416287,12.5832,17.5421,0.1499607216196475,427.46,63.57,518.4900000000001,900.4200000000002,False,False,False,False,False,False,False,True,False,False,569.75445,-135.59445,65.2194,49.8806,25.20415,-6.244149999999998,569.75445,0.0,Low,Zone_008
2026-01-26 11:00:00,4.18,317.3,10.0,88.6,203.39,1080.35,9,0,4.52,739.13,89.33,18.97,11,26,1,0,0,0.258819045102521,-0.9659258262890682,-0.6781596698680706,0.7349145951499598,1283.7399999999998,274.3034188034188,18.8936,8.86,0.1584355087478773,434.16,115.1,459.6666666666667,773.9633333333336,False,False,False,False,False,False,False,True,False,False,569.75445,169.37554999999998,65.2194,24.110600000000005,25.20415,-6.23415,569.75445,0.0,Severe,Zone_008
2026-01-26 15:00:00,7.8,112.1,16.6,36.4,93.63,521.21,-29,1,4.45,698.59,61.0,10.3,15,26,1,0,0,-0.7071067811865471,-0.7071067811865479,0.9265286308718372,-0.3762242631393655,614.84,74.07710843373494,34.71,6.0424,0.1522835209160106,739.13,89.33,533.5833333333334,921.0733333333334,False,False,False,False,False,False,False,True,False,False,569.75445,128.83555,65.2194,-4.219399999999993,25.20415,-14.904149999999998,569.75445,0.0,Severe,Zone_008
2026-01-27 11:00:00,2.79,10.5,24.2,77.2,243.39,1167.06,-6,0,2.85,451.28,111.86,88.49,11,27,1,1,0,0.258819045102521,-0.9659258262890682,0.1822355254921474,0.9832549075639546,1410.4499999999998,428.70820668693005,7.9515,18.6824,0.1725619483143677,698.59,61.0,623.96,874.7233333333335,False,False,False,False,False,False,False,True,False,False,569.75445,-118.47445000000005,65.2194,46.640600000000006,25.20415,63.285849999999996,569.75445,0.0,Low,Zone_008
2026-01-27 15:00:00,5.02,129.4,28.2,57.9,107.86,746.1,-23,0,4.24,559.25,56.84,-12.15,15,27,1,1,0,-0.7071067811865471,-0.7071067811865479,0.7727335734973508,-0.6347305132022678,853.96,154.70289855072463,21.2848,16.3278,0.1263056817649538,451.28,111.86,629.6666666666667,1103.01,False,False,False,False,False,False,False,True,False,False,569.75445,-10.50445000000002,65.2194,-8.37939999999999,25.20415,-37.35415,569.75445,0.0,Moderate,Zone_008
2026-01-29 07:00:00,4.35,169.1,25.7,42.6,277.93,155.23,8,0,4.89,707.01,113.23,-43.94,7,29,1,3,0,0.9659258262890684,-0.2588190451025206,0.1890954429898915,-0.9819587126964436,433.16,89.31134020618556,21.2715,10.9482,0.6416335765075262,559.25,56.84,569.7066666666667,959.75,False,False,False,False,False,False,False,True,False,False,569.75445,137.25554999999997,65.2194,48.01060000000001,25.20415,-69.14415,569.75445,0.0,Severe,Zone_008
2026-01-29 09:00:00,7.81,209.6,34.3,62.8,486.29,267.92,27,0,2.68,421.46,76.6,59.49,9,29,1,3,0,0.7071067811865476,-0.7071067811865475,-0.4939418665842307,-0.8694949295052191,754.21,90.75932611311674,20.9308,21.540399999999995,0.6447673724824651,707.01,113.23,572.5133333333333,899.19,False,False,False,False,False,False,False,True,False,False,569.75445,-148.29445000000004,65.2194,11.380600000000001,25.20415,34.28585,569.75445,0.0,Low,Zone_008
2026-01-30 17:00:00,3.93,118.6,22.3,59.9,147.17,271.89,6,0,2.31,565.76,108.46,35.94,17,30,1,4,0,-0.9659258262890684,-0.2588190451025206,0.8779829754279805,-0.4786918579406067,419.06,94.5959367945824,9.0783,13.3577,0.3511907602729919,421.46,76.6,562.5733333333334,680.4433333333335,False,False,False,False,False,False,False,True,False,False,569.75445,-3.994450000000029,65.2194,43.2406,25.20415,10.73585,569.75445,0.0,Moderate,Zone_008
2026-01-31 01:00:00,2.36,319.9,34.8,56.5,235.3,178.88,-21,1,4.17,463.94,59.56,-25.17,1,31,1,5,1,0.2588190451025207,0.9659258262890684,-0.6441236297613867,0.7649214009184316,414.18,144.8181818181818,9.8412,19.662,0.5681104833647207,565.76,108.46,564.7433333333333,535.4766666666668,False,False,False,False,False,False,False,True,False,False,569.75445,-105.81445000000002,65.2194,-5.659399999999991,25.20415,-50.37415,569.75445,0.0,Low,Zone_008
2026-01-31 06:00:00,10.67,17.2,32.0,40.2,52.57,820.42,-9,1,3.38,683.18,81.09,44.05,6,31,1,5,1,1.0,6.123233995736766e-17,0.2957080500440466,0.9552783621223436,872.99,78.15487914055505,36.0646,12.864,0.060218330106874,463.94,59.56,483.72,529.1500000000002,False,False,False,False,False,False,False,True,False,False,569.75445,113.42554999999993,65.2194,15.87060000000001,25.20415,18.84585,569.75445,0.0,Severe,Zone_008
2026-01-31 17:00:00,8.99,167.5,27.8,65.7,317.71,577.86,-11,1,0.88,519.69,95.19,-29.66,17,31,1,5,1,-0.9659258262890684,-0.2588190451025206,0.2164396139381027,-0.9762960071199334,895.5699999999999,94.36986301369862,7.9112,18.2646,0.3547573054032627,683.18,81.09,570.9599999999999,568.7433333333335,False,False,False,False,False,False,False,True,False,False,569.75445,-50.064449999999965,65.2194,29.970600000000005,25.20415,-54.864149999999995,569.75445,0.0,Moderate,Zone_008
2026-01-31 19:00:00,10.63,94.4,12.0,56.1,61.42,612.56,-20,0,1.32,603.84,67.92,94.9,19,31,1,5,1,-0.9659258262890684,0.2588190451025203,0.9970527522269202,-0.0767190281268186,673.9799999999999,60.55525606469001,14.0316,6.732,0.0911303006023917,519.69,95.19,555.6033333333334,727.58,False,False,False,False,False,False,False,True,False,False,569.75445,34.08555000000001,65.2194,2.7006000000000085,25.20415,69.69585000000001,569.75445,0.0,High,Zone_008
2026-01-31 21:00:00,3.46,56.5,16.5,80.5,146.64,1015.45,27,1,2.0,467.83,70.6,-44.9,21,31,1,5,1,-0.7071067811865477,0.7071067811865474,0.8338858220671682,0.5519369853120581,1162.09,293.4570707070707,6.92,13.2825,0.126186439948713,603.84,67.92,602.2366666666667,814.18,False,False,False,False,False,False,False,True,False,False,569.75445,-101.92445000000004,65.2194,5.380600000000001,25.20415,-70.10415,569.75445,0.0,Low,Zone_008
2026-02-02 00:00:00,5.12,154.9,25.1,39.5,150.54,116.96,-17,1,0.82,578.19,105.76,7.19,0,2,2,0,0,0.0,1.0,0.4241994227453901,-0.9055687990111396,267.5,47.59786476868327,4.1984,9.9145,0.5627663551401869,467.83,70.6,530.4533333333334,910.5466666666669,False,False,False,False,False,False,False,True,False,False,569.75445,8.435550000000035,65.2194,40.54060000000001,25.20415,-18.014149999999997,569.75445,0.0,High,Zone_008
2026-02-02 05:00:00,7.8,146.1,30.8,86.6,366.08,615.44,3,0,4.29,675.79,34.28,59.48,5,2,2,0,0,0.9659258262890684,0.2588190451025207,0.5577451089796903,-0.8300122850953674,981.52,118.25542168674696,33.462,26.6728,0.3729725323987285,578.19,105.76,549.9533333333334,701.1900000000002,False,False,False,False,False,False,False,True,False,False,569.75445,106.03554999999994,65.2194,-30.939399999999992,25.20415,34.27585,569.75445,0.0,Severe,Zone_008
2026-02-02 09:00:00,2.85,247.0,17.9,31.3,285.65,938.45,-20,1,4.91,716.19,114.61,85.19,9,2,2,0,0,0.7071067811865476,-0.7071067811865475,-0.9205048534524404,-0.3907311284892738,1224.1,365.4029850746268,13.9935,5.6027,0.2333551180459112,675.79,34.28,573.9366666666666,803.7033333333335,False,False,False,False,False,False,False,True,False,False,569.75445,146.43555000000003,65.2194,49.390600000000006,25.20415,59.98585,569.75445,0.0,Severe,Zone_008
2026-02-02 13:00:00,2.98,19.9,10.8,92.1,124.65,369.29,13,1,1.59,494.55,45.9,76.95,13,2,2,0,0,-0.2588190451025208,-0.9659258262890684,0.3403795502130501,0.940288127010419,493.94000000000005,141.9367816091954,4.7382,9.9468,0.2523585860630846,716.19,114.61,656.7233333333334,824.3733333333333,False,False,False,False,False,False,False,True,False,False,569.75445,-75.20445000000001,65.2194,-19.319399999999995,25.20415,51.745850000000004,569.75445,0.0,Moderate,Zone_008
2026-02-02 16:00:00,11.51,336.3,20.5,63.3,345.87,706.46,-1,0,2.01,699.65,25.69,31.42,16,2,2,0,0,-0.8660254037844384,-0.5000000000000004,-0.4019477766559604,0.9156625933395608,1052.33,87.62114904246461,23.1351,12.976499999999998,0.3286706641452776,494.55,45.9,628.8433333333334,899.8533333333335,False,False,False,False,False,False,False,True,False,False,569.75445,129.89554999999996,65.2194,-39.529399999999995,25.20415,6.215850000000003,569.75445,0.0,Severe,Zone_008
2026-02-04 00:00:00,5.03,72.4,28.0,63.6,289.86,987.39,10,0,2.93,597.32,72.89,31.84,0,4,2,2,0,0.0,1.0,0.953190667792947,0.3023698907504443,1277.25,230.9674502712477,14.737900000000002,17.808,0.2269406928948913,699.65,25.69,636.7966666666667,923.4566666666666,False,False,False,False,False,False,False,True,False,False,569.75445,27.56555000000003,65.2194,7.670600000000007,25.20415,6.635850000000001,569.75445,0.0,High,Zone_008
2026-02-04 01:00:00,5.94,28.8,27.2,77.8,112.05,118.19,28,0,3.16,688.56,47.8,69.25,1,4,2,2,0,0.2588190451025207,0.9659258262890684,0.4817536741017153,0.8763066800438636,230.24,35.75155279503105,18.7704,21.1616,0.4866660875608061,597.32,72.89,597.1733333333333,941.1733333333336,False,False,False,False,False,False,False,True,False,False,569.75445,118.80554999999993,65.2194,-17.419399999999996,25.20415,44.04585,569.75445,0.0,Severe,Zone_008
2026-02-04 11:00:00,8.63,281.8,21.2,64.6,354.09,1188.52,30,0,4.52,461.28,89.78,51.96,11,4,2,2,0,0.258819045102521,-0.9659258262890682,-0.978867388761685,0.2044960518417906,1542.61,168.96056955093098,39.0076,13.695199999999998,0.2295395466125592,688.56,47.8,661.8433333333334,853.2733333333334,False,False,False,False,False,False,False,True,False,False,569.75445,-108.47445000000005,65.2194,24.560600000000008,25.20415,26.755850000000002,569.75445,0.0,Low,Zone_008
2026-02-04 23:00:00,8.77,67.3,20.3,73.7,268.01,544.42,18,1,0.56,449.0,115.92,22.73,23,4,2,2,0,-0.2588190451025215,0.965925826289068,0.9225380894562464,0.3859060423243187,812.43,87.64077669902912,4.9112,14.961100000000002,0.32988688256219,461.28,89.78,582.3866666666667,1016.7000000000002,False,False,False,False,False,False,False,True,False,False,569.75445,-120.75445000000002,65.2194,50.70060000000001,25.20415,-2.474149999999998,569.75445,0.0,Low,Zone_008
2026-02-05 05:00:00,1.89,303.0,30.2,91.7,56.97,307.92,-24,0,1.57,740.87,117.52,5.95,5,5,2,3,0,0.9659258262890684,0.2588190451025207,-0.8386705679454243,0.5446390350150266,364.89,152.67364016736403,2.9673,27.6934,0.1561292444298281,449.0,115.92,532.9466666666666,861.7600000000001,False,False,False,False,False,False,False,True,False,False,569.75445,171.11554999999998,65.2194,52.3006,25.20415,-19.25415,569.75445,0.0,Severe,Zone_008
2026-02-05 08:00:00,6.99,333.4,16.1,53.6,237.07,159.07,-5,1,1.61,409.86,12.9,61.87,8,5,2,3,0,0.8660254037844387,-0.4999999999999998,-0.4477590878387703,0.8941542368393679,396.14,52.88918558077436,11.253900000000002,8.629600000000002,0.5984500429141213,740.87,117.52,550.3833333333333,906.6433333333332,False,False,False,False,False,False,False,True,False,False,569.75445,-159.89445,65.2194,-52.319399999999995,25.20415,36.66585,569.75445,0.0,Low,Zone_008
2026-02-05 16:00:00,9.27,67.9,34.5,42.1,308.49,186.55,23,1,4.91,495.91,19.41,72.49,16,5,2,3,0,-0.8660254037844384,-0.5000000000000004,0.9265286308718372,0.3762242631393654,495.04,50.66939611054248,45.5157,14.5245,0.6231617647058824,409.86,12.9,533.2433333333333,524.4866666666667,False,False,False,False,False,False,False,True,False,False,569.75445,-73.84445,65.2194,-45.8094,25.20415,47.285849999999996,569.75445,0.0,Moderate,Zone_008
2026-02-05 21:00:00,7.43,31.0,12.5,37.0,370.86,210.98,0,0,3.52,527.95,64.41,76.8,21,5,2,3,0,-0.7071067811865477,0.7071067811865474,0.5150380749100542,0.8571673007021123,581.84,73.3720050441362,26.1536,4.625,0.6373917228103946,495.91,19.41,548.88,418.69000000000005,False,False,False,False,False,False,False,True,False,False,569.75445,-41.804449999999974,65.2194,-0.8093999999999966,25.20415,51.59585,569.75445,0.0,Moderate,Zone_008
2026-02-06 19:00:00,4.37,201.6,18.3,87.9,200.63,165.48,3,1,3.33,479.7,110.75,49.98,19,6,2,4,0,-0.9659258262890684,0.2588190451025203,-0.3681245526846779,-0.9297764858882516,366.11,75.17659137577002,14.5521,16.085700000000003,0.5480046980415721,527.95,64.41,477.9066666666668,491.0066666666668,False,False,False,False,False,False,False,True,False,False,569.75445,-90.05445000000003,65.2194,45.53060000000001,25.20415,24.77585,569.75445,0.0,Moderate,Zone_008
2026-02-07 01:00:00,1.48,317.3,27.1,33.3,70.5,233.93,-12,0,2.03,455.62,111.21,89.75,1,7,2,5,1,0.2588190451025207,0.9659258262890684,-0.6781596698680706,0.7349145951499598,304.43,153.75252525252526,3.0043999999999995,9.0243,0.2315803304536346,479.7,110.75,501.1866666666667,480.9966666666669,False,False,False,False,False,False,False,True,False,False,569.75445,-114.13445000000002,65.2194,45.9906,25.20415,64.54585,569.75445,0.0,Low,Zone_008
2026-02-07 09:00:00,1.72,339.1,13.5,65.6,198.29,1106.58,6,0,4.73,642.95,55.65,-34.57,9,7,2,5,1,0.7071067811865476,-0.7071067811865475,-0.3567379993196249,0.9342044743210296,1304.87,587.7792792792793,8.1356,8.856,0.1519614980802685,455.62,111.21,487.75666666666666,417.4600000000001,False,False,False,False,False,False,False,True,False,False,569.75445,73.19555000000003,65.2194,-9.569399999999995,25.20415,-59.77415,569.75445,0.0,High,Zone_008
2026-02-07 17:00:00,1.87,284.6,32.1,81.4,341.0,888.52,25,0,4.73,436.02,61.03,14.13,17,7,2,5,1,-0.9659258262890684,-0.2588190451025206,-0.9677091704819712,0.2520693582431136,1229.52,518.7848101265822,8.845100000000002,26.129400000000004,0.2773440041642267,642.95,55.65,526.09,658.4700000000001,False,False,False,False,False,False,False,True,False,False,569.75445,-133.73445000000004,65.2194,-4.189399999999992,25.20415,-11.074149999999998,569.75445,0.0,Low,Zone_008
2026-02-07 23:00:00,5.54,98.0,32.6,54.4,191.53,134.6,-8,1,1.19,454.58,26.54,53.44,23,7,2,5,1,-0.2588190451025215,0.965925826289068,0.9902680687415704,-0.1391731009600653,326.13,53.99503311258278,6.5926,17.7344,0.5872811455554534,436.02,61.03,511.53,946.2733333333334,False,False,False,False,False,False,False,True,False,False,569.75445,-115.17445000000004,65.2194,-38.679399999999994,25.20415,28.23585,569.75445,0.0,Low,Zone_008
2026-02-08 01:00:00,3.52,90.7,14.8,52.3,421.82,582.27,0,0,0.61,666.76,71.76,-15.6,1,8,2,6,1,0.2588190451025207,0.9659258262890684,0.999925369660452,-0.0122170008352472,1004.09,249.773631840796,2.1472,7.740399999999999,0.420101783704648,454.58,26.54,511.1833333333333,953.5066666666668,False,False,False,False,False,False,False,True,False,False,569.75445,97.00554999999997,65.2194,6.540600000000012,25.20415,-40.80415,569.75445,0.0,Severe,Zone_008
2026-02-08 15:00:00,10.45,275.1,17.6,46.0,144.27,138.48,-5,0,0.61,600.42,73.0,0.38,15,8,2,6,1,-0.7071067811865471,-0.7071067811865479,-0.9960410654107696,0.088894296866442,282.75,25.82191780821918,6.374499999999999,8.096,0.510238726790451,666.76,71.76,519.12,853.2466666666668,False,False,False,False,False,False,False,True,False,False,569.75445,30.66554999999994,65.2194,7.780600000000007,25.20415,-24.82415,569.75445,0.0,High,Zone_008
2026-02-08 16:00:00,7.41,89.2,34.3,88.7,63.68,387.17,-8,0,4.83,723.34,13.11,-43.27,16,8,2,6,1,-0.8660254037844384,-0.5000000000000004,0.9999025240093042,0.0139621803391453,450.85,56.99747155499368,35.7903,30.4241,0.1412443162914494,600.42,73.0,573.92,537.6566666666668,False,False,False,False,False,False,False,True,False,False,569.75445,153.58555,65.2194,-52.109399999999994,25.20415,-68.47415000000001,569.75445,0.0,Severe,Zone_008
2026-02-08 18:00:00,3.78,36.7,20.2,93.9,306.28,1100.3,30,0,4.54,621.67,81.45,72.84,18,8,2,6,1,-1.0,-1.8369701987210294e-16,0.5976251469755212,0.801775644243754,1406.58,328.6401869158879,17.1612,18.9678,0.217748012910748,723.34,13.11,663.5066666666667,579.2300000000001,False,False,False,False,False,False,False,True,False,False,569.75445,51.91554999999994,65.2194,16.23060000000001,25.20415,47.635850000000005,569.75445,0.0,High,Zone_008
2026-02-09 06:00:00,6.78,290.8,13.2,68.7,425.99,494.64,13,0,0.76,441.69,38.88,-22.87,6,9,2,0,0,1.0,6.123233995736766e-17,-0.9348256763960144,0.3551069624081373,920.63,126.46016483516485,5.1528,9.0684,0.4627157489979688,621.67,81.45,648.4766666666666,713.3933333333334,False,False,False,False,False,False,False,True,False,False,569.75445,-128.06445000000002,65.2194,-26.33939999999999,25.20415,-48.07415,569.75445,0.0,Low,Zone_008
2026-02-09 07:00:00,3.37,249.4,33.3,86.7,229.61,1106.13,-9,1,1.23,727.2,28.96,18.68,7,9,2,0,0,0.9659258262890684,-0.2588190451025206,-0.9360595357389732,-0.3518416484047018,1335.7400000000002,345.15245478036184,4.1451,28.8711,0.1718972255079581,441.69,38.88,595.5666666666666,926.02,False,False,False,False,False,False,False,True,False,False,569.75445,157.44555000000003,65.2194,-36.25939999999999,25.20415,-6.524149999999999,569.75445,0.0,Severe,Zone_008
2026-02-09 16:00:00,7.44,326.5,19.9,90.9,189.47,894.1,-5,1,3.74,440.14,64.1,7.74,16,9,2,0,0,-0.8660254037844384,-0.5000000000000004,-0.5519369853120584,0.833885822067168,1083.57,136.46977329974808,27.8256,18.0891,0.1748571850457284,727.2,28.96,596.8533333333334,1220.9833333333336,False,False,False,False,False,False,False,True,False,False,569.75445,-129.61445000000003,65.2194,-1.1193999999999988,25.20415,-17.464149999999997,569.75445,0.0,Low,Zone_008
2026-02-10 15:00:00,3.1,106.6,29.6,83.1,352.45,973.14,-3,1,4.37,434.31,81.15,65.58,15,10,2,1,0,-0.7071067811865471,-0.7071067811865479,0.9583225744651332,-0.2856883674049734,1325.59,368.2194444444444,13.547,24.5976,0.2658816074351798,440.14,64.1,536.3433333333332,1113.3133333333335,False,False,False,False,False,False,False,True,False,False,569.75445,-135.44445000000002,65.2194,15.930600000000013,25.20415,40.37585,569.75445,0.0,Low,Zone_008
2026-02-10 17:00:00,0.96,159.1,13.2,46.6,196.14,763.62,16,1,0.64,711.29,30.74,8.4,17,10,2,1,0,-0.9659258262890684,-0.2588190451025206,0.3567379993196252,-0.9342044743210296,959.76,657.3698630136986,0.6144,6.1512,0.2043635908977244,434.31,81.15,533.8833333333333,1248.3000000000002,False,False,False,False,False,False,False,True,False,False,569.75445,141.53554999999994,65.2194,-34.4794,25.20415,-16.80415,569.75445,0.0,Severe,Zone_008
2026-02-10 18:00:00,4.25,124.8,20.5,47.1,425.66,835.79,15,1,0.34,650.85,34.51,38.93,18,10,2,1,0,-1.0,-1.8369701987210294e-16,0.8211492091337041,-0.5707135676844316,1261.45,265.5684210526316,1.445,9.6555,0.3374370763803559,711.29,30.74,528.58,1122.9733333333334,False,False,False,False,False,False,False,True,False,False,569.75445,81.09555,65.2194,-30.709399999999995,25.20415,13.725850000000001,569.75445,0.0,High,Zone_008
2026-02-11 06:00:00,5.63,47.4,26.0,55.9,473.18,470.62,-16,1,1.35,440.35,105.27,9.56,6,11,2,2,0,1.0,6.123233995736766e-17,0.7360970871197343,0.6768759696826608,943.8,153.96411092985318,7.6005,14.534,0.5013562195380378,650.85,34.51,598.8166666666666,1182.2666666666669,False,False,False,False,False,False,False,True,False,False,569.75445,-129.40445,65.2194,40.0506,25.20415,-15.644149999999998,569.75445,0.0,Low,Zone_008
2026-02-11 09:00:00,1.5,91.2,28.3,34.5,489.64,939.64,-26,0,3.91,494.96,47.0,-36.76,9,11,2,2,0,0.7071067811865476,-0.7071067811865475,0.9997806834748456,-0.0209424198833569,1429.28,714.64,5.865,9.7635,0.3425780812716892,440.35,105.27,600.83,1055.003333333333,False,False,False,False,False,False,False,True,False,False,569.75445,-74.79445000000004,65.2194,-18.219399999999993,25.20415,-61.96415,569.75445,0.0,Moderate,Zone_008
2026-02-11 13:00:00,10.04,83.9,13.8,31.6,457.46,922.55,12,0,4.28,564.02,103.82,95.68,13,11,2,2,0,-0.2588190451025208,-0.9659258262890684,0.9943379441332046,0.106264071336233,1380.01,130.93074003795067,42.9712,4.3608,0.3314903515191919,494.96,47.0,528.72,1211.51,False,False,False,False,False,False,False,True,False,False,569.75445,-5.734450000000038,65.2194,38.6006,25.20415,70.47585000000001,569.75445,0.0,Moderate,Zone_008
2026-02-11 17:00:00,11.33,5.8,13.7,59.3,495.59,1113.54,-29,1,4.08,438.76,48.29,-26.95,17,11,2,2,0,-0.9659258262890684,-0.2588190451025206,0.1010562971829463,0.9948807088287882,1609.13,136.0211327134404,46.2264,8.1241,0.3079863031576069,564.02,103.82,499.7766666666666,1251.03,False,False,False,False,False,False,False,True,False,False,569.75445,-130.99445000000003,65.2194,-16.929399999999994,25.20415,-52.15415,569.75445,0.0,Low,Zone_008
2026-02-11 21:00:00,3.67,26.2,19.1,84.3,338.04,569.92,-22,1,3.84,644.79,13.55,95.85,21,11,2,2,0,-0.7071067811865477,0.7071067811865474,0.4415058527917452,0.8972583696743285,907.96,217.73621103117503,14.0928,16.101300000000002,0.3723071500947178,438.76,48.29,499.2466666666667,1472.8066666666666,False,False,False,False,False,False,False,True,False,False,569.75445,75.03554999999994,65.2194,-51.669399999999996,25.20415,70.64585,569.75445,0.0,High,Zone_008
2026-02-11 23:00:00,8.56,78.4,19.9,58.5,119.06,907.47,9,1,0.08,558.23,69.83,12.94,23,11,2,2,0,-0.2588190451025215,0.965925826289068,0.979575249599344,0.2010779211459645,1026.53,113.30353200883002,0.6848000000000001,11.6415,0.1159829717592277,644.79,13.55,549.19,1299.0333333333335,False,False,False,False,False,False,False,True,False,False,569.75445,-11.524450000000002,65.2194,4.610600000000005,25.20415,-12.264149999999999,569.75445,0.0,Moderate,Zone_008
2026-02-12 06:00:00,4.95,291.2,24.4,64.6,269.63,1129.5,-1,0,3.62,629.97,83.95,-2.75,6,12,2,3,0,1.0,6.123233995736766e-17,-0.9323238012155124,0.3616245700820922,1399.13,256.7211009174312,17.919,15.762399999999998,0.1927126142674376,558.23,69.83,547.2600000000001,1181.2066666666667,False,False,False,False,False,False,False,True,False,False,569.75445,60.21555000000001,65.2194,18.73060000000001,25.20415,-27.95415,569.75445,0.0,High,Zone_008
2026-02-12 22:00:00,5.03,308.5,19.5,61.2,426.47,234.29,1,1,0.89,466.31,27.04,38.8,22,12,2,3,0,-0.5000000000000004,0.8660254037844384,-0.782608156852414,0.6225146366376193,660.76,119.48643761301987,4.4767,11.934,0.6454234517827956,629.97,83.95,610.9966666666668,1111.206666666667,False,False,False,False,False,False,False,True,False,False,569.75445,-103.44445000000002,65.2194,-38.179399999999994,25.20415,13.595849999999999,569.75445,0.0,Low,Zone_008
2026-02-13 21:00:00,8.11,1.4,29.8,31.2,444.29,747.51,-14,0,0.19,433.64,12.8,95.94,21,13,2,4,0,-0.7071067811865477,0.7071067811865474,0.0244321781526531,0.9997014897811832,1191.8,138.4204413472706,1.5409,9.2976,0.3727890585668736,466.31,27.04,551.5033333333334,1028.8066666666668,False,False,False,False,False,False,False,True,False,False,569.75445,-136.11445000000003,65.2194,-52.419399999999996,25.20415,70.73585,569.75445,0.0,Low,Zone_008
2026-02-14 03:00:00,10.96,310.3,20.3,74.5,241.64,305.22,-20,0,2.77,692.25,67.02,3.62,3,14,2,5,1,0.7071067811865475,0.7071067811865476,-0.762668329695688,0.6467897795104599,546.86,47.71902268760908,30.3592,15.123500000000002,0.4418681198112862,433.64,12.8,509.97333333333336,1083.8966666666668,False,False,False,False,False,False,False,True,False,False,569.75445,122.49554999999998,65.2194,1.8006000000000029,25.20415,-21.584149999999998,569.75445,0.0,Severe,Zone_008
2026-02-14 19:00:00,10.59,103.3,29.8,67.4,173.59,457.93,-24,0,1.64,734.81,10.04,96.4,19,14,2,5,1,-0.9659258262890684,0.2588190451025203,0.9731788727770884,-0.2300497371881043,631.52,56.94499549143372,17.3676,20.0852,0.2748764884722574,692.25,67.02,530.7333333333333,799.8066666666668,False,False,False,False,False,False,False,True,False,False,569.75445,165.05554999999993,65.2194,-55.179399999999994,25.20415,71.19585000000001,569.75445,0.0,Severe,Zone_008
2026-02-15 01:00:00,6.4,326.1,10.3,43.9,452.71,700.27,-7,1,1.62,681.59,57.26,-47.0,1,15,2,6,1,0.2588190451025207,0.9659258262890684,-0.55774510897969,0.8300122850953675,1152.98,167.09855072463768,10.368000000000002,4.5217,0.392643410987181,734.81,10.04,620.2333333333333,790.0600000000001,False,False,False,False,False,False,False,True,False,False,569.75445,111.83555000000001,65.2194,-7.959399999999995,25.20415,-72.20415,569.75445,0.0,Severe,Zone_008
2026-02-15 04:00:00,10.37,317.3,25.3,94.1,469.71,428.97,12,0,0.65,568.14,91.18,-31.57,4,15,2,6,1,0.8660254037844386,0.5000000000000001,-0.6781596698680706,0.7349145951499598,898.6800000000001,82.67525298988042,6.7405,23.8073,0.5226665776472158,681.59,57.26,702.8833333333333,777.1200000000002,False,False,False,False,False,False,False,True,False,False,569.75445,-1.6144500000000335,65.2194,25.960600000000014,25.20415,-56.77415,569.75445,0.0,Moderate,Zone_008
2026-02-15 18:00:00,2.56,181.1,31.8,75.2,484.61,249.79,-30,1,3.69,657.99,25.08,10.62,18,15,2,6,1,-1.0,-1.8369701987210294e-16,-0.0191974423996896,-0.9998157121216442,734.4,240.0,9.4464,23.9136,0.6598720043572985,568.14,91.18,661.5133333333333,894.3933333333334,False,False,False,False,False,False,False,True,False,False,569.75445,88.23554999999999,65.2194,-40.139399999999995,25.20415,-14.58415,569.75445,0.0,Severe,Zone_008
2026-02-16 07:00:00,2.05,102.8,31.0,67.3,55.04,1147.66,-6,0,2.62,569.45,15.56,-14.48,7,16,2,0,0,0.9659258262890684,-0.2588190451025206,0.9751493543055632,-0.2215484976194673,1202.7,471.6470588235295,5.371,20.863,0.0457636983453895,657.99,25.08,635.9066666666666,928.6866666666668,False,False,False,False,False,False,False,True,False,False,569.75445,-0.30444999999997435,65.2194,-49.65939999999999,25.20415,-39.68415,569.75445,0.0,High,Zone_008
2026-02-16 12:00:00,9.51,20.6,29.7,81.0,244.78,714.6,-26,1,3.03,452.43,107.64,-11.14,12,16,2,0,0,1.2246467991473532e-16,-1.0,0.3518416484047018,0.9360595357389732,959.38,95.84215784215785,28.8153,24.057,0.2551439471325231,569.45,15.56,598.5266666666668,945.26,False,False,False,False,False,False,False,True,False,False,569.75445,-117.32445000000001,65.2194,42.42060000000001,25.20415,-36.34415,569.75445,0.0,Low,Zone_008
2026-02-16 14:00:00,9.26,79.0,27.7,38.5,296.82,865.89,9,0,2.33,719.06,31.1,-25.52,14,16,2,0,0,-0.4999999999999997,-0.8660254037844388,0.981627183447664,0.1908089953765449,1162.71,119.13012295081968,21.5758,10.6645,0.2552829166344144,452.43,107.64,559.9566666666667,965.4933333333332,False,False,False,False,False,False,False,True,False,False,569.75445,149.30554999999993,65.2194,-34.11939999999999,25.20415,-50.724149999999995,569.75445,0.0,Severe,Zone_008
2026-02-16 21:00:00,10.78,113.9,22.7,64.7,80.57,756.33,18,1,3.27,695.78,71.76,-45.29,21,16,2,0,0,-0.7071067811865477,0.7071067811865474,0.9142539552342638,-0.4051415867798625,836.9000000000001,74.19326241134753,35.2506,14.6869,0.0962719560281992,719.06,31.1,580.3133333333334,1108.263333333333,False,False,False,False,False,False,False,True,False,False,569.75445,126.02554999999995,65.2194,6.540600000000012,25.20415,-70.49414999999999,569.75445,0.0,Severe,Zone_008
2026-02-17 00:00:00,11.16,4.6,10.7,46.4,259.19,427.57,11,1,1.91,551.82,101.86,63.35,0,17,2,1,0,0.0,1.0,0.0801989243288589,0.9967788784562472,686.76,58.898799313893655,21.3156,4.964799999999999,0.377409866620071,695.78,71.76,622.4233333333333,986.33,False,False,False,False,False,False,False,True,False,False,569.75445,-17.93444999999997,65.2194,36.640600000000006,25.20415,38.14585,569.75445,0.0,Moderate,Zone_008
2026-02-17 01:00:00,11.56,286.4,25.1,80.5,478.21,161.04,-28,1,4.94,570.02,73.0,40.65,1,17,2,1,0,0.2588190451025207,0.9659258262890684,-0.9593139745400576,0.2823414568428762,639.25,53.00580431177446,57.10640000000001,20.2055,0.7480797809933516,551.82,101.86,655.5533333333333,895.4566666666666,False,False,False,False,False,False,False,True,False,False,569.75445,0.265549999999962,65.2194,7.780600000000007,25.20415,15.44585,569.75445,0.0,High,Zone_008
2026-02-18 15:00:00,11.95,335.3,11.2,93.2,51.97,551.85,-6,1,2.08,452.02,49.62,22.04,15,18,2,2,0,-0.7071067811865471,-0.7071067811865479,-0.4178670738010768,0.9085081775267216,603.82,48.4995983935743,24.856,10.4384,0.0860686959689973,570.02,73.0,605.8733333333333,720.9699999999999,False,False,False,False,False,False,False,True,False,False,569.75445,-117.73445000000004,65.2194,-15.599399999999996,25.20415,-3.1641499999999994,569.75445,0.0,Low,Zone_008
2026-02-18 18:00:00,6.63,7.0,14.9,86.1,409.67,467.64,-29,0,4.06,729.87,117.87,70.92,18,18,2,2,0,-1.0,-1.8369701987210294e-16,0.1218693434051474,0.992546151641322,877.31,123.04488078541374,26.9178,12.8289,0.4669615073349216,452.02,49.62,524.62,643.2766666666666,False,False,False,False,False,False,False,True,False,False,569.75445,160.11554999999998,65.2194,52.65060000000001,25.20415,45.71585,569.75445,0.0,Severe,Zone_008
2026-02-19 01:00:00,3.11,327.2,13.3,63.9,242.98,1155.83,29,1,2.98,617.44,72.99,26.28,1,19,2,3,0,0.2588190451025207,0.9659258262890684,-0.54170821028274,0.8405666034956842,1398.81,387.4819944598338,9.2678,8.4987,0.1737047919302836,729.87,117.87,583.9699999999999,706.7933333333334,False,False,False,False,False,False,False,True,False,False,569.75445,47.685550000000035,65.2194,7.770600000000002,25.20415,1.0758500000000026,569.75445,0.0,High,Zone_008
2026-02-20 10:00:00,8.76,177.0,29.7,77.4,404.54,512.54,-15,1,3.76,656.18,44.22,25.8,10,20,2,4,0,0.4999999999999999,-0.8660254037844387,0.0523359562429438,-0.9986295347545738,917.08,99.03671706263498,32.9376,22.987800000000004,0.4411174597635975,617.44,72.99,599.7766666666666,959.98,False,False,False,False,False,False,False,True,False,False,569.75445,86.42554999999993,65.2194,-20.999399999999994,25.20415,0.5958500000000022,569.75445,0.0,Severe,Zone_008
2026-02-21 05:00:00,1.09,77.5,21.3,69.4,94.45,228.2,-10,0,0.29,550.84,13.94,-29.15,5,21,2,5,1,0.9659258262890684,0.2588190451025207,0.9762960071199334,0.2164396139381029,322.65,202.9245283018868,0.3161,14.782200000000003,0.2927320626065396,656.18,44.22,667.83,1064.4,False,False,False,False,False,False,False,True,False,False,569.75445,-18.914449999999988,65.2194,-51.279399999999995,25.20415,-54.35415,569.75445,0.0,Moderate,Zone_008
2026-02-21 09:00:00,4.13,327.9,24.3,43.8,219.07,774.38,29,0,1.03,439.07,73.53,-13.89,9,21,2,5,1,0.7071067811865476,-0.7071067811865475,-0.5313985795180837,0.8471219213821367,993.45,214.56803455723545,4.2539,10.6434,0.220514369117721,550.84,13.94,608.1533333333333,879.5133333333333,False,False,False,False,False,False,False,True,False,False,569.75445,-130.68445000000003,65.2194,8.310600000000008,25.20415,-39.09415,569.75445,0.0,Low,Zone_008
2026-02-21 14:00:00,11.71,75.7,15.7,69.3,473.86,569.03,-3,1,3.61,686.64,30.0,-43.77,14,21,2,5,1,-0.4999999999999997,-0.8660254037844388,0.9690157314068696,0.246999012722743,1042.89,85.4127764127764,42.2731,10.8801,0.4543719855401816,439.07,73.53,548.6966666666666,744.3933333333333,False,False,False,False,False,False,False,True,False,False,569.75445,116.88554999999997,65.2194,-35.21939999999999,25.20415,-68.97415000000001,569.75445,0.0,Severe,Zone_008
2026-02-21 18:00:00,11.81,145.1,12.9,58.9,95.1,584.59,2,0,0.98,475.09,77.16,-35.37,18,21,2,5,1,-1.0,-1.8369701987210294e-16,0.5721458734455162,-0.8201518758737721,679.69,55.2144597887896,11.5738,7.5981,0.139916726743074,686.64,30.0,558.85,786.3299999999999,False,False,False,False,False,False,False,True,False,False,569.75445,-94.66445000000004,65.2194,11.940600000000003,25.20415,-60.574149999999996,569.75445,0.0,Low,Zone_008
2026-02-22 10:00:00,2.04,242.3,26.4,30.8,150.75,120.18,26,0,4.02,638.06,116.09,39.14,10,22,2,6,1,0.4999999999999999,-0.8660254037844387,-0.8853936257544157,-0.4648420457246199,270.93,106.66535433070868,8.2008,8.1312,0.5564167866238512,475.09,77.16,533.6,905.3433333333332,False,False,False,False,False,False,False,True,False,False,569.75445,68.30554999999993,65.2194,50.87060000000001,25.20415,13.935850000000002,569.75445,0.0,High,Zone_008
2026-02-22 14:00:00,4.5,49.1,24.1,51.5,453.21,680.7,4,0,1.89,478.53,97.71,-3.18,14,22,2,6,1,-0.4999999999999997,-0.8660254037844388,0.7558534691676395,0.6547408137173397,1133.91,226.782,8.504999999999999,12.4115,0.3996878059105219,638.06,116.09,599.93,664.5033333333333,False,False,False,False,False,False,False,True,False,False,569.75445,-91.22445000000005,65.2194,32.4906,25.20415,-28.384149999999998,569.75445,0.0,Moderate,Zone_008
2026-02-23 09:00:00,6.32,45.5,16.3,66.8,64.45,360.86,-8,0,4.38,470.45,18.88,-23.1,9,23,2,0,0,0.7071067811865476,-0.7071067811865475,0.7132504491541816,0.7009092642998509,425.31,62.36217008797654,27.6816,10.8884,0.1515365262984646,478.53,97.71,530.56,694.8433333333334,False,False,False,False,False,False,False,True,False,False,569.75445,-99.30445000000003,65.2194,-46.3394,25.20415,-48.30415,569.75445,0.0,Low,Zone_008
2026-02-23 11:00:00,10.37,130.4,23.0,37.1,358.87,903.62,-21,0,1.24,734.67,49.42,0.7,11,23,2,0,0,0.258819045102521,-0.9659258262890682,0.7615383075367367,-0.6481199010631309,1262.49,116.1444342226311,12.8588,8.533000000000001,0.2842557168769654,470.45,18.88,529.0133333333333,610.0500000000001,False,False,False,False,False,False,False,True,False,False,569.75445,164.91554999999994,65.2194,-15.799399999999991,25.20415,-24.50415,569.75445,0.0,Severe,Zone_008
2026-02-23 18:00:00,0.61,196.8,31.8,58.8,366.33,1180.49,-11,1,0.76,550.46,50.54,62.73,18,23,2,0,0,-1.0,-1.8369701987210294e-16,-0.2890317969444718,-0.9573194975320672,1546.82,1393.5315315315315,0.4636,18.6984,0.2368278144839089,734.67,49.42,561.2166666666666,940.57,False,False,False,False,False,False,False,True,False,False,569.75445,-19.294449999999983,65.2194,-14.679399999999994,25.20415,37.52585,569.75445,0.0,Moderate,Zone_008
2026-02-24 14:00:00,5.96,334.3,14.6,38.1,295.71,521.86,27,0,2.06,485.53,85.42,-49.66,14,24,2,1,0,-0.4999999999999997,-0.8660254037844388,-0.4336590845875442,0.9010770213220916,817.5699999999999,126.55882352941175,12.2776,5.5626,0.361693799919273,550.46,50.54,585.1933333333333,1078.2066666666667,False,False,False,False,False,False,False,True,False,False,569.75445,-84.22445000000005,65.2194,20.20060000000001,25.20415,-74.86415,569.75445,0.0,Moderate,Zone_008
2026-02-25 01:00:00,2.59,135.7,28.3,86.3,428.24,858.07,23,1,4.29,477.9,59.52,-48.07,1,25,2,2,0,0.2588190451025207,0.9659258262890684,0.6984152854310062,-0.7156927337037355,1286.31,416.28155339805824,11.1111,24.4229,0.3329213020189535,485.53,85.42,590.2199999999999,1208.96,False,False,False,False,False,False,False,True,False,False,569.75445,-91.85445000000004,65.2194,-5.69939999999999,25.20415,-73.27414999999999,569.75445,0.0,Moderate,Zone_008
2026-02-25 06:00:00,2.03,90.2,14.6,87.6,68.92,722.09,21,1,0.47,578.57,75.6,37.88,6,25,2,2,0,1.0,6.123233995736766e-17,0.9999939076577904,-0.0034906514152236,791.01,312.6521739130435,0.9540999999999998,12.789599999999998,0.0871291134119669,477.9,59.52,504.63,1216.9,False,False,False,False,False,False,False,True,False,False,569.75445,8.81555000000003,65.2194,10.380600000000001,25.20415,12.675850000000004,569.75445,0.0,High,Zone_008
2026-02-25 11:00:00,9.42,311.6,16.3,30.9,332.47,802.61,9,0,1.55,620.47,30.7,-7.9,11,25,2,2,0,0.258819045102521,-0.9659258262890682,-0.747798090498532,0.6639262126522415,1135.08,114.4233870967742,14.601,5.0367,0.2929044648835325,578.57,75.6,514.0,964.9633333333333,False,False,False,False,False,False,False,True,False,False,569.75445,50.71555000000001,65.2194,-34.51939999999999,25.20415,-33.10415,569.75445,0.0,High,Zone_008
2026-02-26 08:00:00,2.17,95.4,13.4,88.1,457.81,691.07,-17,0,2.05,679.13,79.59,94.06,8,26,2,3,0,0.8660254037844387,-0.4999999999999998,0.99556196460308,-0.0941083133185143,1148.88,430.2921348314607,4.448499999999999,11.8054,0.3984837406865816,620.47,30.7,558.98,1070.8,False,False,False,False,False,False,False,True,False,False,569.75445,109.37554999999998,65.2194,14.37060000000001,25.20415,68.85585,569.75445,0.0,Severe,Zone_008
2026-02-26 18:00:00,1.79,262.6,30.1,45.1,279.15,294.78,-15,0,4.54,630.25,35.82,93.43,18,26,2,3,0,-1.0,-1.8369701987210294e-16,-0.9916711623830904,-0.128795596577562,573.93,250.6244541484716,8.1266,13.575100000000004,0.4863833568553656,679.13,79.59,626.0566666666667,1024.99,False,False,False,False,False,False,False,True,False,False,569.75445,60.49554999999998,65.2194,-29.399399999999993,25.20415,68.22585000000001,569.75445,0.0,High,Zone_008
2026-02-27 05:00:00,8.96,88.9,24.8,80.4,419.74,135.73,-2,0,0.12,645.81,48.48,68.85,5,27,2,4,0,0.9659258262890684,0.2588190451025207,0.9998157121216442,0.0191974423996896,555.47,58.717758985200845,1.0752000000000002,19.939200000000003,0.7556483698489567,630.25,35.82,643.2833333333333,952.63,False,False,False,False,False,False,False,True,False,False,569.75445,76.05554999999993,65.2194,-16.739399999999996,25.20415,43.645849999999996,569.75445,0.0,High,Zone_008
2026-02-27 12:00:00,11.2,47.2,22.1,39.6,413.76,497.81,29,1,4.42,679.06,114.38,-44.11,12,27,2,4,0,1.2246467991473532e-16,-1.0,0.7337298645028764,0.6794413042615165,911.57,77.91196581196581,49.504,8.751600000000002,0.4538982195552728,645.81,48.48,651.73,759.4266666666667,False,False,False,False,False,False,False,True,False,False,569.75445,109.30554999999993,65.2194,49.1606,25.20415,-69.31415,569.75445,0.0,Severe,Zone_008
2026-02-27 13:00:00,0.78,216.3,23.6,72.5,168.53,761.51,-5,1,2.65,635.54,49.27,34.96,13,27,2,4,0,-0.2588190451025208,-0.9659258262890684,-0.5920131787992196,-0.8059282822485158,930.04,726.59375,2.067,17.11,0.1812072599027999,679.06,114.38,651.7066666666666,680.3233333333333,False,False,False,False,False,False,False,True,False,False,569.75445,65.78554999999994,65.2194,-15.94939999999999,25.20415,9.755850000000002,569.75445,0.0,High,Zone_008
2026-02-27 19:00:00,1.25,155.7,19.7,82.5,249.64,1048.62,9,1,2.11,640.46,25.75,34.75,19,27,2,4,0,-0.9659258262890684,0.2588190451025203,0.4115143586051091,-0.9114032766354452,1298.2599999999998,741.862857142857,2.6375,16.2525,0.1922881395098054,635.54,49.27,653.4699999999999,799.0266666666666,False,False,False,False,False,False,False,True,False,False,569.75445,70.70555000000002,65.2194,-39.46939999999999,25.20415,9.545850000000002,569.75445,0.0,High,Zone_008
2026-02-28 08:00:00,5.78,233.3,21.6,32.1,337.8,349.91,7,0,0.23,650.53,19.32,-24.7,8,28,2,5,1,0.8660254037844387,-0.4999999999999998,-0.8017756442437538,-0.5976251469755214,687.71,109.5079617834395,1.3294,6.933600000000001,0.4911954166727254,640.46,25.75,651.6866666666666,1046.6233333333332,False,False,False,False,False,False,False,True,False,False,569.75445,80.77554999999995,65.2194,-45.89939999999999,25.20415,-49.90415,569.75445,0.0,High,Zone_008
2026-03-01 01:00:00,4.13,72.5,27.9,70.1,426.41,431.57,7,1,1.37,403.65,37.2,57.67,1,1,3,6,1,0.2588190451025207,0.9659258262890684,0.9537169507482268,0.300705799504273,857.98,185.3088552915767,5.6581,19.5579,0.496992936898296,650.53,19.32,642.1766666666666,972.0033333333332,False,False,False,False,False,False,False,True,False,False,569.75445,-166.10445000000004,65.2194,-28.01939999999999,25.20415,32.46585,569.75445,0.0,Low,Zone_008
2026-03-01 05:00:00,7.37,24.1,20.2,44.5,404.91,798.45,0,0,4.85,574.75,109.15,21.28,5,1,3,6,1,0.9659258262890684,0.2588190451025207,0.4083304603813849,0.9128341772330428,1203.36,152.90470139771284,35.744499999999995,8.988999999999999,0.3364828480255285,403.65,37.2,564.88,947.9833333333332,False,False,False,False,False,False,False,True,False,False,569.75445,4.99554999999998,65.2194,43.93060000000001,25.20415,-3.9241499999999974,569.75445,0.0,High,Zone_008
2026-03-01 12:00:00,9.94,146.9,34.8,75.8,142.93,200.38,27,0,2.92,490.73,30.47,-46.65,12,1,3,6,1,1.2246467991473532e-16,-1.0,0.5461019610144292,-0.8377187166204387,343.31,32.88409961685824,29.0248,26.3784,0.4163292650956861,574.75,109.15,542.9766666666666,916.35,False,False,False,False,False,False,False,True,False,False,569.75445,-79.02445,65.2194,-34.749399999999994,25.20415,-71.85415,569.75445,0.0,Moderate,Zone_008
2026-03-01 20:00:00,1.67,326.7,34.9,31.3,298.3,820.31,8,1,4.89,699.08,98.42,53.31,20,1,3,6,1,-0.8660254037844386,0.5000000000000001,-0.5490228179981321,0.8358073613682699,1118.61,515.4884792626727,8.1663,10.923699999999998,0.2666702425331438,490.73,30.47,489.71,801.5500000000001,False,False,False,False,False,False,False,True,False,False,569.75445,129.32555000000002,65.2194,33.20060000000001,25.20415,28.105850000000004,569.75445,0.0,Severe,Zone_008
2026-03-02 00:00:00,1.06,147.6,10.5,34.7,102.0,215.43,12,0,0.4,530.18,31.15,83.87,0,2,3,0,0,0.0,1.0,0.5358267949789967,-0.8443279255020151,317.43,203.48076923076923,0.424,3.6435,0.3213306870806162,699.08,98.42,588.1866666666666,888.4266666666666,False,False,False,False,False,False,False,True,False,False,569.75445,-39.57445000000007,65.2194,-34.069399999999995,25.20415,58.665850000000006,569.75445,0.0,Moderate,Zone_008
2026-03-02 02:00:00,5.54,25.4,16.9,62.0,392.25,288.66,5,0,2.86,699.95,45.32,-3.38,2,2,3,0,0,0.4999999999999999,0.8660254037844387,0.4289351334031458,0.9033352928633008,680.9100000000001,112.73344370860929,15.8444,10.478,0.5760673216724677,530.18,31.15,573.3299999999999,593.1166666666667,False,False,False,False,False,False,False,True,False,False,569.75445,130.19555000000003,65.2194,-19.899399999999993,25.20415,-28.584149999999998,569.75445,0.0,Severe,Zone_008
2026-03-02 11:00:00,1.16,265.9,30.2,30.9,221.5,1194.56,-20,0,0.98,473.82,29.15,61.25,11,2,3,0,0,0.258819045102521,-0.9659258262890682,-0.997440782930944,-0.0714974443326861,1416.06,853.0481927710844,1.1367999999999998,9.3318,0.1564199257093626,699.95,45.32,643.07,705.65,False,False,False,False,False,False,False,True,False,False,569.75445,-95.93445000000003,65.2194,-36.069399999999995,25.20415,36.04585,569.75445,0.0,Low,Zone_008
2026-03-02 15:00:00,1.06,45.5,25.1,66.0,230.3,173.14,-26,0,2.34,709.7,16.18,-39.18,15,2,3,0,0,-0.7071067811865471,-0.7071067811865479,0.7132504491541816,0.7009092642998509,403.44,258.6153846153846,2.4804,16.566000000000003,0.5708407693833036,473.82,29.15,567.9833333333333,804.8000000000001,False,False,False,False,False,False,False,True,False,False,569.75445,139.94555000000003,65.2194,-49.03939999999999,25.20415,-64.38415,569.75445,0.0,Severe,Zone_008
2026-03-02 16:00:00,7.09,340.5,30.7,32.1,493.78,1148.35,-13,0,4.49,486.5,111.22,-18.1,16,2,3,0,0,-0.8660254037844384,-0.5000000000000004,-0.3338068592337713,0.9426414910921784,1642.13,216.35441370223975,31.8341,9.8547,0.3006948292766103,709.7,16.18,627.8233333333334,833.4700000000001,False,False,False,False,False,False,False,True,False,False,569.75445,-83.25445000000002,65.2194,46.000600000000006,25.20415,-43.30415,569.75445,0.0,Moderate,Zone_008
2026-03-02 18:00:00,4.26,278.9,16.9,90.1,245.74,520.24,-18,0,3.44,718.31,75.02,92.7,18,2,3,0,0,-1.0,-1.8369701987210294e-16,-0.9879598657693892,0.154710386299468,765.98,160.9201680672269,14.6544,15.2269,0.3208177759210423,486.5,111.22,556.6733333333333,1153.8766666666668,False,False,False,False,False,False,False,True,False,False,569.75445,148.55554999999993,65.2194,9.800600000000003,25.20415,67.49585,569.75445,0.0,Severe,Zone_008
2026-03-02 21:00:00,3.65,259.2,21.2,80.7,95.08,899.41,-23,1,0.84,654.3,100.27,-32.78,21,2,3,0,0,-0.7071067811865477,0.7071067811865474,-0.9822872507286888,-0.1873813145857246,994.49,239.63614457831324,3.066,17.1084,0.0956067934318092,718.31,75.02,638.17,937.1833333333334,False,False,False,False,False,False,False,True,False,False,569.75445,84.54554999999993,65.2194,35.0506,25.20415,-57.98415,569.75445,0.0,High,Zone_008
2026-03-02 23:00:00,8.96,78.9,12.3,63.8,231.34,771.82,-24,0,0.82,678.23,29.15,39.92,23,2,3,0,0,-0.2588190451025215,0.965925826289068,0.9812926639922452,0.1925219665259074,1003.16,106.04228329809725,7.3472,7.8474,0.2306112683918816,654.3,100.27,619.7033333333333,1134.2,False,False,False,False,False,False,False,True,False,False,569.75445,108.47555,65.2194,-36.069399999999995,25.20415,14.715850000000003,569.75445,0.0,Severe,Zone_008
2026-03-04 01:00:00,4.11,269.9,15.4,45.8,457.47,1025.86,-6,0,2.4,646.07,66.26,-16.96,1,4,3,2,0,0.2588190451025207,0.9659258262890684,-0.9999984769132876,-0.0017453283658983,1483.33,321.763557483731,9.864,7.0532,0.3084074346234486,678.23,29.15,683.6133333333333,921.21,False,False,False,False,False,False,False,True,False,False,569.75445,76.31555000000003,65.2194,1.040600000000012,25.20415,-42.16415,569.75445,0.0,High,Zone_008
2026-03-04 03:00:00,0.88,171.4,18.1,34.2,148.91,907.64,9,1,0.4,515.18,118.4,-39.76,3,4,3,2,0,0.7071067811865475,0.7071067811865476,0.1495353434437096,-0.9887563810470058,1056.55,765.6159420289855,0.352,6.190200000000001,0.1409398514031517,646.07,66.26,659.5333333333333,1160.3266666666666,False,False,False,False,False,False,False,True,False,False,569.75445,-54.57445000000007,65.2194,53.18060000000001,25.20415,-64.96414999999999,569.75445,0.0,Moderate,Zone_008
2026-01-02 00:00:00,1.49,236.4,19.6,34.4,62.81,512.77,-16,0,1.79,436.36,83.28,-21.28,0,2,1,4,0,0.0,1.0,-0.8329212407100994,-0.5533915492433442,575.5799999999999,289.2361809045226,2.6671,6.7424,0.1091247089891935,553.6751748251748,67.88552447552448,553.7449417249417,950.617575757576,False,False,False,False,False,False,False,False,True,False,569.75445,-133.39445,65.2194,18.060600000000008,25.20415,-46.48415,569.75445,0.0,Low,Zone_009
2026-01-02 06:00:00,7.83,243.7,13.7,87.8,457.86,326.76,-14,0,3.1,517.7,83.29,28.53,6,2,1,4,0,1.0,6.123233995736766e-17,-0.8964864303834406,-0.4430711908241797,784.62,94.19207683073228,24.273,12.0286,0.5835436262139635,436.36,83.28,436.36,575.5799999999999,False,False,False,False,False,False,False,False,True,False,569.75445,-52.054449999999974,65.2194,18.070600000000013,25.20415,3.3258500000000026,569.75445,0.0,Moderate,Zone_009
2026-01-02 12:00:00,4.04,37.7,33.7,50.4,355.53,233.19,-30,0,4.43,402.06,104.57,-34.18,12,2,1,4,0,1.2246467991473532e-16,-1.0,0.6115270401858311,0.79122353296749,588.72,129.6740088105727,17.897199999999998,16.9848,0.6039033836119038,517.7,83.29,477.03,680.0999999999999,False,False,False,False,False,False,False,False,True,False,569.75445,-167.69445000000002,65.2194,39.3506,25.20415,-59.38415,569.75445,0.0,Low,Zone_009
2026-01-02 16:00:00,7.21,46.9,32.4,86.3,58.31,726.38,8,1,2.79,687.35,27.38,44.66,16,2,1,4,0,-0.8660254037844384,-0.5000000000000004,0.7301622766207524,0.6832737736807991,784.69,101.77561608300908,20.1159,27.9612,0.0743095999694146,402.06,104.57,452.04,649.64,False,False,False,False,False,False,False,False,True,False,569.75445,117.59555,65.2194,-37.8394,25.20415,19.455849999999998,569.75445,0.0,Severe,Zone_009
2026-01-02 19:00:00,7.87,35.1,12.8,44.0,405.68,919.65,23,1,0.53,548.92,65.02,49.23,19,2,1,4,0,-0.9659258262890684,0.2588190451025203,0.5750052520432786,0.8181497174250234,1325.33,158.3428912783751,4.1711,5.632000000000001,0.3060973493394098,687.35,27.38,535.7033333333334,719.3433333333334,False,False,False,False,False,False,False,False,True,False,569.75445,-20.83445000000006,65.2194,-0.19939999999999714,25.20415,24.02585,569.75445,0.0,Moderate,Zone_009
2026-01-03 21:00:00,6.32,281.1,32.6,41.3,231.3,337.17,-15,1,2.73,590.03,100.01,-17.52,21,3,1,5,1,-0.7071067811865477,0.7071067811865474,-0.9812926639922452,0.1925219665259076,568.47,83.3533724340176,17.253600000000002,13.4638,0.4068816296374479,548.92,65.02,546.11,899.58,False,False,False,False,False,False,False,False,True,False,569.75445,20.275549999999953,65.2194,34.79060000000001,25.20415,-42.724149999999995,569.75445,0.0,High,Zone_009
2026-01-04 04:00:00,1.82,274.4,16.4,31.3,356.69,863.7,-21,1,3.33,472.37,87.81,25.96,4,4,1,6,1,0.8660254037844386,0.5000000000000001,-0.9970527522269202,0.0767190281268181,1220.39,526.0301724137931,6.0606,5.1332,0.2922754201525741,590.03,100.01,608.7666666666667,892.8299999999999,False,False,False,False,False,False,False,False,True,False,569.75445,-97.38445000000002,65.2194,22.59060000000001,25.20415,0.7558500000000024,569.75445,0.0,Low,Zone_009
2026-01-04 05:00:00,10.66,337.0,14.8,73.6,356.05,222.98,-22,0,1.86,643.4,39.91,77.4,5,4,1,6,1,0.9659258262890684,0.2588190451025207,-0.3907311284892739,0.9205048534524404,579.03,51.884408602150536,19.8276,10.8928,0.6149076904478179,472.37,87.81,537.1066666666666,1038.0633333333333,False,False,False,False,False,False,False,False,True,False,569.75445,73.64554999999996,65.2194,-25.309399999999997,25.20415,52.19585000000001,569.75445,0.0,High,Zone_009
2026-01-04 07:00:00,4.95,62.9,10.0,88.4,474.05,373.56,-7,0,3.53,431.87,83.23,-10.89,7,4,1,6,1,0.9659258262890684,-0.2588190451025206,0.8902128046111265,0.4555449072335155,847.61,155.52477064220184,17.4735,8.84,0.5592784417361758,643.4,39.91,568.5999999999999,789.2966666666667,False,False,False,False,False,False,False,False,True,False,569.75445,-137.88445000000002,65.2194,18.01060000000001,25.20415,-36.09415,569.75445,0.0,Low,Zone_009
2026-01-04 09:00:00,5.58,265.5,12.0,82.3,68.89,797.46,2,1,1.21,499.73,24.93,-4.28,9,4,1,6,1,0.7071067811865476,-0.7071067811865475,-0.996917333733128,-0.0784590957278446,866.35,142.49177631578948,6.7518,9.876,0.0795175160154672,431.87,83.23,515.88,882.3433333333334,False,False,False,False,False,False,False,False,True,False,569.75445,-70.02445,65.2194,-40.28939999999999,25.20415,-29.48415,569.75445,0.0,Moderate,Zone_009
2026-01-05 00:00:00,2.37,234.8,24.3,39.3,234.28,425.69,-22,0,4.64,723.55,65.72,-32.63,0,5,1,0,0,0.0,1.0,-0.8171448983351284,-0.5764323161697934,659.97,229.9547038327526,10.9968,9.5499,0.3549858326893647,499.73,24.93,525.0,764.3299999999999,False,False,False,False,False,False,False,False,True,False,569.75445,153.79554999999993,65.2194,0.5006000000000057,25.20415,-57.83415,569.75445,0.0,Severe,Zone_009
2026-01-05 02:00:00,2.9,214.6,13.5,50.1,466.49,886.34,11,0,0.61,602.26,101.98,0.81,2,5,1,0,0,0.4999999999999999,0.8660254037844387,-0.5678437450531013,-0.8231363685344418,1352.83,397.8911764705882,1.769,6.7635000000000005,0.3448252921653127,723.55,65.72,551.7166666666666,791.3100000000001,False,False,False,False,False,False,False,False,True,False,569.75445,32.50554999999997,65.2194,36.76060000000001,25.20415,-24.39415,569.75445,0.0,High,Zone_009
2026-01-05 23:00:00,7.25,293.7,32.2,94.5,499.06,1192.49,28,0,2.28,406.04,51.9,-47.64,23,5,1,0,0,-0.2588190451025215,0.965925826289068,-0.9156625933395612,0.40194777665596,1691.55,218.26451612903224,16.529999999999998,30.429,0.2950311844166592,602.26,101.98,608.5133333333332,959.7166666666666,False,False,False,False,False,False,False,False,True,False,569.75445,-163.71445,65.2194,-13.319399999999995,25.20415,-72.84415,569.75445,0.0,Low,Zone_009
2026-01-06 16:00:00,7.18,303.5,16.1,35.5,298.78,1114.34,-13,0,0.22,488.67,52.61,40.4,16,6,1,1,0,-0.8660254037844384,-0.5000000000000004,-0.8338858220671683,0.551936985312058,1413.12,184.0,1.5796,5.7155000000000005,0.211432857789855,406.04,51.9,577.2833333333333,1234.7833333333333,False,False,False,False,False,False,False,False,True,False,569.75445,-81.08445,65.2194,-12.609399999999994,25.20415,15.19585,569.75445,0.0,Moderate,Zone_009
2026-01-06 22:00:00,0.75,229.4,15.4,72.3,236.33,473.69,24,0,4.94,523.58,72.69,98.04,22,6,1,1,0,-0.5000000000000004,0.8660254037844384,-0.759271307334881,-0.6507742172658506,710.02,568.016,3.705,11.1342,0.3328497788794682,488.67,52.61,498.99,1485.8333333333333,False,False,False,False,False,False,False,False,True,False,569.75445,-46.17444999999998,65.2194,7.470600000000005,25.20415,72.83585000000001,569.75445,0.0,Moderate,Zone_009
2026-01-07 02:00:00,3.72,358.6,15.4,52.3,370.43,599.46,0,1,4.99,594.4,38.12,96.79,2,7,1,2,0,0.4999999999999999,0.8660254037844387,-0.0244321781526527,0.9997014897811832,969.89,229.8317535545024,18.562800000000003,8.0542,0.3819299095773747,523.58,72.69,472.7633333333333,1271.5633333333333,False,False,False,False,False,False,False,False,True,False,569.75445,24.645549999999957,65.2194,-27.099399999999996,25.20415,71.58585000000001,569.75445,0.0,High,Zone_009
2026-01-07 03:00:00,2.02,170.8,31.5,56.7,310.98,981.33,21,0,4.9,652.29,61.06,-32.49,3,7,1,2,0,0.7071067811865475,0.7071067811865476,0.1598811876918347,-0.987136265072988,1292.31,512.8214285714286,9.898,17.860500000000002,0.2406388560020428,594.4,38.12,535.5500000000001,1031.01,False,False,False,False,False,False,False,False,True,False,569.75445,82.53554999999994,65.2194,-4.159399999999991,25.20415,-57.69415,569.75445,0.0,High,Zone_009
2026-01-07 05:00:00,7.91,155.5,23.0,63.2,362.3,1111.48,-23,0,2.28,454.98,20.32,-40.66,5,7,1,2,0,0.9659258262890684,0.2588190451025207,0.4146932426562392,-0.9099612708765432,1473.78,175.24137931034485,18.0348,14.536,0.2458304495922051,652.29,61.06,590.09,990.74,False,False,False,False,False,False,False,False,True,False,569.75445,-114.77445,65.2194,-44.89939999999999,25.20415,-65.86415,569.75445,0.0,Low,Zone_009
2026-01-07 10:00:00,4.91,217.5,26.4,89.8,207.71,202.66,3,0,4.63,477.98,14.92,86.16,10,7,1,2,0,0.4999999999999999,-0.8660254037844387,-0.6087614290087207,-0.7933533402912352,410.37,75.8539741219963,22.7333,23.7072,0.5061529838925848,454.98,20.32,567.2233333333334,1245.3266666666666,False,False,False,False,False,False,False,False,True,False,569.75445,-91.77445,65.2194,-50.29939999999999,25.20415,60.95585,569.75445,0.0,Moderate,Zone_009
2026-01-07 18:00:00,9.7,76.1,21.4,90.7,269.64,1093.3,12,1,1.84,698.33,21.05,92.67,18,7,1,2,0,-1.0,-1.8369701987210294e-16,0.9707164815781908,0.2402280424772638,1362.94,133.62156862745098,17.848,19.4098,0.1978370287760282,477.98,14.92,528.4166666666666,1058.82,False,False,False,False,False,False,False,False,True,False,569.75445,128.57555000000002,65.2194,-44.169399999999996,25.20415,67.46585,569.75445,0.0,Severe,Zone_009
2026-01-09 10:00:00,11.54,203.7,12.4,77.1,108.71,368.22,-16,0,4.68,591.03,104.68,41.15,10,9,1,4,0,0.4999999999999999,-0.8660254037844387,-0.40194777665596,-0.9156625933395612,476.93,39.61212624584718,54.00719999999999,9.5604,0.2279370138175413,698.33,21.05,543.7633333333333,1082.3633333333337,False,False,False,False,False,False,False,False,True,False,569.75445,21.275549999999953,65.2194,39.460600000000014,25.20415,15.94585,569.75445,0.0,High,Zone_009
2026-01-09 22:00:00,2.45,342.8,27.2,34.9,276.19,861.0,27,1,2.95,638.09,109.39,12.32,22,9,1,4,0,-0.5000000000000004,0.8660254037844384,-0.2957080500440469,0.9552783621223436,1137.19,385.4881355932203,7.227500000000001,9.4928,0.2428705845109436,591.03,104.68,589.1133333333333,750.0799999999999,False,False,False,False,False,False,False,False,True,False,569.75445,68.33555000000001,65.2194,44.17060000000001,25.20415,-12.884149999999998,569.75445,0.0,High,Zone_009
2026-01-10 05:00:00,8.37,224.3,15.4,70.7,118.9,931.96,25,1,3.07,515.66,91.54,73.75,5,10,1,5,1,0.9659258262890684,0.2588190451025207,-0.698415285431006,-0.7156927337037358,1050.86,118.47350620067648,25.695899999999995,10.8878,0.1131454237481681,638.09,109.39,642.4833333333332,992.3533333333336,False,False,False,False,False,False,False,False,True,False,569.75445,-54.09445000000005,65.2194,26.320600000000013,25.20415,48.54585,569.75445,0.0,Moderate,Zone_009
2026-01-10 06:00:00,11.41,160.9,26.7,71.5,171.17,957.96,-15,0,2.75,566.09,111.45,60.4,6,10,1,5,1,1.0,6.123233995736766e-17,0.3272178989791037,-0.944948912157531,1129.13,94.80520570948784,31.3775,19.0905,0.1515945905254487,515.66,91.54,581.5933333333334,888.3266666666668,False,False,False,False,False,False,False,False,True,False,569.75445,-3.664449999999988,65.2194,46.23060000000001,25.20415,35.19585,569.75445,0.0,Moderate,Zone_009
2026-01-10 13:00:00,7.88,150.8,30.6,44.0,179.9,1111.56,7,1,0.61,499.41,10.22,65.44,13,10,1,5,1,-0.2588190451025208,-0.9659258262890684,0.4878596591387326,-0.8729220772698097,1291.46,154.11217183770884,4.8068,13.464,0.139299707308008,566.09,111.45,573.2800000000001,1105.7266666666667,False,False,False,False,False,False,False,False,True,False,569.75445,-70.34445,65.2194,-54.999399999999994,25.20415,40.23585,569.75445,0.0,Moderate,Zone_009
2026-01-10 21:00:00,11.5,347.7,27.3,32.5,251.7,354.03,-27,0,4.69,735.14,46.96,30.5,21,10,1,5,1,-0.7071067811865477,0.7071067811865474,-0.2130303862749767,0.9770455744352636,605.73,50.4775,53.935,8.8725,0.4155316725273636,499.41,10.22,527.0533333333333,1157.15,False,False,False,False,False,False,False,False,True,False,569.75445,165.38554999999997,65.2194,-18.259399999999992,25.20415,5.2958500000000015,569.75445,0.0,Severe,Zone_009
2026-01-10 22:00:00,7.39,62.9,19.8,70.0,320.46,208.28,-27,0,0.54,532.07,94.65,62.37,22,10,1,5,1,-0.5000000000000004,0.8660254037844384,0.8902128046111265,0.4555449072335155,528.74,67.01394169835235,3.9906,13.86,0.6060823845368234,735.14,46.96,600.2133333333334,1008.7733333333337,False,False,False,False,False,False,False,False,True,False,569.75445,-37.68444999999997,65.2194,29.430600000000013,25.20415,37.16585,569.75445,0.0,Moderate,Zone_009
2026-01-11 16:00:00,10.55,148.0,26.0,60.1,362.18,199.92,-22,1,2.69,459.62,73.61,84.68,16,11,1,6,1,-0.8660254037844384,-0.5000000000000004,0.5299192642332049,-0.848048096156426,562.1,50.86877828054298,28.3795,15.626,0.6443337484433375,532.07,94.65,588.8733333333333,808.6433333333334,False,False,False,False,False,False,False,False,True,False,569.75445,-110.13445000000002,65.2194,8.390600000000006,25.20415,59.47585000000001,569.75445,0.0,Low,Zone_009
2026-01-11 18:00:00,3.08,7.1,13.4,86.1,433.84,363.57,26,0,1.35,427.06,31.52,47.96,18,11,1,6,1,-1.0,-1.8369701987210294e-16,0.1236014767404927,0.9923319378854888,797.41,222.74022346368716,4.158,11.5374,0.5440613987785455,459.62,73.61,575.61,565.5233333333334,False,False,False,False,False,False,False,False,True,False,569.75445,-142.69445000000002,65.2194,-33.6994,25.20415,22.755850000000002,569.75445,0.0,Low,Zone_009
2026-01-12 00:00:00,4.34,244.9,26.3,46.0,264.19,704.07,11,0,1.8,698.78,78.52,75.63,0,12,1,0,0,0.0,1.0,-0.9055687990111396,-0.4241994227453898,968.26,200.0537190082645,7.812,12.098,0.2728502674901369,427.06,31.52,472.9166666666667,629.4166666666666,False,False,False,False,False,False,False,False,True,False,569.75445,129.02554999999995,65.2194,13.300600000000003,25.20415,50.42585,569.75445,0.0,Severe,Zone_009
2026-01-13 11:00:00,7.06,16.1,22.4,66.0,160.16,217.87,11,1,3.28,422.68,87.78,-0.55,11,13,1,1,0,0.258819045102521,-0.9659258262890682,0.2773146533023778,0.960779154157594,378.03,50.00396825396825,23.1568,14.784,0.4236700790942518,698.78,78.52,528.4866666666667,775.9233333333333,False,False,False,False,False,False,False,False,True,False,569.75445,-147.07445,65.2194,22.560600000000008,25.20415,-25.75415,569.75445,0.0,Low,Zone_009
2026-01-14 00:00:00,6.11,181.2,11.8,40.7,287.88,1061.04,9,0,2.56,662.28,100.5,20.92,0,14,1,2,0,0.0,1.0,-0.0209424198833568,-0.9997806834748456,1348.92,204.07261724659608,15.6416,4.802600000000001,0.213415176585713,422.68,87.78,516.1733333333333,714.5666666666666,False,False,False,False,False,False,False,False,True,False,569.75445,92.52554999999995,65.2194,35.28060000000001,25.20415,-4.284149999999997,569.75445,0.0,Severe,Zone_009
2026-01-14 17:00:00,7.7,180.7,12.8,33.4,249.12,1032.37,21,0,4.35,412.88,18.84,15.55,17,14,1,2,0,-0.9659258262890684,-0.2588190451025206,-0.0122170008352467,-0.999925369660452,1281.4899999999998,156.2792682926829,33.495,4.2752,0.1943987077542548,662.28,100.5,594.5799999999999,898.4033333333333,False,False,False,False,False,False,False,False,True,False,569.75445,-156.87445000000002,65.2194,-46.37939999999999,25.20415,-9.654149999999998,569.75445,0.0,Low,Zone_009
2026-01-15 01:00:00,7.14,307.2,22.6,86.7,355.51,734.61,-13,0,0.14,503.38,105.93,43.17,1,15,1,3,0,0.2588190451025207,0.9659258262890684,-0.7965299180241967,0.6045991148623744,1090.12,142.68586387434553,0.9996,19.594200000000004,0.3261200601768613,412.88,18.84,499.2799999999999,1002.8133333333332,False,False,False,False,False,False,False,False,True,False,569.75445,-66.37445000000002,65.2194,40.710600000000014,25.20415,17.965850000000003,569.75445,0.0,Moderate,Zone_009
2026-01-15 05:00:00,5.44,94.6,25.3,54.8,393.91,166.49,19,1,1.56,711.4,33.45,87.52,5,15,1,3,0,0.9659258262890684,0.2588190451025207,0.9967788784562472,-0.0801989243288587,560.4000000000001,94.34343434343435,8.486400000000001,13.8644,0.7029086366880799,503.38,105.93,526.18,1240.1766666666665,False,False,False,False,False,False,False,False,True,False,569.75445,141.64554999999996,65.2194,-31.76939999999999,25.20415,62.31585,569.75445,0.0,Severe,Zone_009
2026-01-15 17:00:00,7.58,314.5,18.8,85.0,90.64,1036.2,30,1,1.82,405.12,116.56,12.42,17,15,1,3,0,-0.9659258262890684,-0.2588190451025206,-0.7132504491541813,0.7009092642998511,1126.84,139.46039603960398,13.7956,15.98,0.0804373291682936,711.4,33.45,542.5533333333333,977.3366666666668,False,False,False,False,False,False,False,False,True,False,569.75445,-164.63445000000002,65.2194,51.34060000000001,25.20415,-12.784149999999999,569.75445,0.0,Low,Zone_009
2026-01-17 06:00:00,9.24,110.6,10.2,54.0,457.68,544.74,21,0,4.98,620.35,37.73,40.22,6,17,1,5,1,1.0,6.123233995736766e-17,0.9360595357389734,-0.3518416484047016,1002.42,102.91786447638604,46.01520000000001,5.507999999999999,0.456575088286347,405.12,116.56,539.9666666666666,925.7866666666667,False,False,False,False,False,False,False,False,True,False,569.75445,50.59555,65.2194,-27.489399999999996,25.20415,15.01585,569.75445,0.0,High,Zone_009
2026-01-17 14:00:00,9.49,135.8,10.0,51.5,262.53,156.89,0,0,4.87,415.71,73.28,90.62,14,17,1,5,1,-0.4999999999999997,-0.8660254037844388,0.6971651028545642,-0.716910607650483,419.42,41.983983983983975,46.2163,5.15,0.6259358161270325,620.35,37.73,578.9566666666666,896.5533333333334,False,False,False,False,False,False,False,False,True,False,569.75445,-154.04445000000004,65.2194,8.060600000000008,25.20415,65.41585,569.75445,0.0,Low,Zone_009
2026-01-18 03:00:00,7.92,267.1,34.8,86.7,365.08,305.16,9,0,3.14,517.43,83.66,20.46,3,18,1,6,1,0.7071067811865475,0.7071067811865476,-0.9987193571841864,-0.050592940076713,670.24,79.60095011876484,24.8688,30.1716,0.5447004058247792,415.71,73.28,480.3933333333332,849.5600000000001,False,False,False,False,False,False,False,False,True,False,569.75445,-52.32445000000007,65.2194,18.440600000000003,25.20415,-4.744149999999998,569.75445,0.0,Moderate,Zone_009
2026-01-20 13:00:00,10.26,22.6,30.3,62.2,306.11,840.73,13,0,1.9,662.56,93.89,7.27,13,20,1,1,0,-0.2588190451025208,-0.9659258262890684,0.3842953226598037,0.9232102171129808,1146.84,106.5836431226766,19.494,18.8466,0.2669160475742039,517.43,83.66,517.8299999999999,697.36,False,False,False,False,False,False,False,False,True,False,569.75445,92.80554999999993,65.2194,28.670600000000007,25.20415,-17.93415,569.75445,0.0,Severe,Zone_009
2026-01-20 21:00:00,7.45,108.4,25.5,71.5,71.59,791.0,9,0,1.05,511.53,111.67,-17.93,21,20,1,1,0,-0.7071067811865477,0.7071067811865474,0.9488760116444964,-0.3156490369471026,862.59,108.50188679245284,7.822500000000001,18.2325,0.0829942382823821,662.56,93.89,531.9,745.5,False,False,False,False,False,False,False,False,True,False,569.75445,-58.22445000000005,65.2194,46.45060000000001,25.20415,-43.13415,569.75445,0.0,Moderate,Zone_009
2026-01-20 23:00:00,10.03,134.0,22.5,54.0,249.98,354.29,-16,1,0.12,640.17,80.38,-14.13,23,20,1,1,0,-0.2588190451025215,0.965925826289068,0.7193398003386511,-0.6946583704589974,604.27,57.38556505223172,1.2035999999999998,12.15,0.4136892448739802,511.53,111.67,563.8399999999998,893.2233333333334,False,False,False,False,False,False,False,False,True,False,569.75445,70.41554999999994,65.2194,15.160600000000002,25.20415,-39.33415,569.75445,0.0,High,Zone_009
2026-01-21 03:00:00,10.15,355.2,27.3,41.2,160.38,928.53,-10,0,0.87,402.28,60.82,74.9,3,21,1,2,0,0.7071067811865475,0.7071067811865476,-0.0836778433323158,0.9964928592495044,1088.91,102.2450704225352,8.8305,11.247600000000002,0.1472848995784775,640.17,80.38,604.7533333333332,871.2333333333335,False,False,False,False,False,False,False,False,True,False,569.75445,-167.47445000000005,65.2194,-4.399399999999993,25.20415,49.69585000000001,569.75445,0.0,Low,Zone_009
2026-01-21 18:00:00,11.33,41.9,25.4,37.4,161.31,704.99,-26,1,3.84,532.17,54.74,59.88,18,21,1,2,0,-1.0,-1.8369701987210294e-16,0.6678325554710466,0.744311546231154,866.3,73.229078613694,43.5072,9.4996,0.1862057024125591,402.28,60.82,517.9933333333332,851.9233333333333,False,False,False,False,False,False,False,False,True,False,569.75445,-37.58445000000006,65.2194,-10.479399999999991,25.20415,34.675850000000004,569.75445,0.0,Moderate,Zone_009
2026-01-21 20:00:00,9.42,7.9,12.3,75.6,247.75,179.95,26,1,1.55,513.98,111.06,40.69,20,21,1,2,0,-0.8660254037844386,0.5000000000000001,0.1374445460371466,0.9905094632383088,427.7,43.11491935483871,14.601,9.2988,0.5792611643675474,532.17,54.74,524.8733333333333,853.1599999999999,False,False,False,False,False,False,False,False,True,False,569.75445,-55.77445,65.2194,45.84060000000001,25.20415,15.48585,569.75445,0.0,Moderate,Zone_009
2026-01-22 00:00:00,6.76,48.8,17.7,92.0,409.41,661.29,25,0,1.94,509.4,18.86,89.24,0,22,1,3,0,0.0,1.0,0.7524149088957244,0.6586894601186806,1070.7,147.4793388429752,13.1144,16.284,0.3823760156906696,513.98,111.06,482.81,794.3033333333333,False,False,False,False,False,False,False,False,True,False,569.75445,-60.35445000000004,65.2194,-46.359399999999994,25.20415,64.03585,569.75445,0.0,Moderate,Zone_009
2026-01-22 05:00:00,6.49,337.5,24.8,82.6,136.86,747.67,-16,1,1.61,508.94,110.77,76.47,5,22,1,3,0,0.9659258262890684,0.2588190451025207,-0.3826834323650895,0.9238795325112868,884.53,126.54220314735336,10.448900000000002,20.4848,0.1547262387934835,509.4,18.86,518.5166666666665,788.2333333333332,False,False,False,False,False,False,False,False,True,False,569.75445,-60.81445000000002,65.2194,45.5506,25.20415,51.26585,569.75445,0.0,Moderate,Zone_009
2026-01-22 07:00:00,10.62,56.1,27.0,36.1,414.26,594.65,-5,0,3.08,516.33,83.64,68.63,7,22,1,3,0,0.9659258262890684,-0.2588190451025206,0.8300122850953675,0.5577451089796901,1008.91,90.7293165467626,32.7096,9.747,0.4106015402761396,508.94,110.77,510.7733333333333,794.3100000000001,False,False,False,False,False,False,False,False,True,False,569.75445,-53.42444999999998,65.2194,18.420600000000007,25.20415,43.42585,569.75445,0.0,Moderate,Zone_009
2026-01-22 15:00:00,7.35,234.1,18.9,61.0,491.92,938.95,12,1,1.1,550.01,34.42,-33.46,15,22,1,3,0,-0.7071067811865471,-0.7071067811865479,-0.8100416404457959,-0.5863723567357895,1430.87,182.27643312101912,8.085,11.528999999999998,0.343790840537575,516.33,83.64,511.5566666666666,988.0466666666666,False,False,False,False,False,False,False,False,True,False,569.75445,-19.74445000000003,65.2194,-30.79939999999999,25.20415,-58.66415,569.75445,0.0,Moderate,Zone_009
2026-01-22 21:00:00,7.96,18.4,31.0,67.9,102.28,355.85,-25,0,4.11,401.62,111.49,-39.67,21,22,1,3,0,-0.7071067811865477,0.7071067811865474,0.3156490369471024,0.9488760116444964,458.13,54.15248226950354,32.7156,21.049,0.223255407853666,550.01,34.42,525.0933333333334,1108.1033333333337,False,False,False,False,False,False,False,False,True,False,569.75445,-168.13445000000002,65.2194,46.2706,25.20415,-64.87415,569.75445,0.0,Low,Zone_009
2026-01-23 08:00:00,4.47,287.4,23.9,36.0,355.45,182.8,-26,0,2.65,463.95,104.45,96.04,8,23,1,4,0,0.8660254037844387,-0.4999999999999998,-0.954240328516277,0.2990407922560862,538.25,108.29979879275656,11.8455,8.604,0.6603808639108221,401.62,111.49,489.32,965.97,False,False,False,False,False,False,False,False,True,False,569.75445,-105.80445000000003,65.2194,39.23060000000001,25.20415,70.83585000000001,569.75445,0.0,Low,Zone_009
2026-01-23 16:00:00,9.04,281.0,33.3,55.0,129.67,705.33,-13,0,3.37,620.57,79.31,20.67,16,23,1,4,0,-0.8660254037844384,-0.5000000000000004,-0.981627183447664,0.1908089953765451,835.0,87.52620545073376,30.4648,18.315,0.1552934131736526,463.95,104.45,471.8599999999999,809.0833333333334,False,False,False,False,False,False,False,False,True,False,569.75445,50.81555000000003,65.2194,14.09060000000001,25.20415,-4.534149999999997,569.75445,0.0,High,Zone_009
2026-01-24 06:00:00,0.91,195.9,28.4,75.4,153.04,1041.16,8,0,3.3,466.58,11.65,49.91,6,24,1,5,1,1.0,6.123233995736766e-17,-0.2739592186924324,-0.9617413095492112,1194.2,846.950354609929,3.003,21.4136,0.1281527382348015,620.57,79.31,495.38,610.46,False,False,False,False,False,False,False,False,True,False,569.75445,-103.17445000000004,65.2194,-53.569399999999995,25.20415,24.705849999999998,569.75445,0.0,Low,Zone_009
2026-01-24 22:00:00,5.8,301.1,32.3,80.4,202.59,686.86,17,0,2.81,445.78,115.85,29.29,22,24,1,5,1,-0.5000000000000004,0.8660254037844384,-0.8562670846003279,0.5165333288666425,889.45,141.1825396825397,16.298,25.9692,0.2277699702063072,466.58,11.65,517.0333333333333,855.8166666666667,False,False,False,False,False,False,False,False,True,False,569.75445,-123.97445000000005,65.2194,50.6306,25.20415,4.085850000000001,569.75445,0.0,Low,Zone_009
2026-01-25 02:00:00,9.18,56.4,19.8,74.7,367.27,939.73,-17,0,1.3,617.15,117.97,72.37,2,25,1,6,1,0.4999999999999999,0.8660254037844387,0.8329212407100994,0.5533915492433441,1307.0,135.0206611570248,11.934,14.7906,0.2810022953328232,445.78,115.85,510.9766666666666,972.8833333333336,False,False,False,False,False,False,False,False,True,False,569.75445,47.39554999999996,65.2194,52.750600000000006,25.20415,47.165850000000006,569.75445,0.0,High,Zone_009
2026-01-25 04:00:00,6.69,303.3,26.5,82.7,407.88,954.51,17,1,1.28,472.43,117.03,-49.48,4,25,1,6,1,0.8660254037844386,0.5000000000000001,-0.8358073613682703,0.5490228179981318,1362.39,189.4840055632823,8.5632,21.9155,0.2993856384735648,617.15,117.97,509.8366666666666,1130.216666666667,False,False,False,False,False,False,False,False,True,False,569.75445,-97.32445000000001,65.2194,51.81060000000001,25.20415,-74.68414999999999,569.75445,0.0,Low,Zone_009
2026-01-25 19:00:00,3.19,70.2,23.0,35.2,141.11,528.08,-24,1,4.83,729.93,65.57,38.8,19,25,1,6,1,-0.9659258262890684,0.2588190451025203,0.9408807689542256,0.3387379202452912,669.19,181.3523035230353,15.4077,8.096,0.2108668689012089,472.43,117.03,511.7866666666666,1186.28,False,False,False,False,False,False,False,False,True,False,569.75445,160.17554999999993,65.2194,0.3506,25.20415,13.595849999999999,569.75445,0.0,Severe,Zone_009
2026-01-25 21:00:00,2.65,202.6,10.8,91.3,276.08,1188.85,-27,0,2.8,452.73,116.66,85.83,21,25,1,6,1,-0.7071067811865477,0.7071067811865474,-0.3842953226598035,-0.923210217112981,1464.9299999999998,465.0571428571428,7.419999999999999,9.8604,0.1884595168369819,729.93,65.57,606.5033333333332,1112.8600000000004,False,False,False,False,False,False,False,False,True,False,569.75445,-117.02445,65.2194,51.4406,25.20415,60.62585,569.75445,0.0,Low,Zone_009
2026-01-26 05:00:00,4.3,162.8,24.5,44.4,205.0,112.58,-16,1,3.1,613.31,20.2,29.52,5,26,1,0,0,0.9659258262890684,0.2588190451025207,0.2957080500440464,-0.9552783621223436,317.58,66.1625,13.33,10.878,0.6455066439952138,452.73,116.66,551.6966666666666,1165.503333333333,False,False,False,False,False,False,False,False,True,False,569.75445,43.555549999999926,65.2194,-45.01939999999999,25.20415,4.315850000000001,569.75445,0.0,High,Zone_009
2026-01-26 19:00:00,2.69,280.0,17.9,62.8,474.05,788.23,3,0,2.41,457.15,87.56,64.54,19,26,1,0,0,-0.9659258262890684,0.2588190451025203,-0.984807753012208,0.1736481776669299,1262.28,395.6990595611285,6.4829,11.2412,0.3755505909940742,613.31,20.2,598.6566666666665,817.2333333333335,False,False,False,False,False,False,False,False,True,False,569.75445,-112.60445000000004,65.2194,22.34060000000001,25.20415,39.33585000000001,569.75445,0.0,Low,Zone_009
2026-01-26 23:00:00,11.49,132.2,31.4,77.6,217.58,1154.56,8,0,4.09,487.73,17.54,-21.12,23,26,1,0,0,-0.2588190451025215,0.965925826289068,0.7408045962867502,-0.6717205893229901,1372.14,114.44036697247704,46.9941,24.3664,0.1585698252364919,457.15,87.56,507.7299999999999,1014.93,False,False,False,False,False,False,False,False,True,False,569.75445,-82.02445,65.2194,-47.679399999999994,25.20415,-46.32415,569.75445,0.0,Moderate,Zone_009
2026-01-27 08:00:00,10.96,260.5,16.3,82.3,450.38,561.62,-10,0,2.97,697.04,54.84,80.07,8,27,1,1,0,0.8660254037844387,-0.4999999999999998,-0.9862856015372314,-0.1650476058606773,1012.0,88.30715532286212,32.5512,13.4149,0.4450395256916996,487.73,17.54,519.3966666666665,984.0,False,False,False,False,False,False,False,False,True,False,569.75445,127.28554999999994,65.2194,-10.37939999999999,25.20415,54.865849999999995,569.75445,0.0,Severe,Zone_009
2026-01-27 23:00:00,9.0,258.2,20.3,79.8,104.73,1184.2,20,0,2.35,613.0,44.91,-5.83,23,27,1,1,0,-0.2588190451025215,0.965925826289068,-0.9788673887616848,-0.204496051841791,1288.93,135.67684210526318,21.15,16.1994,0.0812534427781182,697.04,54.84,547.3066666666665,1215.4733333333334,False,False,False,False,False,False,False,False,True,False,569.75445,43.24554999999998,65.2194,-20.309399999999997,25.20415,-31.034149999999997,569.75445,0.0,High,Zone_009
2026-01-28 04:00:00,4.84,60.6,25.1,71.1,308.73,307.18,14,0,4.82,686.29,18.47,72.7,4,28,1,2,0,0.8660254037844386,0.5000000000000001,0.8712138111201894,0.4909037536151409,615.9100000000001,115.33895131086145,23.3288,17.8461,0.5012583007257554,613.0,44.91,599.2566666666665,1224.3566666666668,False,False,False,False,False,False,False,False,True,False,569.75445,116.53554999999994,65.2194,-46.749399999999994,25.20415,47.495850000000004,569.75445,0.0,Severe,Zone_009
2026-01-29 01:00:00,11.29,165.0,15.8,40.6,110.49,951.0,-14,0,2.06,601.3,113.62,-41.31,1,29,1,3,0,0.2588190451025207,0.9659258262890684,0.258819045102521,-0.9659258262890682,1061.49,90.03307888040713,23.2574,6.4148000000000005,0.1040895345222281,686.29,18.47,665.4433333333332,972.28,False,False,False,False,False,False,False,False,True,False,569.75445,31.545549999999935,65.2194,48.40060000000001,25.20415,-66.51415,569.75445,0.0,High,Zone_009
2026-01-29 21:00:00,8.5,297.9,19.7,56.6,294.69,886.16,21,0,3.24,717.61,17.8,-21.47,21,29,1,3,0,-0.7071067811865477,0.7071067811865474,-0.8837656300886936,0.4679298142605731,1180.85,131.20555555555555,27.540000000000003,11.1502,0.2495575221238938,601.3,113.62,633.5299999999999,988.776666666667,False,False,False,False,False,False,False,False,True,False,569.75445,147.85555,65.2194,-47.419399999999996,25.20415,-46.67415,569.75445,0.0,Severe,Zone_009
2026-01-30 14:00:00,4.95,356.6,22.3,54.6,325.49,1010.23,10,1,4.93,475.18,58.9,8.64,14,30,1,4,0,-0.4999999999999997,-0.8660254037844388,-0.0593063735759617,0.9982398279237652,1335.72,245.0862385321101,24.4035,12.175800000000002,0.2436813104542868,717.61,17.8,668.3999999999999,952.75,False,False,False,False,False,False,False,False,True,False,569.75445,-94.57445000000001,65.2194,-6.319399999999995,25.20415,-16.564149999999998,569.75445,0.0,Low,Zone_009
2026-01-31 13:00:00,4.78,329.5,13.0,47.2,272.83,730.44,-14,0,4.35,580.46,92.62,2.58,13,31,1,5,1,-0.2588190451025208,-0.9659258262890684,-0.5075383629607042,0.8616291604415257,1003.27,190.0132575757576,20.793,6.136,0.2719407537352856,475.18,58.9,598.03,1192.6866666666667,False,False,False,False,False,False,False,False,True,False,569.75445,10.705550000000017,65.2194,27.40060000000001,25.20415,-22.62415,569.75445,0.0,High,Zone_009
2026-01-31 22:00:00,5.85,341.1,31.3,48.6,425.51,604.65,-15,1,2.97,468.81,89.03,14.08,22,31,1,5,1,-0.5000000000000004,0.8660254037844384,-0.3239174181981495,0.9460853588275452,1030.16,162.2299212598425,17.3745,15.2118,0.4130523413838627,580.46,92.62,591.0833333333334,1173.28,False,False,False,False,False,False,False,False,True,False,569.75445,-100.94445000000002,65.2194,23.810600000000008,25.20415,-11.124149999999998,569.75445,0.0,Low,Zone_009
2026-02-01 14:00:00,10.26,260.2,32.5,45.4,189.97,1104.57,7,1,4.77,579.98,55.44,17.06,14,1,2,6,1,-0.4999999999999997,-0.8660254037844388,-0.98540789848349,-0.1702094991660327,1294.54,120.31040892193307,48.9402,14.755,0.1467471070805073,468.81,89.03,508.1499999999999,1123.0500000000002,False,False,False,False,False,False,False,False,True,False,569.75445,10.225549999999998,65.2194,-9.779399999999995,25.20415,-8.14415,569.75445,0.0,High,Zone_009
2026-02-01 19:00:00,9.03,174.3,28.2,76.5,468.1,1198.14,16,0,4.82,544.32,88.52,33.32,19,1,2,6,1,-0.9659258262890684,0.2588190451025203,0.0993197497436387,-0.9950555699612263,1666.2400000000002,174.84155299055618,43.5246,21.573,0.2809319185711542,579.98,55.44,543.0833333333333,1109.3233333333335,False,False,False,False,False,False,False,False,True,False,569.75445,-25.43444999999997,65.2194,23.300600000000003,25.20415,8.115850000000002,569.75445,0.0,Moderate,Zone_009
2026-02-01 21:00:00,10.22,198.6,17.0,50.7,499.85,439.23,3,0,1.67,664.45,114.43,90.61,21,1,2,6,1,-0.7071067811865477,0.7071067811865474,-0.3189593092980696,-0.9477684100095858,939.08,87.60074626865672,17.0674,8.619000000000002,0.5322762703922989,544.32,88.52,531.0366666666665,1330.3133333333335,False,False,False,False,False,False,False,False,True,False,569.75445,94.69555000000003,65.2194,49.210600000000014,25.20415,65.40585,569.75445,0.0,Severe,Zone_009
2026-02-01 22:00:00,5.04,302.8,33.8,59.2,127.19,1064.54,-11,0,4.13,540.51,13.57,-48.08,22,1,2,6,1,-0.5000000000000004,0.8660254037844384,-0.8405666034956845,0.5417082102827396,1191.73,215.1137184115524,20.8152,20.0096,0.106727194918312,664.45,114.43,596.25,1299.9533333333336,False,False,False,False,False,False,False,False,True,False,569.75445,-29.24445000000003,65.2194,-51.64939999999999,25.20415,-73.28415,569.75445,0.0,Moderate,Zone_009
2026-02-03 02:00:00,0.51,190.1,28.3,48.2,256.07,399.29,-27,0,3.44,690.61,85.17,2.82,2,3,2,1,0,0.4999999999999999,0.8660254037844387,-0.1753667260919871,-0.9845031799744366,655.36,648.8712871287129,1.7544,13.6406,0.3907318115234375,540.51,13.57,583.0933333333332,1265.6833333333336,False,False,False,False,False,False,False,False,True,False,569.75445,120.85555,65.2194,19.95060000000001,25.20415,-22.384149999999998,569.75445,0.0,Severe,Zone_009
2026-02-03 07:00:00,10.15,3.6,15.5,82.3,210.6,171.25,-2,0,2.82,733.04,33.19,73.87,7,3,2,1,0,0.9659258262890684,-0.2588190451025206,0.0627905195293133,0.9980267284282716,381.85,35.85446009389671,28.623,12.7565,0.5515254681157522,690.61,85.17,631.8566666666666,928.7233333333336,False,False,False,False,False,False,False,False,True,False,569.75445,163.28554999999994,65.2194,-32.029399999999995,25.20415,48.665850000000006,569.75445,0.0,Severe,Zone_009
2026-02-03 12:00:00,8.91,152.8,29.8,36.5,441.52,348.9,26,1,2.83,553.69,41.52,-42.46,12,3,2,1,0,1.2246467991473532e-16,-1.0,0.457097927058694,-0.8894163732912975,790.42,83.99787460148778,25.215300000000003,10.877,0.5585891045267073,733.04,33.19,654.7199999999999,742.9800000000001,False,False,False,False,False,False,False,False,True,False,569.75445,-16.064449999999965,65.2194,-23.69939999999999,25.20415,-67.66415,569.75445,0.0,Moderate,Zone_009
2026-02-03 15:00:00,7.1,107.6,15.7,32.8,326.59,327.79,-12,1,3.71,594.53,56.1,-22.65,15,3,2,1,0,-0.7071067811865471,-0.7071067811865479,0.953190667792947,-0.3023698907504444,654.38,86.10263157894737,26.341,5.1496,0.4990831015617836,553.69,41.52,659.1133333333332,609.2100000000002,False,False,False,False,False,False,False,False,True,False,569.75445,24.775549999999953,65.2194,-9.119399999999992,25.20415,-47.85415,569.75445,0.0,High,Zone_009
2026-02-03 19:00:00,10.82,47.0,16.8,60.2,211.75,1191.39,0,1,2.76,518.76,45.92,38.08,19,3,2,1,0,-0.9659258262890684,0.2588190451025203,0.7313537016191705,0.6819983600624985,1403.14,123.952296819788,29.8632,10.113600000000002,0.1509115270037202,594.53,56.1,627.0866666666666,608.8833333333334,False,False,False,False,False,False,False,False,True,False,569.75445,-50.99445000000003,65.2194,-19.29939999999999,25.20415,12.87585,569.75445,0.0,Moderate,Zone_009
2026-02-04 05:00:00,1.51,290.7,19.1,60.1,476.9,1180.73,20,0,3.54,477.89,96.96,-34.46,5,4,2,2,0,0.9659258262890684,0.2588190451025207,-0.9354440308298676,0.3534748437792567,1657.63,824.6915422885573,5.3454,11.4791,0.2876999089060887,518.76,45.92,555.66,949.3133333333336,False,False,False,False,False,False,False,False,True,False,569.75445,-91.86445000000003,65.2194,31.7406,25.20415,-59.66415,569.75445,0.0,Moderate,Zone_009
2026-02-04 14:00:00,2.76,183.1,26.9,70.5,443.74,972.13,-11,0,3.32,721.14,104.39,86.87,14,4,2,2,0,-0.4999999999999997,-0.8660254037844388,-0.0540788129847753,-0.9985366703262116,1415.87,434.31595092024537,9.163199999999998,18.9645,0.3134044792247876,477.89,96.96,530.3933333333333,1238.3833333333334,False,False,False,False,False,False,False,False,True,False,569.75445,151.38554999999997,65.2194,39.17060000000001,25.20415,61.665850000000006,569.75445,0.0,Severe,Zone_009
2026-02-05 01:00:00,6.57,359.5,20.2,59.9,304.91,750.84,11,0,2.2,634.99,27.94,68.4,1,5,2,3,0,0.2588190451025207,0.9659258262890684,-0.0087265354983736,0.9999619230641712,1055.75,149.32814710042433,14.454000000000002,12.0998,0.2888089036230168,721.14,104.39,572.5966666666666,1492.2133333333334,False,False,False,False,False,False,False,False,True,False,569.75445,65.23554999999999,65.2194,-37.279399999999995,25.20415,43.19585000000001,569.75445,0.0,High,Zone_009
2026-02-05 19:00:00,8.17,96.7,27.6,60.5,370.58,339.5,23,0,2.23,716.74,105.27,68.37,19,5,2,3,0,-0.9659258262890684,0.2588190451025203,0.993170649538486,-0.1166707370993331,710.0799999999999,81.90080738177623,18.2191,16.698,0.5218848580441641,634.99,27.94,611.3399999999999,1376.4166666666667,False,False,False,False,False,False,False,False,True,False,569.75445,146.98555,65.2194,40.0506,25.20415,43.165850000000006,569.75445,0.0,Severe,Zone_009
2026-02-07 06:00:00,6.06,133.4,19.2,33.3,109.1,526.63,-3,0,0.17,698.98,74.0,92.65,6,7,2,5,1,1.0,6.123233995736766e-17,0.7265746709709759,-0.6870875108044229,635.73,96.91006097560977,1.0302,6.393599999999999,0.1716137353908105,716.74,105.27,690.9566666666666,1060.5666666666668,False,False,False,False,False,False,False,False,True,False,569.75445,129.22555,65.2194,8.780600000000007,25.20415,67.44585000000001,569.75445,0.0,Severe,Zone_009
2026-02-07 08:00:00,1.36,317.4,17.8,47.8,498.27,982.11,1,0,3.75,463.93,23.07,51.63,8,7,2,5,1,0.8660254037844387,-0.4999999999999998,-0.6768759696826608,0.7360970871197342,1480.38,795.9032258064516,5.1000000000000005,8.5084,0.3365824990880719,698.98,74.0,683.57,800.5200000000001,False,False,False,False,False,False,False,False,True,False,569.75445,-105.82445000000001,65.2194,-42.14939999999999,25.20415,26.425850000000004,569.75445,0.0,Low,Zone_009
2026-02-07 18:00:00,0.92,163.4,31.6,63.2,478.76,1069.61,-2,1,1.03,402.73,37.11,-31.23,18,7,2,5,1,-1.0,-1.8369701987210294e-16,0.2856883674049734,-0.9583225744651332,1548.37,1090.401408450704,0.9476,19.9712,0.3092025807784961,463.93,23.07,626.55,942.0633333333336,False,False,False,False,False,False,False,False,True,False,569.75445,-167.02445,65.2194,-28.109399999999994,25.20415,-56.43415,569.75445,0.0,Low,Zone_009
2026-02-08 02:00:00,5.35,331.5,21.0,45.7,379.11,707.44,12,0,2.28,676.41,101.52,14.52,2,8,2,6,1,0.4999999999999999,0.8660254037844387,-0.4771587602596087,0.8788171126619652,1086.5500000000002,185.7350427350428,12.198,9.597,0.3489116929731719,402.73,37.11,521.88,1221.4933333333336,False,False,False,False,False,False,False,False,True,False,569.75445,106.65554999999995,65.2194,36.3006,25.20415,-10.684149999999999,569.75445,0.0,Severe,Zone_009
2026-02-08 11:00:00,1.64,193.3,22.4,62.1,289.55,1085.07,-21,0,0.68,615.73,109.31,-47.75,11,8,2,6,1,0.258819045102521,-0.9659258262890682,-0.2300497371881045,-0.9731788727770884,1374.62,642.3457943925234,1.1152,13.9104,0.210640031426867,676.41,101.52,514.3566666666666,1371.766666666667,False,False,False,False,False,False,False,False,True,False,569.75445,45.97555,65.2194,44.09060000000001,25.20415,-72.95415,569.75445,0.0,High,Zone_009
2026-02-08 13:00:00,11.61,111.0,29.3,77.9,345.1,1079.46,13,0,2.38,585.9,98.96,-24.22,13,8,2,6,1,-0.2588190451025208,-0.9659258262890684,0.9335804264972016,-0.3583679495453002,1424.56,117.63501238645748,27.6318,22.824700000000004,0.2422502386701859,615.73,109.31,564.9566666666666,1336.5133333333335,False,False,False,False,False,False,False,False,True,False,569.75445,16.145549999999957,65.2194,33.7406,25.20415,-49.42415,569.75445,0.0,High,Zone_009
2026-02-09 00:00:00,4.16,40.8,17.2,58.7,385.74,908.96,-24,1,1.51,430.86,60.69,-6.03,0,9,2,0,0,0.0,1.0,0.6534206039901054,0.7569950556517564,1294.7,277.83261802575106,6.2816,10.0964,0.29793774619603,585.9,98.96,626.0133333333332,1295.2433333333336,False,False,False,False,False,False,False,False,True,False,569.75445,-138.89445,65.2194,-4.529399999999995,25.20415,-31.23415,569.75445,0.0,Low,Zone_009
2026-02-10 00:00:00,5.17,96.4,33.8,54.5,59.1,479.94,-18,0,2.69,421.42,40.42,-4.75,0,10,2,1,0,0.0,1.0,0.9937679191605964,-0.1114689322063255,539.04,95.06878306878306,13.9073,18.421,0.1096393588601959,430.86,60.69,544.1633333333333,1364.6266666666668,False,False,False,False,False,False,False,False,True,False,569.75445,-148.33445,65.2194,-24.79939999999999,25.20415,-29.95415,569.75445,0.0,Low,Zone_009
2026-02-11 15:00:00,11.26,111.4,34.9,83.3,312.72,331.46,-8,1,2.91,491.65,107.85,18.24,15,11,2,2,0,-0.7071067811865471,-0.7071067811865479,0.9310558158625284,-0.3648767843376196,644.1800000000001,54.77721088435375,32.766600000000004,29.0717,0.4854543761060573,421.42,40.42,479.39333333333326,1086.1,False,False,False,False,False,False,False,False,True,False,569.75445,-78.10445000000004,65.2194,42.6306,25.20415,-6.96415,569.75445,0.0,Moderate,Zone_009
2026-02-12 03:00:00,9.68,266.7,17.9,65.9,169.33,776.58,15,0,2.42,463.39,96.1,56.67,3,12,2,3,0,0.7071067811865475,0.7071067811865476,-0.9983418166140284,-0.0575640269595674,945.91,92.91846758349706,23.4256,11.7961,0.1790128024864944,491.65,107.85,447.9766666666666,825.9733333333335,False,False,False,False,False,False,False,False,True,False,569.75445,-106.36445000000003,65.2194,30.8806,25.20415,31.465850000000003,569.75445,0.0,Low,Zone_009
2026-02-12 07:00:00,3.75,106.1,11.6,82.6,473.51,250.66,14,0,1.5,447.43,119.78,-2.75,7,12,2,3,0,0.9659258262890684,-0.2588190451025206,0.9607791541575942,-0.2773146533023776,724.17,170.39294117647057,5.625,9.581599999999998,0.6538658049905409,463.39,96.1,458.82,709.7100000000002,False,False,False,False,False,False,False,False,True,False,569.75445,-122.32445000000001,65.2194,54.56060000000001,25.20415,-27.95415,569.75445,0.0,Low,Zone_009
2026-02-12 17:00:00,2.58,325.2,13.9,66.1,222.7,461.1,-4,0,1.55,646.78,110.4,28.2,17,12,2,3,0,-0.9659258262890684,-0.2588190451025206,-0.5707135676844323,0.8211492091337037,683.8,222.012987012987,3.999,9.1879,0.3256800233986546,447.43,119.78,467.49,771.4200000000002,False,False,False,False,False,False,False,False,True,False,569.75445,77.02554999999995,65.2194,45.18060000000001,25.20415,2.995850000000001,569.75445,0.0,High,Zone_009
2026-02-13 00:00:00,5.61,32.2,24.1,44.0,244.5,179.54,17,0,1.84,608.21,119.92,6.31,0,13,2,4,0,0.0,1.0,0.53287627607073,0.846193166127564,424.04,69.40098199672667,10.322400000000002,10.604,0.5765965474955194,646.78,110.4,519.1999999999999,784.6266666666669,False,False,False,False,False,False,False,False,True,False,569.75445,38.45555000000002,65.2194,54.70060000000001,25.20415,-18.89415,569.75445,0.0,High,Zone_009
2026-02-13 02:00:00,3.13,83.1,17.4,41.0,243.24,883.07,23,0,4.0,401.52,50.97,71.77,2,13,2,4,0,0.4999999999999999,0.8660254037844387,0.9927573419294456,0.1201368388346472,1126.31,310.27823691460054,12.52,7.134,0.2159618577478669,608.21,119.92,567.4733333333332,610.6700000000001,False,False,False,False,False,False,False,False,True,False,569.75445,-168.23445000000004,65.2194,-14.249399999999994,25.20415,46.56585,569.75445,0.0,Low,Zone_009
2026-02-13 05:00:00,5.95,27.2,14.8,60.1,230.65,193.14,-10,1,4.53,517.1,105.87,-39.43,5,13,2,4,0,0.9659258262890684,0.2588190451025207,0.4570979270586942,0.8894163732912975,423.79,65.70387596899224,26.9535,8.8948,0.5442554095188655,401.52,50.97,552.17,744.7166666666667,False,False,False,False,False,False,False,False,True,False,569.75445,-52.65445,65.2194,40.65060000000001,25.20415,-64.63415,569.75445,0.0,Moderate,Zone_009
2026-02-13 08:00:00,5.1,214.6,18.7,39.0,236.07,868.06,0,1,2.86,448.95,88.15,0.58,8,13,2,4,0,0.8660254037844387,-0.4999999999999998,-0.5678437450531013,-0.8231363685344418,1104.13,197.16607142857143,14.586,7.292999999999999,0.2138063452673145,517.1,105.87,508.9433333333333,658.0466666666667,False,False,False,False,False,False,False,False,True,False,569.75445,-120.80445000000003,65.2194,22.930600000000013,25.20415,-24.62415,569.75445,0.0,Low,Zone_009
2026-02-13 11:00:00,10.67,32.3,13.1,43.3,474.25,1011.39,15,1,2.88,620.31,44.12,-11.64,11,13,2,4,0,0.258819045102521,-0.9659258262890682,0.5343523493898262,0.8452618332218562,1485.64,133.00268576544315,30.7296,5.672299999999999,0.3192226919038259,448.95,88.15,455.85666666666657,884.7433333333335,False,False,False,False,False,False,False,False,True,False,569.75445,50.555549999999926,65.2194,-21.099399999999996,25.20415,-36.84415,569.75445,0.0,High,Zone_009
2026-02-13 22:00:00,0.94,85.7,25.7,50.3,258.12,1115.49,15,0,1.6,486.67,34.17,-42.43,22,13,2,4,0,-0.5000000000000004,0.8660254037844384,0.9971851335251156,0.0749787268263277,1373.61,953.8958333333336,1.504,12.927099999999998,0.1879135999301111,620.31,44.12,528.7866666666665,1004.52,False,False,False,False,False,False,False,False,True,False,569.75445,-83.08445,65.2194,-31.04939999999999,25.20415,-67.63415,569.75445,0.0,Moderate,Zone_009
2026-02-14 14:00:00,10.42,0.5,20.3,44.4,197.83,822.32,6,0,2.36,572.33,27.63,98.84,14,14,2,5,1,-0.4999999999999997,-0.8660254037844388,0.0087265354983739,0.9999619230641712,1020.15,93.42032967032968,24.5912,9.0132,0.1939224623829828,486.67,34.17,518.6433333333333,1321.1266666666668,False,False,False,False,False,False,False,False,True,False,569.75445,2.575550000000021,65.2194,-37.5894,25.20415,73.63585,569.75445,0.0,High,Zone_009
2026-02-16 09:00:00,7.47,112.6,26.1,71.9,109.33,629.16,11,0,4.15,498.97,15.48,69.58,9,16,2,0,0,0.7071067811865476,-0.7071067811865475,0.923210217112981,-0.3842953226598035,738.49,92.65872020075282,31.0005,18.7659,0.1480453357526845,572.33,27.63,559.7699999999999,1293.1333333333334,False,False,False,False,False,False,False,False,True,False,569.75445,-70.78444999999999,65.2194,-49.73939999999999,25.20415,44.37585,569.75445,0.0,Moderate,Zone_009
2026-02-16 16:00:00,5.48,156.0,11.0,66.4,60.4,998.79,-26,0,4.26,668.83,45.1,86.22,16,16,2,0,0,-0.8660254037844384,-0.5000000000000004,0.4067366430758004,-0.9135454576426008,1059.19,177.12207357859532,23.3448,7.304000000000001,0.0570247075595502,498.97,15.48,519.3233333333333,1044.0833333333337,False,False,False,False,False,False,False,False,True,False,569.75445,99.07555000000002,65.2194,-20.11939999999999,25.20415,61.01585,569.75445,0.0,Severe,Zone_009
2026-02-18 08:00:00,11.55,327.4,34.2,37.5,213.41,594.7,-30,0,4.32,613.82,111.39,-8.9,8,18,2,2,0,0.8660254037844387,-0.4999999999999998,-0.5387707850068634,0.8424523970071474,808.11,67.06307053941909,49.89600000000001,12.825,0.2640853349172761,668.83,45.1,580.0433333333332,939.276666666667,False,False,False,False,False,False,False,False,True,False,569.75445,44.06555000000003,65.2194,46.17060000000001,25.20415,-34.10415,569.75445,0.0,High,Zone_009
2026-02-19 00:00:00,7.44,25.9,30.3,85.2,396.13,467.67,19,0,3.1,573.7,50.89,-21.39,0,19,2,3,0,0.0,1.0,0.4368017883677021,0.8995577789551803,863.8,108.79093198992442,23.064000000000004,25.8156,0.4585899513776337,613.82,111.39,593.8733333333333,868.5966666666668,False,False,False,False,False,False,False,False,True,False,569.75445,3.9455500000000256,65.2194,-14.329399999999993,25.20415,-46.59415,569.75445,0.0,High,Zone_009
2026-02-19 03:00:00,8.49,28.0,21.3,82.4,217.31,540.77,23,0,1.08,648.59,54.89,57.38,3,19,2,3,0,0.7071067811865475,0.7071067811865476,0.4694715627858908,0.882947592858927,758.0799999999999,84.32480533926584,9.1692,17.5512,0.2866584001688476,573.7,50.89,618.7833333333333,910.3666666666668,False,False,False,False,False,False,False,False,True,False,569.75445,78.83555000000001,65.2194,-10.329399999999993,25.20415,32.175850000000004,569.75445,0.0,High,Zone_009
2026-02-19 05:00:00,11.89,109.2,29.1,30.3,378.06,956.89,19,0,1.27,448.12,57.33,24.66,5,19,2,3,0,0.9659258262890684,0.2588190451025207,0.9443763702374812,-0.3288666467385832,1334.95,107.74414850686036,15.1003,8.8173,0.2832016180381287,648.59,54.89,612.0366666666667,809.9966666666668,False,False,False,False,False,False,False,False,True,False,569.75445,-121.63445000000002,65.2194,-7.889399999999995,25.20415,-0.5441499999999984,569.75445,0.0,Low,Zone_009
2026-02-19 19:00:00,3.24,95.6,20.6,66.1,139.71,325.78,-2,0,3.1,414.02,95.71,7.38,19,19,2,3,0,-0.9659258262890684,0.2588190451025203,0.9952273999818312,-0.0975828997591493,465.49,124.46256684491978,10.044,13.6166,0.300135341253303,448.12,57.33,556.8033333333333,985.61,False,False,False,False,False,False,False,False,True,False,569.75445,-155.73445000000004,65.2194,30.4906,25.20415,-17.82415,569.75445,0.0,Low,Zone_009
2026-02-20 00:00:00,7.96,339.6,16.4,33.6,177.05,225.33,11,1,3.96,532.23,72.51,-1.4,0,20,2,4,0,0.0,1.0,-0.3485720473218147,0.9372819894918916,402.38,47.56264775413711,31.5216,5.5104,0.4400069585963517,414.02,95.71,503.5766666666666,852.8400000000001,False,False,False,False,False,False,False,False,True,False,569.75445,-37.52445,65.2194,7.290600000000012,25.20415,-26.604149999999997,569.75445,0.0,Moderate,Zone_009
2026-02-20 08:00:00,10.48,334.8,34.0,82.8,343.64,284.1,-1,0,2.49,686.34,10.36,-4.76,8,20,2,4,0,0.8660254037844387,-0.4999999999999998,-0.4257792915650722,0.9048270524660196,627.74,57.17122040072859,26.0952,28.152,0.5474240927772644,532.23,72.51,464.79,734.2733333333335,False,False,False,False,False,False,False,False,True,False,569.75445,116.58555000000001,65.2194,-54.859399999999994,25.20415,-29.964149999999997,569.75445,0.0,Severe,Zone_009
2026-02-20 12:00:00,1.56,290.4,24.7,76.7,393.63,643.18,23,0,4.15,678.76,22.86,55.29,12,20,2,4,0,1.2246467991473532e-16,-1.0,-0.9372819894918916,0.348572047321815,1036.81,503.3058252427184,6.474000000000001,18.9449,0.3796549030198397,686.34,10.36,544.1966666666666,498.53666666666686,False,False,False,False,False,False,False,False,True,False,569.75445,109.00554999999997,65.2194,-42.359399999999994,25.20415,30.08585,569.75445,0.0,Severe,Zone_009
2026-02-22 04:00:00,2.93,114.2,21.3,60.7,273.13,713.85,17,1,4.23,450.99,61.26,35.56,4,22,2,6,1,0.8660254037844386,0.5000000000000001,0.912120116172273,-0.4099230338415728,986.98,287.74927113702626,12.393900000000002,12.9291,0.2767330644997872,678.76,22.86,632.4433333333333,688.9766666666668,False,False,False,False,False,False,False,False,True,False,569.75445,-118.76445000000001,65.2194,-3.959399999999995,25.20415,10.355850000000004,569.75445,0.0,Low,Zone_009
2026-02-22 08:00:00,5.79,292.3,16.8,91.0,183.32,410.89,-12,0,4.61,539.95,105.05,-45.73,8,22,2,6,1,0.8660254037844387,-0.4999999999999998,-0.925209718385782,0.3794561595290055,594.21,94.46899841017488,26.6919,15.288,0.3085104592652429,450.99,61.26,605.3633333333332,883.8433333333336,False,False,False,False,False,False,False,False,True,False,569.75445,-29.804449999999974,65.2194,39.830600000000004,25.20415,-70.93414999999999,569.75445,0.0,Moderate,Zone_009
2026-02-22 09:00:00,3.0,312.2,15.2,33.5,295.25,840.76,-7,1,0.92,473.27,46.18,53.54,9,22,2,6,1,0.7071067811865476,-0.7071067811865475,-0.7408045962867505,0.6717205893229896,1136.01,324.57428571428574,2.76,5.092,0.2599008811542151,539.95,105.05,556.5666666666666,872.666666666667,False,False,False,False,False,False,False,False,True,False,569.75445,-96.48445000000004,65.2194,-19.039399999999993,25.20415,28.33585,569.75445,0.0,Low,Zone_009
2026-02-22 13:00:00,2.79,274.8,27.2,46.5,424.24,441.02,-19,0,2.53,522.36,61.0,48.88,13,22,2,6,1,-0.2588190451025208,-0.9659258262890684,-0.9964928592495044,0.0836778433323154,865.26,262.99696048632217,7.0587,12.648,0.4903034925918221,473.27,46.18,488.07,905.7333333333336,False,False,False,False,False,False,False,False,True,False,569.75445,-47.394450000000006,65.2194,-4.219399999999993,25.20415,23.675850000000004,569.75445,0.0,Moderate,Zone_009
2026-02-22 16:00:00,6.77,317.7,12.9,63.2,57.97,1072.92,-14,0,4.5,744.18,29.19,-41.13,16,22,2,6,1,-0.8660254037844384,-0.5000000000000004,-0.6730125135097736,0.7396310949786093,1130.89,155.55570839064652,30.465,8.152800000000001,0.051260511632431,522.36,61.0,511.86,865.1600000000002,False,False,False,False,False,False,False,False,True,False,569.75445,174.42554999999993,65.2194,-36.029399999999995,25.20415,-66.33415,569.75445,0.0,Severe,Zone_009
2026-02-23 06:00:00,1.28,343.3,16.8,61.5,332.21,1006.22,16,0,2.19,660.82,22.4,-0.75,6,23,2,0,0,1.0,6.123233995736766e-17,-0.2873605198497119,0.9578224948453148,1338.43,751.9269662921348,2.8032,10.332,0.2482087221595451,744.18,29.19,579.9366666666666,1044.0533333333335,False,False,False,False,False,False,False,False,True,False,569.75445,91.06555000000003,65.2194,-42.819399999999995,25.20415,-25.95415,569.75445,0.0,Severe,Zone_009
2026-02-23 19:00:00,5.21,157.0,27.6,42.1,132.2,879.48,2,0,3.63,651.79,45.26,68.7,19,23,2,0,0,-0.9659258262890684,0.2588190451025203,0.3907311284892737,-0.9205048534524404,1011.68,177.1768826619965,18.9123,11.6196,0.1306737308239759,660.82,22.4,642.4533333333333,1111.5266666666669,False,False,False,False,False,False,False,False,True,False,569.75445,82.03554999999994,65.2194,-19.959399999999995,25.20415,43.495850000000004,569.75445,0.0,High,Zone_009
2026-02-23 21:00:00,8.47,298.1,26.3,84.0,376.75,138.68,4,0,3.74,747.61,47.6,89.97,21,23,2,0,0,-0.7071067811865477,0.7071067811865474,-0.8821268660176675,0.4710118812194103,515.4300000000001,57.46153846153847,31.677800000000005,22.092,0.7309430960557204,651.79,45.26,685.5966666666665,1160.3333333333337,False,False,False,False,False,False,False,False,True,False,569.75445,177.85555,65.2194,-17.61939999999999,25.20415,64.76585,569.75445,0.0,Severe,Zone_009
2026-02-23 23:00:00,4.0,14.0,33.9,71.2,423.0,900.64,5,1,2.2,461.58,42.54,44.33,23,23,2,0,0,-0.2588190451025215,0.965925826289068,0.2419218955996677,0.9702957262759964,1323.64,294.1422222222222,8.8,24.1368,0.3195732978755553,747.61,47.6,686.7399999999999,955.1800000000004,False,False,False,False,False,False,False,False,True,False,569.75445,-108.17445000000004,65.2194,-22.679399999999994,25.20415,19.12585,569.75445,0.0,Low,Zone_009
2026-02-24 12:00:00,7.04,86.4,21.7,60.6,237.07,182.44,-2,1,0.65,590.94,36.58,21.64,12,24,2,1,0,1.2246467991473532e-16,-1.0,0.9980267284282716,0.0627905195293133,419.51,55.637931034482754,4.5760000000000005,13.1502,0.5651116779099425,461.58,42.54,620.3266666666665,950.2500000000005,False,False,False,False,False,False,False,False,True,False,569.75445,21.185550000000035,65.2194,-28.639399999999995,25.20415,-3.564149999999998,569.75445,0.0,High,Zone_009
2026-02-25 15:00:00,7.9,269.2,31.2,46.9,434.55,1174.9,20,1,3.26,523.42,65.77,62.92,15,25,2,2,0,-0.7071067811865471,-0.7071067811865479,-0.9999025240093042,-0.0139621803391454,1609.45,191.60119047619048,25.754,14.6328,0.2699990680045978,590.94,36.58,600.0433333333332,752.8600000000002,False,False,False,False,False,False,False,False,True,False,569.75445,-46.33445000000006,65.2194,0.5506000000000029,25.20415,37.71585,569.75445,0.0,Moderate,Zone_009
2026-02-26 07:00:00,1.7,301.0,18.1,52.4,433.15,841.34,-11,0,3.55,512.96,49.76,24.93,7,26,2,3,0,0.9659258262890684,-0.2588190451025206,-0.8571673007021123,0.5150380749100542,1274.49,579.3136363636363,6.034999999999999,9.4844,0.3398614347699864,523.42,65.77,525.3133333333332,1117.5333333333335,False,False,False,False,False,False,False,False,True,False,569.75445,-56.79444999999998,65.2194,-15.459399999999995,25.20415,-0.2741499999999988,569.75445,0.0,Moderate,Zone_009
2026-02-26 09:00:00,10.59,161.5,32.2,48.9,277.87,588.56,-17,1,0.5,518.62,10.11,1.53,9,26,2,3,0,0.7071067811865476,-0.7071067811865475,0.3173046564050921,-0.9483236552061992,866.43,78.12714156898106,5.295,15.7458,0.3207068083976778,512.96,49.76,542.4399999999999,1101.1500000000003,False,False,False,False,False,False,False,False,True,False,569.75445,-51.134450000000015,65.2194,-55.109399999999994,25.20415,-23.674149999999997,569.75445,0.0,Moderate,Zone_009
2026-02-26 11:00:00,5.87,238.9,32.0,36.5,368.67,1010.45,-2,0,3.42,477.86,108.37,37.47,11,26,2,3,0,0.258819045102521,-0.9659258262890682,-0.8562670846003281,-0.516533328866642,1379.12,216.50235478806908,20.0754,11.68,0.2673226405243923,518.62,10.11,518.3333333333333,1250.1233333333334,False,False,False,False,False,False,False,False,True,False,569.75445,-91.89445,65.2194,43.15060000000001,25.20415,12.26585,569.75445,0.0,Moderate,Zone_009
2026-02-26 23:00:00,4.93,189.8,12.3,59.9,375.86,548.07,17,0,1.07,749.89,35.55,-47.97,23,26,2,3,0,-0.2588190451025215,0.965925826289068,-0.1702094991660329,-0.98540789848349,923.93,170.15285451197056,5.2751,7.3677,0.4068057103893152,477.86,108.37,503.1466666666667,1173.346666666667,False,False,False,False,False,False,False,False,True,False,569.75445,180.13554999999997,65.2194,-29.669399999999996,25.20415,-73.17415,569.75445,0.0,Severe,Zone_009
2026-02-27 02:00:00,10.1,176.6,20.1,64.1,323.12,146.5,16,0,1.01,471.06,53.91,-7.59,2,27,2,4,0,0.4999999999999999,0.8660254037844387,0.0593063735759616,-0.9982398279237652,469.62,44.30377358490566,10.201,12.8841,0.6880456539329671,749.89,35.55,582.1233333333333,1056.4933333333338,False,False,False,False,False,False,False,False,True,False,569.75445,-98.69445000000002,65.2194,-11.309399999999997,25.20415,-32.79415,569.75445,0.0,Low,Zone_009
2026-02-27 04:00:00,1.79,289.0,11.7,59.1,437.42,402.03,13,0,3.7,662.79,97.75,-17.11,4,27,2,4,0,0.8660254037844386,0.5000000000000001,-0.945518575599317,0.3255681544571563,839.45,366.5720524017468,6.623,6.9147,0.5210792780987551,471.06,53.91,566.27,924.2233333333336,False,False,False,False,False,False,False,False,True,False,569.75445,93.03554999999994,65.2194,32.53060000000001,25.20415,-42.31415,569.75445,0.0,Severe,Zone_009
2026-02-27 15:00:00,8.84,179.1,32.5,78.9,272.96,716.52,-28,0,1.45,489.69,74.14,-1.51,15,27,2,4,0,-0.7071067811865471,-0.7071067811865479,0.0157073173118207,-0.9998766324816606,989.48,105.94004282655249,12.818,25.6425,0.2758620689655172,662.79,97.75,627.9133333333333,744.3333333333336,False,False,False,False,False,False,False,False,True,False,569.75445,-80.06445000000002,65.2194,8.920600000000007,25.20415,-26.71415,569.75445,0.0,Moderate,Zone_009
2026-02-28 02:00:00,10.99,200.4,18.6,33.7,355.93,1023.31,24,1,4.4,573.41,55.07,43.91,2,28,2,5,1,0.4999999999999999,0.8660254037844387,-0.3485720473218151,-0.9372819894918916,1379.24,120.03829416884248,48.356,6.2682,0.2580624111829703,489.69,74.14,541.18,766.1833333333337,False,False,False,False,False,False,False,False,True,False,569.75445,3.6555499999999483,65.2194,-10.149399999999993,25.20415,18.705849999999998,569.75445,0.0,High,Zone_009
2026-02-28 04:00:00,0.96,120.8,16.7,68.2,99.04,400.21,18,1,1.96,613.04,110.32,-1.51,4,28,2,5,1,0.8660254037844386,0.5000000000000001,0.8589598969306645,-0.5120428648705714,499.25,341.95205479452056,1.8816,11.3894,0.1983775663495243,573.41,55.07,575.2966666666665,1069.3900000000003,False,False,False,False,False,False,False,False,True,False,569.75445,43.285549999999944,65.2194,45.1006,25.20415,-26.71415,569.75445,0.0,High,Zone_009
2026-02-28 15:00:00,6.54,332.4,10.2,40.5,454.89,491.7,0,1,4.68,507.04,33.21,87.29,15,28,2,5,1,-0.7071067811865471,-0.7071067811865479,-0.4632960351198621,0.8862035792312145,946.59,134.4588068181818,30.6072,4.130999999999999,0.4805565239438406,613.04,110.32,558.7133333333333,955.9900000000002,False,False,False,False,False,False,False,False,True,False,569.75445,-62.71445,65.2194,-32.00939999999999,25.20415,62.08585000000001,569.75445,0.0,Moderate,Zone_009
2026-03-01 06:00:00,10.5,10.1,27.2,47.0,208.15,525.94,6,1,1.71,509.2,15.2,-37.1,6,1,3,6,1,1.0,6.123233995736766e-17,0.1753667260919871,0.9845031799744366,734.09,66.73545454545454,17.955,12.784,0.2835483387595526,507.04,33.21,564.4966666666666,941.6933333333336,False,False,False,False,False,False,False,False,True,False,569.75445,-60.55445000000003,65.2194,-50.01939999999999,25.20415,-62.30415,569.75445,0.0,Moderate,Zone_009
2026-03-01 07:00:00,10.74,88.1,16.2,63.3,125.2,1099.95,13,0,3.98,722.53,82.68,14.34,7,1,3,6,1,0.9659258262890684,-0.2588190451025206,0.9994502159417572,0.0331551783885264,1225.15,108.9991103202847,42.7452,10.254599999999998,0.1021915683793821,509.2,15.2,543.0933333333332,726.6433333333335,False,False,False,False,False,False,False,False,True,False,569.75445,152.77554999999995,65.2194,17.460600000000014,25.20415,-10.864149999999999,569.75445,0.0,Severe,Zone_009
2026-03-01 11:00:00,8.21,330.6,32.8,32.3,157.54,678.19,-17,0,3.1,414.12,108.27,86.98,11,1,3,6,1,0.258819045102521,-0.9659258262890682,-0.4909037536151403,0.8712138111201897,835.73,95.95063145809414,25.451000000000004,10.594399999999998,0.1885058571548227,722.53,82.68,579.5899999999999,968.6100000000002,False,False,False,False,False,False,False,False,True,False,569.75445,-155.63445000000002,65.2194,43.0506,25.20415,61.775850000000005,569.75445,0.0,Low,Zone_009
2026-03-01 14:00:00,5.34,186.2,15.8,36.1,61.25,739.97,-15,1,3.1,640.69,65.39,-3.96,14,1,3,6,1,-0.4999999999999997,-0.8660254037844388,-0.1079993557060226,-0.9941509639723154,801.22,137.19520547945206,16.554,5.7038,0.0764459199720426,414.12,108.27,548.6166666666667,931.6566666666672,False,False,False,False,False,False,False,False,True,False,569.75445,70.93555000000003,65.2194,0.1706000000000074,25.20415,-29.16415,569.75445,0.0,High,Zone_009
2026-03-01 16:00:00,10.59,289.6,34.0,36.7,194.62,464.0,8,0,0.85,531.1,76.69,80.96,16,1,3,6,1,-0.8660254037844384,-0.5000000000000004,-0.9420574527872964,0.3354515697502557,658.62,59.38863841298467,9.0015,12.478000000000002,0.2954966444991042,640.69,65.39,592.4466666666666,954.0333333333336,False,False,False,False,False,False,False,False,True,False,569.75445,-38.65445,65.2194,11.470600000000005,25.20415,55.755849999999995,569.75445,0.0,Moderate,Zone_009
2026-03-01 19:00:00,2.71,205.9,14.0,79.0,112.84,326.62,10,1,1.42,422.22,91.32,92.24,19,1,3,6,1,-0.9659258262890684,0.2588190451025203,-0.4368017883677024,-0.8995577789551803,439.46,136.90342679127727,3.8482,11.06,0.2567696718700223,531.1,76.69,528.6366666666667,765.1900000000002,False,False,False,False,False,False,False,False,True,False,569.75445,-147.53445,65.2194,26.1006,25.20415,67.03585,569.75445,0.0,Low,Zone_009
2026-03-01 21:00:00,10.98,44.1,14.5,46.2,173.32,147.74,3,0,1.32,597.38,115.93,92.71,21,1,3,6,1,-0.7071067811865477,0.7071067811865474,0.6959127965923144,0.7181262977631888,321.06,27.966898954703836,14.4936,6.699000000000001,0.5398367906310346,422.22,91.32,531.3366666666667,633.1000000000003,False,False,False,False,False,False,False,False,True,False,569.75445,27.625549999999976,65.2194,50.710600000000014,25.20415,67.50585,569.75445,0.0,High,Zone_009
2026-03-03 01:00:00,7.18,222.4,15.3,55.4,416.66,938.17,18,0,3.71,588.83,23.18,80.1,1,3,3,1,0,0.2588190451025207,0.9659258262890684,-0.6743023875837234,-0.7384553406258838,1354.83,176.41015625,26.6378,8.4762,0.307536738926655,597.38,115.93,516.9,473.0466666666669,False,False,False,False,False,False,False,False,True,False,569.75445,19.07555000000002,65.2194,-42.03939999999999,25.20415,54.895849999999996,569.75445,0.0,High,Zone_009
2026-03-03 02:00:00,9.03,277.2,14.9,87.8,211.64,389.1,-15,1,2.39,577.83,40.26,39.46,2,3,3,1,0,0.4999999999999999,0.8660254037844387,-0.992114701314478,0.1253332335643042,600.74,63.0367261280168,21.5817,13.0822,0.3522988314412225,588.83,23.18,536.1433333333333,705.1166666666669,False,False,False,False,False,False,False,False,True,False,569.75445,8.075550000000021,65.2194,-24.959399999999995,25.20415,14.255850000000002,569.75445,0.0,High,Zone_009
2026-03-03 10:00:00,11.57,113.2,13.9,88.6,217.34,1106.37,-2,0,2.22,464.2,119.04,36.46,10,3,3,1,0,0.4999999999999999,-0.8660254037844387,0.9191353392552344,-0.3939419095909511,1323.7099999999998,109.66942833471415,25.6854,12.3154,0.1641900416254315,577.83,40.26,588.0133333333333,758.876666666667,False,False,False,False,False,False,False,False,True,False,569.75445,-105.55445000000003,65.2194,53.82060000000001,25.20415,11.255850000000002,569.75445,0.0,Low,Zone_009
2026-03-03 23:00:00,3.79,319.3,13.4,39.1,115.01,577.66,2,1,1.36,427.81,97.88,57.01,23,3,3,1,0,-0.2588190451025215,0.965925826289068,-0.6520984038303919,0.7581343361976525,692.67,161.46153846153845,5.154400000000001,5.239400000000001,0.1660386619891146,464.2,119.04,543.6199999999999,1093.0933333333337,False,False,False,False,False,False,False,False,True,False,569.75445,-141.94445000000002,65.2194,32.6606,25.20415,31.80585,569.75445,0.0,Low,Zone_009
2026-03-04 09:00:00,6.19,147.4,30.2,60.6,156.56,150.52,-27,1,1.55,510.46,116.8,-12.94,9,4,3,2,0,0.7071067811865476,-0.7071067811865475,0.5387707850068629,-0.8424523970071477,307.08000000000004,45.90134529147982,9.5945,18.3012,0.5098345707958838,427.81,97.88,489.94666666666654,872.3733333333336,False,False,False,False,False,False,False,False,True,False,569.75445,-59.29445000000004,65.2194,51.580600000000004,25.20415,-38.144149999999996,569.75445,0.0,Moderate,Zone_009
2026-01-01 05:00:00,8.56,232.5,25.1,42.2,111.31,818.84,18,1,3.26,577.13,79.8,40.66,5,1,1,3,0,0.9659258262890684,0.2588190451025207,-0.7933533402912349,-0.6087614290087209,930.15,102.6655629139073,27.9056,10.5922,0.1196688706122668,573.2728205128205,66.00153846153846,572.7220299145299,907.0905128205128,False,False,False,False,False,False,False,False,False,True,569.75445,7.375549999999976,65.2194,14.580600000000004,25.20415,15.455849999999998,569.75445,0.0,High,Zone_010
2026-01-01 22:00:00,7.23,322.5,16.3,78.4,404.85,1144.44,-15,0,2.7,486.11,84.79,52.58,22,1,1,3,0,-0.5000000000000004,0.8660254037844384,-0.6087614290087209,0.7933533402912349,1549.29,200.42561448900383,19.521,12.7792,0.2613132467130105,577.13,79.8,577.13,930.15,False,False,False,False,False,False,False,False,False,True,569.75445,-83.64445,65.2194,19.570600000000013,25.20415,27.37585,569.75445,0.0,Moderate,Zone_010
2026-01-02 02:00:00,1.71,60.7,21.4,82.4,489.19,1041.89,-14,0,3.1,430.93,32.36,-41.32,2,2,1,4,0,0.4999999999999999,0.8660254037844387,0.8720692724321206,0.4893824517488462,1531.0800000000002,692.7963800904978,5.301,17.633599999999998,0.3195064921493324,486.11,84.79,531.62,1239.72,False,False,False,False,False,False,False,False,False,True,569.75445,-138.82445,65.2194,-32.859399999999994,25.20415,-66.52414999999999,569.75445,0.0,Low,Zone_010
2026-01-02 18:00:00,4.7,71.0,31.5,56.2,368.06,311.78,21,1,4.34,685.42,36.09,-15.95,18,2,1,4,0,-1.0,-1.8369701987210294e-16,0.9455185755993168,0.3255681544571567,679.8399999999999,130.7384615384615,20.398,17.703000000000003,0.5413920922570017,430.93,32.36,498.0566666666667,1336.84,False,False,False,False,False,False,False,False,False,True,569.75445,115.66554999999994,65.2194,-29.12939999999999,25.20415,-41.15415,569.75445,0.0,Severe,Zone_010
2026-01-02 20:00:00,5.86,60.1,33.7,53.1,137.18,239.76,-1,1,1.78,433.84,98.06,8.82,20,2,1,4,0,-0.8660254037844386,0.5000000000000001,0.8668967489356028,0.4984877397538303,376.94,59.26729559748427,10.4308,17.894700000000004,0.3639305990343291,685.42,36.09,534.1533333333333,1253.4033333333334,False,False,False,False,False,False,False,False,False,True,569.75445,-135.91445000000004,65.2194,32.84060000000001,25.20415,-16.384149999999998,569.75445,0.0,Low,Zone_010
2026-01-03 11:00:00,5.72,357.0,23.3,33.5,193.18,1183.43,19,0,1.96,680.33,99.65,-45.98,11,3,1,5,1,0.258819045102521,-0.9659258262890682,-0.0523359562429443,0.9986295347545738,1376.61,221.3199356913184,11.2112,7.8055,0.1403302315107401,433.84,98.06,516.7299999999999,862.62,False,False,False,False,False,False,False,False,False,True,569.75445,110.57555000000002,65.2194,34.43060000000001,25.20415,-71.18414999999999,569.75445,0.0,Severe,Zone_010
2026-01-03 15:00:00,1.89,352.8,31.6,36.7,404.3,147.06,10,0,4.65,692.23,117.78,26.48,15,3,1,5,1,-0.7071067811865471,-0.7071067811865479,-0.1253332335643038,0.992114701314478,551.36,230.6945606694561,8.7885,11.597200000000004,0.733277713290772,680.33,99.65,599.8633333333333,811.1300000000001,False,False,False,False,False,False,False,False,False,True,569.75445,122.47555,65.2194,52.56060000000001,25.20415,1.275850000000002,569.75445,0.0,Severe,Zone_010
2026-01-03 17:00:00,11.65,247.2,30.3,36.6,58.96,225.72,-25,0,2.28,691.43,54.5,34.72,17,3,1,5,1,-0.9659258262890684,-0.2588190451025206,-0.9218631515885004,-0.3875155864521032,284.68,23.43045267489712,26.562,11.0898,0.2071097372488408,692.23,117.78,602.1333333333333,768.3033333333334,False,False,False,False,False,False,False,False,False,True,569.75445,121.67554999999993,65.2194,-10.719399999999993,25.20415,9.51585,569.75445,0.0,Severe,Zone_010
2026-01-04 03:00:00,5.11,111.7,21.1,62.0,87.8,660.17,19,1,2.44,666.01,70.27,-35.07,3,4,1,6,1,0.7071067811865475,0.7071067811865476,0.9291325715340562,-0.3697467572738294,747.9699999999999,133.32798573975043,12.4684,13.082,0.1173843870743479,691.43,54.5,687.9966666666666,737.5500000000001,False,False,False,False,False,False,False,False,False,True,569.75445,96.25554999999997,65.2194,5.050600000000003,25.20415,-60.27415,569.75445,0.0,Severe,Zone_010
2026-01-04 21:00:00,4.39,52.6,12.4,45.0,423.58,700.12,11,0,1.53,606.49,89.83,56.47,21,4,1,6,1,-0.7071067811865477,0.7071067811865474,0.7944146205354181,0.6073758397232867,1123.7,229.7955010224949,6.7167,5.58,0.3769511435436504,666.01,70.27,683.2233333333332,528.0033333333333,False,False,False,False,False,False,False,False,False,True,569.75445,36.73554999999999,65.2194,24.610600000000005,25.20415,31.26585,569.75445,0.0,High,Zone_010
2026-01-04 23:00:00,5.01,84.6,25.2,52.0,243.69,845.87,-1,0,0.93,408.41,94.14,-2.31,23,4,1,6,1,-0.2588190451025215,0.965925826289068,0.99556196460308,0.0941083133185145,1089.56,197.74228675136115,4.6593,13.104,0.223659091743456,606.49,89.83,654.6433333333333,718.7833333333334,False,False,False,False,False,False,False,False,False,True,569.75445,-161.34445,65.2194,28.920600000000007,25.20415,-27.514149999999997,569.75445,0.0,Low,Zone_010
2026-01-05 20:00:00,1.43,107.8,13.2,79.6,460.06,294.85,-29,1,4.3,655.93,15.63,-0.06,20,5,1,0,0,-0.8660254037844386,0.5000000000000001,0.9521293927421388,-0.3056953049631056,754.9100000000001,391.1450777202073,6.148999999999999,10.507199999999996,0.6094236399040944,408.41,94.14,560.3033333333333,987.0766666666668,False,False,False,False,False,False,False,False,False,True,569.75445,86.17554999999993,65.2194,-49.58939999999999,25.20415,-25.264149999999997,569.75445,0.0,Severe,Zone_010
2026-01-06 00:00:00,10.03,136.2,11.0,74.6,166.36,1194.29,8,0,0.38,583.88,49.01,-6.54,0,6,1,1,0,0.0,1.0,0.6921431738704068,-0.7217602280983622,1360.65,129.21652421652422,3.8114,8.206,0.1222650938889501,655.93,15.63,556.9433333333333,989.39,False,False,False,False,False,False,False,False,False,True,569.75445,14.125549999999976,65.2194,-16.209399999999995,25.20415,-31.744149999999998,569.75445,0.0,High,Zone_010
2026-01-06 01:00:00,1.42,31.8,32.8,84.7,375.89,226.26,23,0,0.06,687.6,16.65,5.41,1,6,1,1,0,0.2588190451025207,0.9659258262890684,0.5269557954966776,0.849892692986864,602.15,313.6197916666667,0.0852,27.7816,0.6242464502200449,583.88,49.01,549.4066666666666,1068.3733333333332,False,False,False,False,False,False,False,False,False,True,569.75445,117.84555,65.2194,-48.569399999999995,25.20415,-19.79415,569.75445,0.0,Severe,Zone_010
2026-01-06 15:00:00,6.44,178.8,33.7,52.2,135.86,440.51,16,0,0.42,500.04,87.38,24.31,15,6,1,1,0,-0.7071067811865471,-0.7071067811865479,0.0209424198833566,-0.9997806834748456,576.37,83.05043227665706,2.7048,17.591400000000004,0.2357166403525513,687.6,16.65,642.4699999999999,905.9033333333332,False,False,False,False,False,False,False,False,False,True,569.75445,-69.71445,65.2194,22.160600000000002,25.20415,-0.8941499999999998,569.75445,0.0,Moderate,Zone_010
2026-01-06 20:00:00,9.81,62.6,11.7,87.1,139.88,999.71,-16,1,3.19,412.2,53.52,36.31,20,6,1,1,0,-0.8660254037844386,0.5000000000000001,0.8878153851364013,0.4601997847838517,1139.59,110.53249272550924,31.2939,10.190699999999998,0.1227458998411709,500.04,87.38,590.5066666666667,846.39,False,False,False,False,False,False,False,False,False,True,569.75445,-157.55445000000003,65.2194,-11.69939999999999,25.20415,11.105850000000004,569.75445,0.0,Low,Zone_010
2026-01-07 14:00:00,9.94,33.7,27.3,45.7,113.93,1075.41,7,0,3.59,646.77,102.11,33.91,14,7,1,2,0,-0.4999999999999997,-0.8660254037844388,0.5548444274479993,0.8319541221304825,1189.34,113.92145593869732,35.6846,12.4761,0.0957926244808044,412.2,53.52,533.2799999999999,772.7033333333334,False,False,False,False,False,False,False,False,False,True,569.75445,77.01554999999996,65.2194,36.890600000000006,25.20415,8.705849999999998,569.75445,0.0,High,Zone_010
2026-01-07 22:00:00,9.52,58.5,18.2,89.8,310.25,416.73,15,1,0.97,472.56,45.63,23.17,22,7,1,2,0,-0.5000000000000004,0.8660254037844384,0.8526401643540922,0.5224985647159489,726.98,72.55289421157686,9.2344,16.3436,0.426765523123057,646.77,102.11,519.67,968.4333333333334,False,False,False,False,False,False,False,False,False,True,569.75445,-97.19445000000002,65.2194,-19.58939999999999,25.20415,-2.034149999999997,569.75445,0.0,Low,Zone_010
2026-01-08 19:00:00,4.95,85.2,25.8,38.7,457.01,537.85,28,0,1.01,528.28,57.71,-47.66,19,8,1,3,0,-0.9659258262890684,0.2588190451025203,0.9964928592495044,0.0836778433323154,994.86,182.54311926605504,4.9995,9.984600000000002,0.4593711678025048,472.56,45.63,510.51,1018.6366666666668,False,False,False,False,False,False,False,False,False,True,569.75445,-41.47445000000005,65.2194,-7.509399999999992,25.20415,-72.86415,569.75445,0.0,Moderate,Zone_010
2026-01-09 16:00:00,7.92,177.3,30.3,93.7,340.88,236.33,20,0,4.95,683.32,23.26,37.54,16,9,1,4,0,-0.8660254037844384,-0.5000000000000004,0.0471064507096425,-0.99888987496197,577.21,68.55225653206651,39.204,28.3911,0.5905649590270439,528.28,57.71,549.2033333333333,970.3933333333334,False,False,False,False,False,False,False,False,False,True,569.75445,113.56555000000003,65.2194,-41.95939999999999,25.20415,12.33585,569.75445,0.0,Severe,Zone_010
2026-01-10 09:00:00,6.88,59.2,24.9,94.1,119.29,112.13,-21,0,3.27,502.52,38.19,22.19,9,10,1,5,1,0.7071067811865476,-0.7071067811865475,0.8589598969306644,0.5120428648705715,231.42,31.35772357723577,22.4976,23.4309,0.5154697087546453,683.32,23.26,561.3866666666667,766.35,False,False,False,False,False,False,False,False,False,True,569.75445,-67.23445000000004,65.2194,-27.029399999999995,25.20415,-3.014149999999997,569.75445,0.0,Moderate,Zone_010
2026-01-10 12:00:00,8.21,255.8,16.4,86.7,156.79,323.47,25,1,3.03,541.68,47.43,78.46,12,10,1,5,1,1.2246467991473532e-16,-1.0,-0.9694453498951388,-0.2453073858788024,480.26,55.13892078071182,24.8763,14.218799999999998,0.3264689959605213,502.52,38.19,571.3733333333333,601.1633333333333,False,False,False,False,False,False,False,False,False,True,569.75445,-28.07445000000007,65.2194,-17.789399999999993,25.20415,53.255849999999995,569.75445,0.0,Moderate,Zone_010
2026-01-14 01:00:00,2.03,275.5,31.3,93.6,315.55,438.06,-28,1,0.56,552.59,27.56,-8.26,1,14,1,2,0,0.2588190451025207,0.9659258262890684,-0.9953961983671789,0.095845752520224,753.61,297.8695652173913,1.1368,29.2968,0.4187179044864054,541.68,47.43,575.84,429.63000000000005,False,False,False,False,False,False,False,False,False,True,569.75445,-17.164449999999988,65.2194,-37.65939999999999,25.20415,-33.46415,569.75445,0.0,Moderate,Zone_010
2026-01-14 03:00:00,5.32,53.8,26.7,90.6,65.78,448.64,-12,0,3.66,493.35,13.17,70.96,3,14,1,2,0,0.7071067811865475,0.7071067811865476,0.8069603121438019,0.5906056676199254,514.42,88.38831615120274,19.471200000000003,24.1902,0.1278721667120252,552.59,27.56,532.2633333333333,488.43,False,False,False,False,False,False,False,False,False,True,569.75445,-76.40445,65.2194,-52.04939999999999,25.20415,45.755849999999995,569.75445,0.0,Moderate,Zone_010
2026-01-14 11:00:00,0.78,26.2,18.2,67.6,280.8,1056.79,-1,0,2.74,615.34,107.16,52.2,11,14,1,2,0,0.258819045102521,-0.9659258262890682,0.4415058527917452,0.8972583696743285,1337.59,1044.9921875,2.1372000000000004,12.3032,0.2099297991163211,493.35,13.17,529.2066666666666,582.7633333333333,False,False,False,False,False,False,False,False,False,True,569.75445,45.58555000000001,65.2194,41.9406,25.20415,26.995850000000004,569.75445,0.0,High,Zone_010
2026-01-14 13:00:00,11.33,91.2,33.3,67.7,173.08,1177.17,-18,0,4.68,563.31,69.72,5.03,13,14,1,2,0,-0.2588190451025208,-0.9659258262890684,0.9997806834748456,-0.0209424198833569,1350.25,114.13778529163145,53.0244,22.5441,0.128183669690798,615.34,107.16,553.7600000000001,868.54,False,False,False,False,False,False,False,False,False,True,569.75445,-6.444450000000074,65.2194,4.500600000000006,25.20415,-20.174149999999997,569.75445,0.0,Moderate,Zone_010
2026-01-14 20:00:00,6.5,47.7,17.1,36.7,329.13,179.95,-16,0,3.24,528.81,40.39,-46.44,20,14,1,2,0,-0.8660254037844386,0.5000000000000001,0.7396310949786097,0.6730125135097733,509.08,72.72571428571429,21.06,6.2757000000000005,0.6465192111259527,563.31,69.72,557.3333333333334,1067.4199999999998,False,False,False,False,False,False,False,False,False,True,569.75445,-40.944450000000074,65.2194,-24.829399999999993,25.20415,-71.64415,569.75445,0.0,Moderate,Zone_010
2026-01-14 22:00:00,2.76,196.6,29.7,32.5,382.91,292.0,-11,0,4.1,551.37,16.05,98.24,22,14,1,2,0,-0.5000000000000004,0.8660254037844384,-0.2856883674049736,-0.9583225744651332,674.9100000000001,207.0276073619632,11.316,9.6525,0.5673497207035012,528.81,40.39,569.1533333333333,1065.64,False,False,False,False,False,False,False,False,False,True,569.75445,-18.384450000000015,65.2194,-49.169399999999996,25.20415,73.03585,569.75445,0.0,Moderate,Zone_010
2026-01-15 03:00:00,7.36,35.7,28.2,49.9,244.52,1171.67,-20,1,4.8,668.66,90.34,98.57,3,15,1,3,0,0.7071067811865475,0.7071067811865476,0.5835412113561176,0.8120835268918062,1416.19,180.176844783715,35.328,14.071799999999998,0.1726604481037149,551.37,16.05,547.8299999999999,844.7466666666666,False,False,False,False,False,False,False,False,False,True,569.75445,98.90554999999995,65.2194,25.12060000000001,25.20415,73.36585,569.75445,0.0,Severe,Zone_010
2026-01-15 18:00:00,1.44,45.6,20.1,77.8,303.19,712.94,17,1,3.25,618.67,65.52,25.46,18,15,1,3,0,-1.0,-1.8369701987210294e-16,0.7144726796328034,0.6996633405133654,1016.13,523.778350515464,4.68,15.6378,0.2983771761487211,668.66,90.34,582.9466666666666,866.7266666666668,False,False,False,False,False,False,False,False,False,True,569.75445,48.91554999999994,65.2194,0.30060000000000286,25.20415,0.25585000000000235,569.75445,0.0,High,Zone_010
2026-01-15 20:00:00,2.48,213.7,14.8,39.4,97.05,785.86,27,1,0.66,669.64,29.21,20.09,20,15,1,3,0,-0.8660254037844386,0.5000000000000001,-0.554844427447999,-0.8319541221304827,882.91,296.27852348993287,1.6368,5.8312,0.1099206034590162,618.67,65.52,612.9,1035.7433333333336,False,False,False,False,False,False,False,False,False,True,569.75445,99.88554999999997,65.2194,-36.00939999999999,25.20415,-5.114149999999999,569.75445,0.0,Severe,Zone_010
2026-01-15 21:00:00,6.46,45.8,11.5,50.6,325.62,493.49,9,1,4.07,703.09,82.77,-21.35,21,15,1,3,0,-0.7071067811865477,0.7071067811865474,0.7169106076504828,0.6971651028545646,819.11,117.6882183908046,26.2922,5.819,0.3975290254056232,669.64,29.21,652.3233333333333,1105.0766666666668,False,False,False,False,False,False,False,False,False,True,569.75445,133.33555,65.2194,17.550600000000003,25.20415,-46.55415,569.75445,0.0,Severe,Zone_010
2026-01-16 01:00:00,9.84,273.2,11.2,32.0,234.26,205.09,-2,0,0.91,523.3,17.31,-0.78,1,16,1,4,0,0.2588190451025207,0.9659258262890684,-0.998440764181981,0.0558215049931637,439.35,42.490328820116055,8.9544,3.584,0.5331967679526572,703.09,82.77,663.8000000000001,906.05,False,False,False,False,False,False,False,False,False,True,569.75445,-46.454450000000065,65.2194,-47.90939999999999,25.20415,-25.98415,569.75445,0.0,Moderate,Zone_010
2026-01-16 18:00:00,10.62,177.1,12.8,80.4,90.96,736.57,6,0,0.21,528.14,93.83,39.78,18,16,1,4,0,-1.0,-1.8369701987210294e-16,0.0505929400767133,-0.998719357184186,827.5300000000001,74.41816546762591,2.2302,10.291200000000002,0.1099174652278467,523.3,17.31,632.01,713.79,False,False,False,False,False,False,False,False,False,True,569.75445,-41.61445000000003,65.2194,28.610600000000005,25.20415,14.575850000000003,569.75445,0.0,Moderate,Zone_010
2026-01-16 23:00:00,3.04,120.3,11.4,62.8,245.33,1174.97,-21,1,2.47,463.34,90.44,74.39,23,16,1,4,0,-0.2588190451025215,0.965925826289068,0.8633955506067718,-0.5045276238150191,1420.3,401.2146892655367,7.508800000000001,7.159199999999999,0.1727311131451102,528.14,93.83,584.8433333333332,695.33,False,False,False,False,False,False,False,False,False,True,569.75445,-106.41445000000004,65.2194,25.220600000000005,25.20415,49.18585,569.75445,0.0,Low,Zone_010
2026-01-17 01:00:00,10.38,86.0,10.9,38.6,315.63,455.35,28,0,1.26,557.6,36.74,39.91,1,17,1,5,1,0.2588190451025207,0.9659258262890684,0.9975640502598242,0.0697564737441252,770.98,70.86213235294117,13.0788,4.2074,0.4093880515707281,463.34,90.44,504.9266666666667,895.7266666666668,False,False,False,False,False,False,False,False,False,True,569.75445,-12.154449999999997,65.2194,-28.47939999999999,25.20415,14.705849999999998,569.75445,0.0,Moderate,Zone_010
2026-01-17 03:00:00,8.26,109.8,23.6,78.9,430.44,556.59,-14,1,0.69,564.28,97.31,-10.4,3,17,1,5,1,0.7071067811865475,0.7071067811865476,0.9408807689542256,-0.3387379202452913,987.03,112.67465753424658,5.6994,18.620400000000004,0.436096167289748,557.6,36.74,516.36,1006.27,False,False,False,False,False,False,False,False,False,True,569.75445,-5.474450000000047,65.2194,32.09060000000001,25.20415,-35.60415,569.75445,0.0,Moderate,Zone_010
2026-01-17 09:00:00,2.91,195.9,27.9,79.6,455.83,702.66,11,1,1.96,660.4,13.67,17.79,9,17,1,5,1,0.7071067811865476,-0.7071067811865475,-0.2739592186924324,-0.9617413095492112,1158.49,339.73313782991204,5.7036,22.2084,0.3934690847568818,564.28,97.31,528.4066666666666,1059.4366666666667,False,False,False,False,False,False,False,False,False,True,569.75445,90.64554999999996,65.2194,-51.54939999999999,25.20415,-7.414149999999999,569.75445,0.0,Severe,Zone_010
2026-01-17 10:00:00,11.73,198.6,32.9,77.0,107.32,126.36,-4,1,2.2,570.16,54.38,91.07,10,17,1,5,1,0.4999999999999999,-0.8660254037844387,-0.3189593092980696,-0.9477684100095858,233.68,19.10711365494685,25.806000000000004,25.333,0.4592605272167065,660.4,13.67,594.0933333333334,972.1666666666666,False,False,False,False,False,False,False,False,False,True,569.75445,0.40554999999994834,65.2194,-10.83939999999999,25.20415,65.86585,569.75445,0.0,High,Zone_010
2026-01-17 23:00:00,2.88,279.3,31.0,34.6,331.63,368.96,-22,0,1.62,623.84,44.1,17.98,23,17,1,5,1,-0.2588190451025215,0.965925826289068,-0.9868557164068072,0.1616038211033615,700.5899999999999,207.27514792899407,4.6656,10.726,0.4733581695428139,570.16,54.38,598.2799999999999,793.0666666666666,False,False,False,False,False,False,False,False,False,True,569.75445,54.08555000000001,65.2194,-21.11939999999999,25.20415,-7.224149999999998,569.75445,0.0,High,Zone_010
2026-01-18 08:00:00,2.78,126.9,26.7,67.5,137.17,547.55,-16,0,1.43,450.85,33.18,-43.78,8,18,1,6,1,0.8660254037844387,-0.4999999999999998,0.7996846584870904,-0.6004202253258842,684.7199999999999,208.7560975609756,3.9754,18.0225,0.2003300619231218,623.84,44.1,618.1333333333333,697.5866666666667,False,False,False,False,False,False,False,False,False,True,569.75445,-118.90445,65.2194,-32.03939999999999,25.20415,-68.98415,569.75445,0.0,Low,Zone_010
2026-01-18 09:00:00,9.51,260.2,14.4,81.5,143.77,388.17,0,0,1.74,664.86,94.94,-10.19,9,18,1,6,1,0.7071067811865476,-0.7071067811865475,-0.98540789848349,-0.1702094991660327,531.94,53.14085914085915,16.5474,11.736,0.2702748430274091,450.85,33.18,548.2833333333333,539.6633333333333,False,False,False,False,False,False,False,False,False,True,569.75445,95.10555,65.2194,29.720600000000005,25.20415,-35.394149999999996,569.75445,0.0,Severe,Zone_010
2026-01-18 16:00:00,11.5,70.6,18.4,44.5,386.74,569.21,27,0,2.96,413.53,105.89,9.77,16,18,1,6,1,-0.8660254037844384,-0.5000000000000004,0.943222657947601,0.3321611318837034,955.95,79.66250000000001,34.04,8.187999999999999,0.4045609079972802,664.86,94.94,579.85,639.0833333333334,False,False,False,False,False,False,False,False,False,True,569.75445,-156.22445000000005,65.2194,40.67060000000001,25.20415,-15.434149999999999,569.75445,0.0,Low,Zone_010
2026-01-18 17:00:00,4.83,339.8,15.3,76.6,440.94,304.55,13,0,2.43,573.34,66.5,-40.05,17,18,1,6,1,-0.9659258262890684,-0.2588190451025206,-0.3452981989985342,0.938493022759556,745.49,139.86679174484053,11.7369,11.7198,0.5914767468376504,413.53,105.89,509.7466666666666,724.2033333333334,False,False,False,False,False,False,False,False,False,True,569.75445,3.585550000000012,65.2194,1.2806000000000068,25.20415,-65.25415,569.75445,0.0,High,Zone_010
2026-01-18 23:00:00,4.14,252.9,21.2,60.9,280.08,184.28,7,0,1.91,476.98,100.35,65.37,23,18,1,6,1,-0.2588190451025215,0.965925826289068,-0.95579301479833,-0.2940403252323042,464.36,100.07758620689656,7.907399999999999,12.9108,0.6031527263330174,573.34,66.5,550.5766666666667,744.46,False,False,False,False,False,False,False,False,False,True,569.75445,-92.77445,65.2194,35.1306,25.20415,40.165850000000006,569.75445,0.0,Moderate,Zone_010
2026-01-19 00:00:00,9.8,237.2,18.0,69.2,468.08,620.34,13,1,0.69,608.28,83.9,22.88,0,19,1,0,0,0.0,1.0,-0.8405666034956842,-0.54170821028274,1088.42,105.67184466019415,6.762,12.456,0.430054574520865,476.98,100.35,487.95,721.9333333333334,False,False,False,False,False,False,False,False,False,True,569.75445,38.52554999999995,65.2194,18.680600000000013,25.20415,-2.3241499999999995,569.75445,0.0,High,Zone_010
2026-01-19 02:00:00,3.98,95.4,34.3,91.0,110.54,967.85,2,1,1.85,557.21,96.05,-18.34,2,19,1,0,0,0.4999999999999999,0.8660254037844387,0.99556196460308,-0.0941083133185143,1078.39,240.71205357142856,7.363,31.213,0.1025046597242185,608.28,83.9,552.8666666666667,766.09,False,False,False,False,False,False,False,False,False,True,569.75445,-12.544449999999983,65.2194,30.830600000000004,25.20415,-43.54415,569.75445,0.0,Moderate,Zone_010
2026-01-19 23:00:00,9.84,288.7,10.6,70.1,169.49,1037.46,22,0,2.07,705.04,91.7,-21.03,23,19,1,0,0,-0.2588190451025215,0.965925826289068,-0.9472102777460288,0.3206129905856762,1206.95,116.72630560928434,20.3688,7.430599999999999,0.1404283524586768,557.21,96.05,547.4899999999999,877.0566666666667,False,False,False,False,False,False,False,False,False,True,569.75445,135.28554999999994,65.2194,26.48060000000001,25.20415,-46.23415,569.75445,0.0,Severe,Zone_010
2026-01-20 06:00:00,8.29,184.4,22.9,53.1,451.15,131.09,-27,0,0.24,664.96,71.09,79.72,6,20,1,1,0,1.0,6.123233995736766e-17,-0.0767190281268186,-0.9970527522269202,582.24,66.23890784982936,1.9896,12.1599,0.7748522945864248,705.04,91.7,623.5099999999999,1124.5866666666668,False,False,False,False,False,False,False,False,False,True,569.75445,95.20555000000002,65.2194,5.87060000000001,25.20415,54.51585,569.75445,0.0,Severe,Zone_010
2026-01-20 08:00:00,10.54,225.0,18.0,56.6,496.67,242.34,-4,0,2.47,497.6,67.18,47.96,8,20,1,1,0,0.8660254037844387,-0.4999999999999998,-0.7071067811865475,-0.7071067811865477,739.01,66.9393115942029,26.0338,10.188,0.6720748027766877,664.96,71.09,642.4033333333333,955.86,False,False,False,False,False,False,False,False,False,True,569.75445,-72.15445,65.2194,1.9606000000000137,25.20415,22.755850000000002,569.75445,0.0,Moderate,Zone_010
2026-01-20 09:00:00,2.44,340.6,24.8,65.4,355.73,376.83,19,0,0.72,701.9,53.52,-0.02,9,20,1,1,0,0.7071067811865476,-0.7071067811865475,-0.3321611318837029,0.9432226579476012,732.56,249.17006802721087,1.7568,16.219200000000004,0.4855984492737797,497.6,67.18,622.5333333333333,842.7333333333332,False,False,False,False,False,False,False,False,False,True,569.75445,132.14554999999996,65.2194,-11.69939999999999,25.20415,-25.224149999999998,569.75445,0.0,Severe,Zone_010
2026-01-20 10:00:00,1.12,208.7,11.8,65.3,471.51,572.5,22,1,0.67,745.13,42.61,8.01,10,20,1,1,0,0.4999999999999999,-0.8660254037844387,-0.4802234974431887,-0.8771461637055888,1044.01,644.4506172839506,0.7504000000000001,7.7054,0.4516336050420973,701.9,53.52,621.4866666666667,684.6033333333334,False,False,False,False,False,False,False,False,False,True,569.75445,175.37554999999998,65.2194,-22.609399999999994,25.20415,-17.19415,569.75445,0.0,Severe,Zone_010
2026-01-20 16:00:00,10.12,267.6,27.9,90.6,244.45,115.03,-16,1,3.71,570.32,110.39,25.84,16,20,1,1,0,-0.8660254037844384,-0.5000000000000004,-0.9991228300988584,-0.0418756537291989,359.48,33.84934086629002,37.5452,25.2774,0.6800100144653387,745.13,42.61,648.21,838.5266666666666,False,False,False,False,False,False,False,False,False,True,569.75445,0.5655500000000302,65.2194,45.17060000000001,25.20415,0.6358500000000014,569.75445,0.0,High,Zone_010
2026-01-21 01:00:00,8.66,176.0,16.9,83.3,112.63,775.43,-23,0,4.61,546.77,27.64,66.12,1,21,1,2,0,0.2588190451025207,0.9659258262890684,0.0697564737441255,-0.9975640502598242,888.06,96.94978165938863,39.9226,14.077699999999998,0.1268270161925996,570.32,110.39,672.4499999999999,712.0166666666668,False,False,False,False,False,False,False,False,False,True,569.75445,-22.984450000000038,65.2194,-37.57939999999999,25.20415,40.915850000000006,569.75445,0.0,Moderate,Zone_010
2026-01-22 11:00:00,11.8,26.1,16.9,67.1,216.82,847.46,8,0,4.78,575.34,45.33,-32.46,11,22,1,3,0,0.258819045102521,-0.9659258262890682,0.4399391698559151,0.8980275757606156,1064.28,86.52682926829267,56.404,11.339899999999998,0.2037245837561544,546.77,27.64,620.7399999999999,763.85,False,False,False,False,False,False,False,False,False,True,569.75445,5.585550000000012,65.2194,-19.889399999999995,25.20415,-57.66415,569.75445,0.0,High,Zone_010
2026-01-23 00:00:00,3.45,144.3,15.9,34.2,473.08,1190.76,1,1,3.16,683.21,105.17,-30.31,0,23,1,4,0,0.0,1.0,0.5835412113561175,-0.8120835268918063,1663.84,421.22531645569615,10.902,5.437800000000001,0.2843302240600058,575.34,45.33,564.1433333333333,770.6066666666666,False,False,False,False,False,False,False,False,False,True,569.75445,113.45555000000002,65.2194,39.95060000000001,25.20415,-55.51415,569.75445,0.0,Severe,Zone_010
2026-01-23 01:00:00,9.15,126.3,21.2,56.2,392.93,1181.54,9,1,2.84,605.45,98.31,49.3,1,23,1,4,0,0.2588190451025207,0.9659258262890684,0.8059282822485158,-0.5920131787992196,1574.47,163.15751295336787,25.986,11.9144,0.2495633451256613,683.21,105.17,601.7733333333332,1205.3933333333332,False,False,False,False,False,False,False,False,False,True,569.75445,35.695550000000026,65.2194,33.09060000000001,25.20415,24.09585,569.75445,0.0,High,Zone_010
2026-01-23 03:00:00,4.19,289.1,33.9,51.4,66.9,587.16,2,1,3.76,581.74,103.21,85.0,3,23,1,4,0,0.7071067811865475,0.7071067811865476,-0.9449489121575309,0.3272178989791043,654.06,139.45842217484005,15.7544,17.424599999999998,0.102284194110632,605.45,98.31,621.3333333333334,1434.1966666666667,False,False,False,False,False,False,False,False,False,True,569.75445,11.98554999999999,65.2194,37.9906,25.20415,59.79585,569.75445,0.0,High,Zone_010
2026-01-23 09:00:00,1.13,254.6,33.3,68.3,153.99,180.7,4,1,1.07,607.86,27.25,-37.97,9,23,1,4,0,0.7071067811865476,-0.7071067811865475,-0.96409540423411,-0.2655561174868091,334.69,205.3312883435583,1.2091,22.7439,0.4600974035674804,581.74,103.21,623.4666666666667,1297.4566666666667,False,False,False,False,False,False,False,False,False,True,569.75445,38.105549999999994,65.2194,-37.96939999999999,25.20415,-63.17415,569.75445,0.0,High,Zone_010
2026-01-23 10:00:00,2.85,68.5,10.1,64.6,279.05,315.42,16,1,0.97,603.76,105.1,7.93,10,23,1,4,0,0.4999999999999999,-0.8660254037844387,0.9304175679820246,0.3665012267242973,594.47,177.45373134328358,2.7645,6.5246,0.4694097263108315,607.86,27.25,598.35,854.4066666666666,False,False,False,False,False,False,False,False,False,True,569.75445,34.00554999999997,65.2194,39.8806,25.20415,-17.27415,569.75445,0.0,High,Zone_010
2026-01-23 15:00:00,10.2,354.9,20.6,87.9,255.08,190.59,-14,1,3.04,715.8,29.2,28.19,15,23,1,4,0,-0.7071067811865471,-0.7071067811865479,-0.0888942968664424,0.9960410654107696,445.67,41.65140186915888,31.008,18.1074,0.5723517400767384,603.76,105.1,597.7866666666666,527.74,False,False,False,False,False,False,False,False,False,True,569.75445,146.04554999999993,65.2194,-36.01939999999999,25.20415,2.985850000000003,569.75445,0.0,Severe,Zone_010
2026-01-23 18:00:00,1.88,208.3,23.2,60.9,213.87,776.43,-19,0,2.29,497.76,40.93,81.08,18,23,1,4,0,-1.0,-1.8369701987210294e-16,-0.4740882090471164,-0.8804773535091619,990.3,416.0924369747899,4.3052,14.128799999999998,0.2159648591335959,715.8,29.2,642.4733333333332,458.2766666666667,False,False,False,False,False,False,False,False,False,True,569.75445,-71.99445000000003,65.2194,-24.289399999999993,25.20415,55.87585,569.75445,0.0,Moderate,Zone_010
2026-01-24 13:00:00,9.73,31.0,26.6,50.0,56.91,1167.08,-3,1,2.14,621.87,92.44,56.49,13,24,1,5,1,-0.2588190451025208,-0.9659258262890684,0.5150380749100542,0.8571673007021123,1223.99,119.64711632453567,20.8222,13.3,0.0464954779042312,497.76,40.93,605.7733333333333,676.8133333333334,False,False,False,False,False,False,False,False,False,True,569.75445,52.115549999999985,65.2194,27.220600000000005,25.20415,31.285850000000003,569.75445,0.0,High,Zone_010
2026-01-24 14:00:00,4.42,167.0,14.0,32.8,241.9,834.65,5,1,4.36,625.15,81.07,-23.21,14,24,1,5,1,-0.4999999999999997,-0.8660254037844388,0.2249510543438652,-0.9743700647852352,1076.55,218.8109756097561,19.2712,4.592,0.2246992708188193,621.87,92.44,611.81,886.6533333333333,False,False,False,False,False,False,False,False,False,True,569.75445,55.39554999999996,65.2194,15.8506,25.20415,-48.41415,569.75445,0.0,High,Zone_010
2026-01-24 19:00:00,10.46,198.0,28.7,51.3,340.94,755.39,15,0,1.55,503.36,34.69,56.13,19,24,1,5,1,-0.9659258262890684,0.2588190451025203,-0.3090169943749473,-0.9510565162951536,1096.33,100.03010948905109,16.213,14.7231,0.3109830069413407,625.15,81.07,581.5933333333332,1096.9466666666667,False,False,False,False,False,False,False,False,False,True,569.75445,-66.39445,65.2194,-30.529399999999995,25.20415,30.925850000000004,569.75445,0.0,Moderate,Zone_010
2026-01-25 10:00:00,0.58,126.0,22.6,50.1,262.61,1116.44,23,1,0.26,557.74,117.87,-12.82,10,25,1,6,1,0.4999999999999999,-0.8660254037844387,0.8090169943749475,-0.587785252292473,1379.0500000000002,1276.8981481481485,0.1508,11.3226,0.1904281933214894,503.36,34.69,583.46,1132.29,False,False,False,False,False,False,False,False,False,True,569.75445,-12.01445000000001,65.2194,52.65060000000001,25.20415,-38.02415,569.75445,0.0,Moderate,Zone_010
2026-01-26 06:00:00,1.73,51.4,23.7,63.3,403.99,570.2,-28,0,4.41,443.64,110.02,28.11,6,26,1,0,0,1.0,6.123233995736766e-17,0.7815204724188187,0.6238795967093862,974.19,436.8565022421525,7.6293,15.0021,0.4146932323263429,557.74,117.87,562.0833333333334,1183.9766666666667,False,False,False,False,False,False,False,False,False,True,569.75445,-126.11445000000003,65.2194,44.8006,25.20415,2.905850000000001,569.75445,0.0,Low,Zone_010
2026-01-26 12:00:00,2.39,126.1,33.4,86.9,233.82,640.17,28,0,1.81,599.35,82.07,96.98,12,26,1,0,0,1.2246467991473532e-16,-1.0,0.8079898838980306,-0.5891963573533419,873.99,302.4186851211073,4.325900000000001,29.0246,0.2675316651220265,443.64,110.02,501.5799999999999,1149.8566666666666,False,False,False,False,False,False,False,False,False,True,569.75445,29.595550000000003,65.2194,16.8506,25.20415,71.77585,569.75445,0.0,High,Zone_010
2026-01-26 14:00:00,1.91,260.8,15.8,91.3,393.64,205.24,1,0,0.72,695.12,119.03,53.56,14,26,1,0,0,-0.4999999999999997,-0.8660254037844388,-0.987136265072988,-0.1598811876918348,598.88,248.4979253112033,1.3752,14.4254,0.6572936147475287,599.35,82.07,533.5766666666667,1075.743333333333,False,False,False,False,False,False,False,False,False,True,569.75445,125.36554999999998,65.2194,53.81060000000001,25.20415,28.355850000000004,569.75445,0.0,Severe,Zone_010
2026-01-26 16:00:00,1.92,281.9,10.9,47.2,208.05,1138.65,15,1,4.94,656.48,53.43,26.76,16,26,1,0,0,-0.8660254037844384,-0.5000000000000004,-0.9785089851017784,0.2062041853966289,1346.7,556.4876033057851,9.4848,5.1448,0.1544887502784584,695.12,119.03,579.37,815.6866666666666,False,False,False,False,False,False,False,False,False,True,569.75445,86.72555,65.2194,-11.789399999999993,25.20415,1.555850000000003,569.75445,0.0,Severe,Zone_010
2026-01-27 10:00:00,10.71,233.2,32.6,72.2,140.76,109.14,-1,1,0.58,647.06,57.56,44.72,10,27,1,1,0,0.4999999999999999,-0.8660254037844387,-0.8007313709487334,-0.599023598515586,249.9,22.29259589652096,6.2118,23.5372,0.563265306122449,656.48,53.43,650.3166666666666,939.8566666666668,False,False,False,False,False,False,False,False,False,True,569.75445,77.30554999999993,65.2194,-7.659399999999991,25.20415,19.51585,569.75445,0.0,High,Zone_010
2026-01-27 22:00:00,9.66,13.5,15.0,75.2,153.02,774.28,-15,0,2.33,406.32,70.15,86.32,22,27,1,1,0,-0.5000000000000004,0.8660254037844384,0.2334453638559054,0.9723699203976766,927.3,91.26968503937007,22.5078,11.28,0.1650167151946511,647.06,57.56,666.2199999999999,731.8266666666667,False,False,False,False,False,False,False,False,False,True,569.75445,-163.43445000000003,65.2194,4.9306000000000125,25.20415,61.115849999999995,569.75445,0.0,Low,Zone_010
2026-01-28 20:00:00,9.42,13.5,29.8,87.0,331.64,377.95,11,0,3.43,558.27,67.48,-10.37,20,28,1,2,0,-0.8660254037844386,0.5000000000000001,0.2334453638559054,0.9723699203976766,709.5899999999999,71.53124999999999,32.3106,25.926,0.4673684803900844,406.32,70.15,569.9533333333333,841.3000000000001,False,False,False,False,False,False,False,False,False,True,569.75445,-11.484450000000038,65.2194,2.260600000000011,25.20415,-35.574149999999996,569.75445,0.0,Moderate,Zone_010
2026-01-28 21:00:00,4.44,204.9,17.4,43.1,407.12,459.91,22,1,1.53,431.77,76.02,-4.55,21,28,1,2,0,-0.7071067811865477,0.7071067811865474,-0.4210358133674909,-0.907044014291465,867.03,175.51214574898785,6.793200000000001,7.4994,0.4695569934142994,558.27,67.48,537.2166666666666,628.93,False,False,False,False,False,False,False,False,False,True,569.75445,-137.98445000000004,65.2194,10.800600000000003,25.20415,-29.75415,569.75445,0.0,Low,Zone_010
2026-01-29 11:00:00,2.21,59.1,18.6,82.4,389.08,490.99,-25,1,0.78,498.7,45.31,12.55,11,29,1,3,0,0.258819045102521,-0.9659258262890682,0.8580649057236446,0.5135412520581701,880.0699999999999,324.7490774907749,1.7238,15.326400000000003,0.4421011964957333,431.77,76.02,465.4533333333332,834.64,False,False,False,False,False,False,False,False,False,True,569.75445,-71.05445000000003,65.2194,-19.90939999999999,25.20415,-12.654149999999998,569.75445,0.0,Moderate,Zone_010
2026-01-29 12:00:00,7.36,181.3,18.9,81.4,286.3,409.71,19,0,0.93,652.99,86.89,71.96,12,29,1,3,0,1.2246467991473532e-16,-1.0,-0.0226873335727816,-0.9997426093226984,696.01,88.55089058524173,6.8448,15.3846,0.4113446645881525,498.7,45.31,496.2466666666666,818.8966666666666,False,False,False,False,False,False,False,False,False,True,569.75445,83.23554999999999,65.2194,21.670600000000007,25.20415,46.755849999999995,569.75445,0.0,High,Zone_010
2026-01-30 19:00:00,10.97,308.5,32.1,31.5,190.58,353.46,29,0,3.96,522.88,54.41,50.09,19,30,1,4,0,-0.9659258262890684,0.2588190451025203,-0.782608156852414,0.6225146366376193,544.04,47.43156059285091,43.4412,10.1115,0.3503051246231895,652.99,86.89,527.8199999999999,814.37,False,False,False,False,False,False,False,False,False,True,569.75445,-46.874450000000024,65.2194,-10.809399999999997,25.20415,24.885850000000005,569.75445,0.0,Moderate,Zone_010
2026-01-31 00:00:00,11.15,21.5,11.1,40.9,323.94,1198.57,25,1,1.91,578.36,85.62,44.81,0,31,1,5,1,0.0,1.0,0.3665012267242973,0.9304175679820246,1522.51,130.68755364806867,21.2965,4.539899999999999,0.2127670754215079,522.88,54.41,558.1899999999999,706.7066666666668,False,False,False,False,False,False,False,False,False,True,569.75445,8.605549999999994,65.2194,20.40060000000001,25.20415,19.605850000000004,569.75445,0.0,High,Zone_010
2026-01-31 03:00:00,2.87,113.3,29.9,64.8,236.53,338.98,-6,0,0.17,420.92,71.78,60.0,3,31,1,5,1,0.7071067811865475,0.7071067811865476,0.9184463813430872,-0.3955455025629649,575.51,170.77448071216617,0.4879,19.3752,0.4109919897134715,578.36,85.62,584.7433333333332,920.8533333333334,False,False,False,False,False,False,False,False,False,True,569.75445,-148.83445,65.2194,6.560600000000008,25.20415,34.79585,569.75445,0.0,Low,Zone_010
2026-02-01 02:00:00,5.37,259.7,30.5,83.5,438.63,1184.57,20,1,0.55,564.61,99.27,93.01,2,1,2,6,1,0.4999999999999999,0.8660254037844387,-0.9838850379335417,-0.1788022151163501,1623.1999999999998,276.5247018739352,2.9535000000000005,25.4675,0.2702254805322819,420.92,71.78,507.3866666666666,880.6866666666668,False,False,False,False,False,False,False,False,False,True,569.75445,-5.144450000000006,65.2194,34.0506,25.20415,67.80585,569.75445,0.0,Moderate,Zone_010
2026-02-01 08:00:00,10.96,199.0,22.7,77.2,456.99,631.69,-19,0,3.49,433.28,54.63,42.38,8,1,2,6,1,0.8660254037844387,-0.4999999999999998,-0.3255681544571567,-0.9455185755993168,1088.68,94.99825479930192,38.250400000000006,17.5244,0.419765220266745,564.61,99.27,521.2966666666666,1240.4066666666668,False,False,False,False,False,False,False,False,False,True,569.75445,-136.47445000000005,65.2194,-10.58939999999999,25.20415,17.175850000000004,569.75445,0.0,Low,Zone_010
2026-02-01 15:00:00,4.68,11.7,14.1,54.7,194.0,355.17,17,0,1.21,698.22,31.62,29.54,15,1,2,6,1,-0.7071067811865471,-0.7071067811865479,0.2027872953565124,0.9792228106217656,549.1700000000001,106.01737451737452,5.6628,7.7127,0.3532603747473459,433.28,54.63,472.93666666666655,1095.7966666666666,False,False,False,False,False,False,False,False,False,True,569.75445,128.46555,65.2194,-33.59939999999999,25.20415,4.335850000000001,569.75445,0.0,Severe,Zone_010
2026-02-01 18:00:00,7.67,348.8,25.6,93.1,76.16,658.65,-2,0,3.95,455.55,92.98,65.5,18,1,2,6,1,-1.0,-1.8369701987210294e-16,-0.1942343512199716,0.9809551553491916,734.81,89.94002447980415,30.2965,23.8336,0.1036458404213334,698.22,31.62,565.3699999999999,1087.0166666666669,False,False,False,False,False,False,False,False,False,True,569.75445,-114.20445000000001,65.2194,27.76060000000001,25.20415,40.29585,569.75445,0.0,Low,Zone_010
2026-02-01 20:00:00,9.76,22.9,33.3,51.0,150.13,864.46,15,1,3.04,426.32,106.11,-9.47,20,1,2,6,1,-0.8660254037844386,0.5000000000000001,0.3891239501402062,0.9211854055657211,1014.59,98.8879142300195,29.6704,16.983,0.1479711016272583,455.55,92.98,529.0166666666665,790.8866666666667,False,False,False,False,False,False,False,False,False,True,569.75445,-143.43445000000003,65.2194,40.890600000000006,25.20415,-34.67415,569.75445,0.0,Low,Zone_010
2026-02-02 02:00:00,5.68,326.4,32.3,85.9,443.72,430.58,-29,0,3.19,599.27,102.08,-6.27,2,2,2,0,0,0.4999999999999999,0.8660254037844387,-0.5533915492433442,0.8329212407100994,874.3,141.4724919093851,18.1192,27.745700000000003,0.5075145830950475,426.32,106.11,526.6966666666666,766.19,False,False,False,False,False,False,False,False,False,True,569.75445,29.515549999999962,65.2194,36.860600000000005,25.20415,-31.474149999999998,569.75445,0.0,High,Zone_010
2026-02-02 11:00:00,9.11,96.5,21.7,61.7,209.26,955.57,-8,1,0.85,654.43,66.39,52.72,11,2,2,0,0,0.258819045102521,-0.9659258262890682,0.9935718556765876,-0.1132032137679067,1164.83,121.210197710718,7.743499999999999,13.3889,0.1796485324038701,599.27,102.08,493.7133333333333,874.5666666666666,False,False,False,False,False,False,False,False,False,True,569.75445,84.67554999999993,65.2194,1.1706000000000074,25.20415,27.51585,569.75445,0.0,High,Zone_010
2026-02-02 15:00:00,8.72,25.4,10.8,89.1,309.61,250.36,-19,0,1.95,747.28,89.09,-46.96,15,2,2,0,0,-0.7071067811865471,-0.7071067811865479,0.4289351334031458,0.9033352928633008,559.97,60.73427331887201,17.004,9.6228,0.5529046198903512,654.43,66.39,560.0066666666665,1017.9066666666666,False,False,False,False,False,False,False,False,False,True,569.75445,177.52554999999995,65.2194,23.87060000000001,25.20415,-72.16415,569.75445,0.0,Severe,Zone_010
2026-02-02 22:00:00,3.4,257.0,22.9,89.7,383.07,849.67,23,1,1.6,619.44,14.67,-43.72,22,2,2,0,0,-0.5000000000000004,0.8660254037844384,-0.9743700647852352,-0.2249510543438652,1232.74,316.08717948717947,5.44,20.5413,0.3107467916997907,747.28,89.09,666.9933333333332,866.3666666666664,False,False,False,False,False,False,False,False,False,True,569.75445,49.685550000000035,65.2194,-50.54939999999999,25.20415,-68.92415,569.75445,0.0,High,Zone_010
2026-02-03 05:00:00,3.29,173.7,15.3,48.9,316.49,1038.42,-21,1,2.07,673.03,14.83,-31.9,5,3,2,1,0,0.9659258262890684,0.2588190451025207,0.1097343110910456,-0.9939609554551796,1354.91,357.49604221635883,6.8103,7.4817,0.233587470754515,619.44,14.67,673.7166666666666,985.8466666666668,False,False,False,False,False,False,False,False,False,True,569.75445,103.27554999999995,65.2194,-50.389399999999995,25.20415,-57.10415,569.75445,0.0,Severe,Zone_010
2026-02-03 11:00:00,7.4,138.1,21.3,42.1,69.36,170.55,-23,0,1.73,435.95,117.04,-1.04,11,3,2,1,0,0.258819045102521,-0.9659258262890682,0.6678325554710469,-0.7443115462311538,239.91000000000005,30.36835443037975,12.802,8.9673,0.2891084156558709,673.03,14.83,679.9166666666666,1049.2066666666667,False,False,False,False,False,False,False,False,False,True,569.75445,-133.80445000000003,65.2194,51.82060000000001,25.20415,-26.244149999999998,569.75445,0.0,Low,Zone_010
2026-02-03 17:00:00,7.96,78.4,17.9,41.6,266.12,247.66,-16,1,2.62,489.98,58.79,-48.72,17,3,2,1,0,-0.9659258262890684,-0.2588190451025206,0.979575249599344,0.2010779211459645,513.78,60.7304964539007,20.8552,7.4464,0.5179648876951225,435.95,117.04,576.14,942.52,False,False,False,False,False,False,False,False,False,True,569.75445,-79.77445,65.2194,-6.429399999999994,25.20415,-73.92415,569.75445,0.0,Moderate,Zone_010
2026-02-04 04:00:00,10.5,30.5,24.2,54.6,73.56,513.34,14,0,3.98,460.83,109.4,66.01,4,4,2,2,0,0.8660254037844386,0.5000000000000001,0.5075383629607041,0.8616291604415258,586.9000000000001,53.354545454545466,41.79,13.2132,0.1253365138865224,489.98,58.79,532.9866666666666,702.8666666666668,False,False,False,False,False,False,False,False,False,True,569.75445,-108.92445000000004,65.2194,44.18060000000001,25.20415,40.80585000000001,569.75445,0.0,Low,Zone_010
2026-02-04 09:00:00,5.45,245.9,11.0,40.4,210.64,1050.35,-19,0,3.85,739.87,28.6,38.39,9,4,2,2,0,0.7071067811865476,-0.7071067811865475,-0.9128341772330428,-0.4083304603813847,1260.9899999999998,211.93109243697475,20.9825,4.444,0.167043354824384,460.83,109.4,462.2533333333333,446.8633333333334,False,False,False,False,False,False,False,False,False,True,569.75445,170.11554999999998,65.2194,-36.61939999999999,25.20415,13.185850000000002,569.75445,0.0,Severe,Zone_010
2026-02-05 22:00:00,6.13,201.3,27.7,39.5,68.13,766.13,17,1,0.11,531.66,16.99,-32.49,22,5,2,3,0,-0.5000000000000004,0.8660254037844384,-0.3632512304729786,-0.9316912275855488,834.26,125.83107088989442,0.6743,10.941499999999998,0.0816651883105986,739.87,28.6,563.56,787.2233333333334,False,False,False,False,False,False,False,False,False,True,569.75445,-38.09445000000005,65.2194,-48.2294,25.20415,-57.69415,569.75445,0.0,Moderate,Zone_010
2026-02-06 02:00:00,2.77,120.3,13.2,37.5,60.39,635.07,-11,0,0.51,721.96,36.71,-0.59,2,6,2,4,0,0.4999999999999999,0.8660254037844387,0.8633955506067718,-0.5045276238150191,695.46,212.6788990825688,1.4127,4.95,0.0868346130618583,531.66,16.99,577.4533333333333,894.0499999999998,False,False,False,False,False,False,False,False,False,True,569.75445,152.20555000000002,65.2194,-28.509399999999992,25.20415,-25.79415,569.75445,0.0,Severe,Zone_010
2026-02-06 11:00:00,4.49,343.9,23.8,68.1,372.94,744.62,-2,0,2.03,748.89,76.82,48.16,11,6,2,4,0,0.258819045102521,-0.9659258262890682,-0.2773146533023783,0.960779154157594,1117.56,223.95991983967932,9.1147,16.2078,0.33370915208132,721.96,36.71,664.4966666666666,930.2366666666668,False,False,False,False,False,False,False,False,False,True,569.75445,179.13554999999997,65.2194,11.6006,25.20415,22.955849999999998,569.75445,0.0,Severe,Zone_010
2026-02-06 20:00:00,11.09,139.1,21.2,62.3,279.18,739.66,29,1,2.53,563.98,101.87,11.7,20,6,2,4,0,-0.8660254037844386,0.5000000000000001,0.6547408137173398,-0.7558534691676395,1018.84,87.90681622088006,28.0577,13.2076,0.2740175101095363,748.89,76.82,667.5033333333332,882.4266666666666,False,False,False,False,False,False,False,False,False,True,569.75445,-5.774450000000002,65.2194,36.65060000000001,25.20415,-13.50415,569.75445,0.0,Moderate,Zone_010
2026-02-06 23:00:00,9.02,2.1,20.4,36.7,460.22,992.55,13,0,1.56,482.92,35.29,99.69,23,6,2,4,0,-0.2588190451025215,0.965925826289068,0.0366437087065562,0.9993283937786562,1452.77,152.60189075630254,14.0712,7.4868,0.3167879292661605,563.98,101.87,678.2766666666666,943.9533333333331,False,False,False,False,False,False,False,False,False,True,569.75445,-86.83445,65.2194,-29.929399999999994,25.20415,74.48585,569.75445,0.0,Moderate,Zone_010
2026-02-08 09:00:00,1.73,42.0,25.1,80.3,96.83,596.28,11,0,3.19,513.44,45.18,6.23,9,8,2,6,1,0.7071067811865476,-0.7071067811865475,0.6691306063588582,0.7431448254773942,693.11,310.8116591928251,5.5187,20.1553,0.139703654542569,482.92,35.29,598.5966666666666,1196.39,False,False,False,False,False,False,False,False,False,True,569.75445,-56.314449999999965,65.2194,-20.039399999999993,25.20415,-18.974149999999998,569.75445,0.0,Moderate,Zone_010
2026-02-08 12:00:00,9.32,337.2,28.6,43.3,181.53,1052.86,28,0,4.22,489.89,108.07,-39.42,12,8,2,6,1,1.2246467991473532e-16,-1.0,-0.3875155864521032,0.9218631515885004,1234.39,125.70162932790222,39.3304,12.3838,0.1470604914168131,513.44,45.18,520.1133333333332,1054.9066666666663,False,False,False,False,False,False,False,False,False,True,569.75445,-79.86445000000003,65.2194,42.8506,25.20415,-64.62415,569.75445,0.0,Moderate,Zone_010
2026-02-09 17:00:00,1.42,211.5,34.1,31.2,454.99,991.73,-29,0,4.75,424.93,68.3,-34.48,17,9,2,0,0,-0.9659258262890684,-0.2588190451025206,-0.5224985647159487,-0.8526401643540923,1446.72,753.5,6.744999999999999,10.6392,0.3144976222074762,489.89,108.07,495.4166666666666,1126.756666666667,False,False,False,False,False,False,False,False,False,True,569.75445,-144.82445,65.2194,3.080600000000004,25.20415,-59.684149999999995,569.75445,0.0,Low,Zone_010
2026-02-10 08:00:00,10.95,115.4,12.6,46.2,215.52,413.61,17,1,4.7,636.27,50.01,74.44,8,10,2,1,0,0.8660254037844387,-0.4999999999999998,0.9033352928633008,-0.4289351334031457,629.13,54.94585152838428,51.465,5.8212,0.3425683086166611,424.93,68.3,476.0866666666666,1124.74,False,False,False,False,False,False,False,False,False,True,569.75445,66.51554999999996,65.2194,-15.209399999999995,25.20415,49.23585,569.75445,0.0,High,Zone_010
2026-02-10 10:00:00,8.28,86.2,29.9,63.8,424.42,419.72,-23,1,4.63,648.51,28.77,-46.19,10,10,2,1,0,0.4999999999999999,-0.8660254037844387,0.99780146829205,0.0662739004,844.1400000000001,96.14350797266516,38.3364,19.0762,0.5027838984054778,636.27,50.01,517.0299999999999,1103.4133333333332,False,False,False,False,False,False,False,False,False,True,569.75445,78.75554999999997,65.2194,-36.4494,25.20415,-71.39415,569.75445,0.0,High,Zone_010
2026-02-11 02:00:00,5.39,124.4,30.4,59.6,429.5,178.99,-26,0,3.59,599.51,48.58,48.97,2,11,2,2,0,0.4999999999999999,0.8660254037844387,0.8251134982782952,-0.5649670034249379,608.49,103.30899830220714,19.3501,18.1184,0.7058456178408848,648.51,28.77,569.9033333333333,973.33,False,False,False,False,False,False,False,False,False,True,569.75445,29.75554999999997,65.2194,-16.639399999999995,25.20415,23.76585,569.75445,0.0,High,Zone_010
2026-02-11 05:00:00,0.9,22.8,17.5,40.4,362.06,156.83,-16,0,3.22,723.5,117.59,-28.31,5,11,2,2,0,0.9659258262890684,0.2588190451025207,0.387515586452103,0.9218631515885004,518.89,370.6357142857143,2.898,7.07,0.6977586771762802,599.51,48.58,628.0966666666666,693.92,False,False,False,False,False,False,False,False,False,True,569.75445,153.74554999999998,65.2194,52.37060000000001,25.20415,-53.51415,569.75445,0.0,Severe,Zone_010
2026-02-11 11:00:00,11.0,189.9,12.4,51.4,63.85,370.41,2,1,1.9,417.37,77.89,9.26,11,11,2,2,0,0.258819045102521,-0.9659258262890682,-0.1719291002794097,-0.985109326154774,434.2600000000001,37.76173913043478,20.9,6.3736,0.1470317321420347,723.5,117.59,657.1733333333333,657.1733333333333,False,False,False,False,False,False,False,False,False,True,569.75445,-152.38445000000002,65.2194,12.670600000000007,25.20415,-15.944149999999999,569.75445,0.0,Low,Zone_010
2026-02-11 12:00:00,4.96,236.0,10.2,63.0,375.71,901.7,-20,1,1.66,572.12,65.34,85.18,12,11,2,2,0,1.2246467991473532e-16,-1.0,-0.8290375725550418,-0.5591929034707466,1277.41,233.95787545787547,8.2336,6.425999999999999,0.2941185680400184,417.37,77.89,580.1266666666666,520.5466666666665,False,False,False,False,False,False,False,False,False,True,569.75445,2.3655499999999847,65.2194,0.12060000000001025,25.20415,59.97585000000001,569.75445,0.0,High,Zone_010
2026-02-12 00:00:00,9.3,243.7,18.4,55.6,143.04,666.44,-1,1,4.22,454.94,98.11,-28.79,0,12,2,3,0,0.0,1.0,-0.8964864303834406,-0.4430711908241797,809.48,82.6,39.246,10.2304,0.1767060335029895,572.12,65.34,570.9966666666666,743.52,False,False,False,False,False,False,False,False,False,True,569.75445,-114.81445000000002,65.2194,32.890600000000006,25.20415,-53.99415,569.75445,0.0,Low,Zone_010
2026-02-12 02:00:00,2.86,202.3,19.4,57.7,107.7,894.37,28,0,4.46,663.03,116.11,34.47,2,12,2,3,0,0.4999999999999999,0.8660254037844387,-0.3794561595290052,-0.925209718385782,1002.07,298.2351190476191,12.7556,11.1938,0.107477521530432,454.94,98.11,481.4766666666666,840.3833333333332,False,False,False,False,False,False,False,False,False,True,569.75445,93.27554999999995,65.2194,50.890600000000006,25.20415,9.26585,569.75445,0.0,Severe,Zone_010
2026-02-12 13:00:00,4.84,294.5,16.4,41.2,461.96,1064.73,28,0,1.06,431.43,82.16,-14.15,13,12,2,3,0,-0.2588190451025208,-0.9659258262890684,-0.9099612708765432,0.4146932426562389,1526.69,285.8970037453184,5.1304,6.756799999999999,0.3025892617361743,663.03,116.11,563.3633333333333,1029.6533333333332,False,False,False,False,False,False,False,False,False,True,569.75445,-138.32445,65.2194,16.940600000000003,25.20415,-39.35415,569.75445,0.0,Low,Zone_010
2026-02-13 03:00:00,1.17,104.8,28.3,76.7,248.58,164.27,5,1,2.3,594.33,46.49,-18.24,3,13,2,4,0,0.7071067811865475,0.7071067811865476,0.9668233886044594,-0.2554457579357904,412.85,247.21556886227543,2.691,21.706100000000003,0.6021073028945138,431.43,82.16,516.4666666666666,1112.746666666667,False,False,False,False,False,False,False,False,False,True,569.75445,24.57555000000002,65.2194,-18.72939999999999,25.20415,-43.44414999999999,569.75445,0.0,High,Zone_010
2026-02-13 07:00:00,4.58,154.0,32.4,77.8,461.83,1097.83,1,0,4.62,524.86,48.88,-25.46,7,13,2,4,0,0.9659258262890684,-0.2588190451025206,0.4383711467890773,-0.898794046299167,1559.66,307.01968503937,21.1596,25.2072,0.2961094084608184,594.33,46.49,562.93,980.5366666666664,False,False,False,False,False,False,False,False,False,True,569.75445,-44.894450000000006,65.2194,-16.33939999999999,25.20415,-50.66415,569.75445,0.0,Moderate,Zone_010
2026-02-13 12:00:00,2.25,346.2,24.7,42.1,170.18,726.68,15,1,1.07,576.71,57.77,64.54,12,13,2,4,0,1.2246467991473532e-16,-1.0,-0.2385334575785812,0.971134279909636,896.8599999999999,326.13090909090903,2.4075,10.398700000000002,0.1897509087259996,524.86,48.88,516.8733333333333,1166.4,False,False,False,False,False,False,False,False,False,True,569.75445,6.9555500000000166,65.2194,-7.44939999999999,25.20415,39.33585000000001,569.75445,0.0,High,Zone_010
2026-02-14 07:00:00,10.44,26.7,24.8,49.9,208.01,925.02,-7,0,0.49,633.19,16.27,52.15,7,14,2,5,1,0.9659258262890684,-0.2588190451025206,0.4493189986158966,0.8933713883278376,1133.03,103.56764168190128,5.1156,12.3752,0.1835873719142476,576.71,57.77,565.2999999999998,956.4566666666664,False,False,False,False,False,False,False,False,False,True,569.75445,63.435550000000035,65.2194,-48.9494,25.20415,26.94585,569.75445,0.0,High,Zone_010
2026-02-15 22:00:00,11.81,337.9,21.0,35.8,476.28,139.88,8,0,4.98,742.44,104.8,44.12,22,15,2,6,1,-0.5000000000000004,0.8660254037844384,-0.3762242631393658,0.9265286308718372,616.16,50.0536149471974,58.81380000000001,7.518,0.7729810438847052,633.19,16.27,578.2533333333332,1196.5166666666664,False,False,False,False,False,False,False,False,False,True,569.75445,172.68555000000003,65.2194,39.580600000000004,25.20415,18.91585,569.75445,0.0,Severe,Zone_010
2026-02-15 23:00:00,1.08,289.8,10.4,43.7,204.04,1182.42,-16,0,3.66,644.44,32.47,-48.19,23,15,2,6,1,-0.2588190451025215,0.965925826289068,-0.9408807689542252,0.3387379202452918,1386.46,877.506329113924,3.9528,4.5448,0.1471661641879318,742.44,104.8,650.7799999999999,882.0166666666664,False,False,False,False,False,False,False,False,False,True,569.75445,74.68555000000003,65.2194,-32.749399999999994,25.20415,-73.39415,569.75445,0.0,High,Zone_010
2026-02-17 10:00:00,5.16,351.1,15.2,74.1,154.36,259.12,1,0,3.15,512.86,84.02,17.71,10,17,2,1,0,0.4999999999999999,-0.8660254037844387,-0.1547103862994675,0.9879598657693892,413.48,73.05300353356891,16.254,11.2632,0.3733191448195802,644.44,32.47,673.3566666666666,1045.2166666666665,False,False,False,False,False,False,False,False,False,True,569.75445,-56.894450000000006,65.2194,18.800600000000003,25.20415,-7.494149999999998,569.75445,0.0,Moderate,Zone_010
2026-02-17 23:00:00,11.36,56.4,21.6,31.0,304.62,822.28,15,0,3.37,688.64,34.56,-29.36,23,17,2,1,0,-0.2588190451025215,0.965925826289068,0.8329212407100994,0.5533915492433441,1126.9,95.0168634064081,38.2832,6.696000000000001,0.2703167982962108,512.86,84.02,633.2466666666666,805.3666666666664,False,False,False,False,False,False,False,False,False,True,569.75445,118.88554999999997,65.2194,-30.65939999999999,25.20415,-54.56415,569.75445,0.0,Severe,Zone_010
2026-02-18 13:00:00,8.47,25.8,26.2,62.7,438.2,668.32,0,1,0.11,483.18,60.19,0.39,13,18,2,2,0,-0.2588190451025208,-0.9659258262890684,0.4352310993723275,0.9003187714021935,1106.52,123.35785953177256,0.9317,16.4274,0.3960163395148754,688.64,34.56,615.3133333333332,975.6133333333332,False,False,False,False,False,False,False,False,False,True,569.75445,-86.57445000000001,65.2194,-5.029399999999995,25.20415,-24.814149999999998,569.75445,0.0,Moderate,Zone_010
2026-02-18 17:00:00,6.69,281.3,23.7,67.3,318.93,680.27,26,0,0.71,422.07,40.33,10.32,17,18,2,2,0,-0.9659258262890684,-0.2588190451025206,-0.980614658546613,0.1959461442425176,999.2,138.97079276773297,4.7499,15.9501,0.3191853482786229,483.18,60.19,561.5599999999998,882.2999999999998,False,False,False,False,False,False,False,False,False,True,569.75445,-147.68445000000003,65.2194,-24.889399999999995,25.20415,-14.884149999999998,569.75445,0.0,Low,Zone_010
2026-02-19 09:00:00,2.46,344.9,12.8,41.3,464.78,831.72,6,0,2.51,506.84,118.98,-44.76,9,19,2,3,0,0.7071067811865476,-0.7071067811865475,-0.260504508642649,0.9654726308792247,1296.5,438.0067567567568,6.174599999999999,5.2864,0.3584882375626687,422.07,40.33,531.2966666666666,1077.54,False,False,False,False,False,False,False,False,False,True,569.75445,-62.914450000000045,65.2194,53.76060000000001,25.20415,-69.96414999999999,569.75445,0.0,Moderate,Zone_010
2026-02-19 10:00:00,4.92,181.1,13.9,48.6,469.83,883.99,-6,1,3.03,468.58,77.36,14.09,10,19,2,3,0,0.4999999999999999,-0.8660254037844387,-0.0191974423996896,-0.9998157121216442,1353.82,249.78228782287823,14.9076,6.755400000000001,0.3470402269134744,506.84,118.98,470.69666666666654,1134.073333333333,False,False,False,False,False,False,False,False,False,True,569.75445,-101.17445000000004,65.2194,12.140600000000006,25.20415,-11.114149999999999,569.75445,0.0,Low,Zone_010
2026-02-19 17:00:00,4.43,68.8,15.7,54.2,260.14,832.94,0,0,3.82,663.32,50.03,38.01,17,19,2,3,0,-0.9659258262890684,-0.2588190451025206,0.9323238012155122,0.3616245700820924,1093.08,221.72008113590263,16.9226,8.509400000000001,0.2379880704065576,468.58,77.36,465.8299999999999,1216.5066666666664,False,False,False,False,False,False,False,False,False,True,569.75445,93.56555000000003,65.2194,-15.189399999999992,25.20415,12.80585,569.75445,0.0,Severe,Zone_010
2026-02-20 02:00:00,5.62,74.5,34.4,87.9,69.98,473.52,-23,0,3.4,449.48,44.36,66.34,2,20,2,4,0,0.4999999999999999,0.8660254037844387,0.963630453208623,0.2672383760782569,543.5,88.80718954248366,19.108,30.2376,0.1287580496780128,663.32,50.03,546.2466666666666,1247.8,False,False,False,False,False,False,False,False,False,True,569.75445,-120.27445,65.2194,-20.859399999999994,25.20415,41.135850000000005,569.75445,0.0,Low,Zone_010
2026-02-20 05:00:00,10.43,183.6,12.3,49.2,233.1,961.99,-29,1,3.93,641.46,24.96,2.15,5,20,2,4,0,0.9659258262890684,0.2588190451025207,-0.0627905195293133,-0.9980267284282716,1195.09,109.34034766697164,40.9899,6.0516000000000005,0.1950480716933453,449.48,44.36,527.1266666666667,996.7999999999998,False,False,False,False,False,False,False,False,False,True,569.75445,71.70555000000002,65.2194,-40.25939999999999,25.20415,-23.05415,569.75445,0.0,High,Zone_010
2026-02-20 15:00:00,10.47,151.8,33.9,32.7,295.47,112.06,-27,0,3.59,540.58,85.17,76.05,15,20,2,4,0,-0.7071067811865471,-0.7071067811865479,0.4725507648690537,-0.8813034520649924,407.53,37.14949863263446,37.5873,11.0853,0.7250263784261282,641.46,24.96,584.7533333333332,943.8899999999998,False,False,False,False,False,False,False,False,False,True,569.75445,-29.17444999999998,65.2194,19.95060000000001,25.20415,50.84585,569.75445,0.0,Moderate,Zone_010
2026-02-20 17:00:00,11.62,71.8,33.3,54.2,253.65,398.63,20,0,1.97,609.73,109.98,86.1,17,20,2,4,0,-0.9659258262890684,-0.2588190451025206,0.9499720515246524,0.3123349185122326,652.28,53.81848184818482,22.8914,18.0486,0.3888667443429202,540.58,85.17,543.84,715.3733333333331,False,False,False,False,False,False,False,False,False,True,569.75445,39.97555,65.2194,44.76060000000001,25.20415,60.895849999999996,569.75445,0.0,High,Zone_010
2026-02-20 19:00:00,3.35,231.6,23.5,66.3,239.54,1032.57,-13,0,4.2,462.11,47.94,15.81,19,20,2,4,0,-0.9659258262890684,0.2588190451025203,-0.7836934573258396,-0.6211477802783105,1272.11,330.4181818181818,14.07,15.5805,0.1883013261431794,609.73,109.98,597.2566666666667,751.6333333333332,False,False,False,False,False,False,False,False,False,True,569.75445,-107.64445,65.2194,-17.279399999999995,25.20415,-9.394149999999998,569.75445,0.0,Low,Zone_010
2026-02-21 03:00:00,3.64,352.0,34.5,89.0,237.52,1164.41,-15,1,0.98,564.35,51.1,88.27,3,21,2,5,1,0.7071067811865475,0.7071067811865476,-0.1391731009600658,0.9902680687415704,1401.93,338.6304347826087,3.5672,30.705,0.1694235803499461,462.11,47.94,537.4733333333332,777.3066666666664,False,False,False,False,False,False,False,False,False,True,569.75445,-5.404449999999997,65.2194,-14.119399999999992,25.20415,63.06585,569.75445,0.0,Moderate,Zone_010
2026-02-21 20:00:00,8.33,251.3,17.7,84.3,53.49,795.19,29,0,4.01,633.9,52.71,-10.49,20,21,2,5,1,-0.8660254037844386,0.5000000000000001,-0.9472102777460288,-0.3206129905856765,848.6800000000001,96.11325028312572,33.4033,14.9211,0.063027289437715,564.35,51.1,545.3966666666665,1108.7733333333333,False,False,False,False,False,False,False,False,False,True,569.75445,64.14554999999996,65.2194,-12.509399999999992,25.20415,-35.69415,569.75445,0.0,High,Zone_010
2026-02-22 05:00:00,10.18,275.9,10.6,74.0,468.69,162.28,-4,1,1.78,602.96,85.48,17.98,5,22,2,6,1,0.9659258262890684,0.2588190451025207,-0.9947028171171742,0.1027925367872464,630.97,59.07958801498128,18.1204,7.843999999999999,0.7428086913799388,633.9,52.71,553.4533333333333,1174.24,False,False,False,False,False,False,False,False,False,True,569.75445,33.20555000000002,65.2194,20.26060000000001,25.20415,-7.224149999999998,569.75445,0.0,High,Zone_010
2026-02-22 15:00:00,7.63,82.3,31.5,47.5,236.58,337.52,-16,0,3.48,678.52,90.47,-10.14,15,22,2,6,1,-0.7071067811865471,-0.7071067811865479,0.9909831997148364,0.1339861854182922,574.1,70.61500615006152,26.5524,14.9625,0.412088486326424,602.96,85.48,600.4033333333333,960.5266666666666,False,False,False,False,False,False,False,False,False,True,569.75445,108.76554999999996,65.2194,25.250600000000006,25.20415,-35.34415,569.75445,0.0,Severe,Zone_010
2026-02-23 05:00:00,3.28,143.9,32.5,67.1,86.53,130.39,26,0,4.18,685.47,23.09,88.93,5,23,2,0,0,0.9659258262890684,0.2588190451025207,0.5891963573533421,-0.8079898838980305,216.92,57.386243386243386,13.710399999999998,21.8075,0.3989028213166145,678.52,90.47,638.4599999999999,684.5833333333331,False,False,False,False,False,False,False,False,False,True,569.75445,115.71555000000001,65.2194,-42.12939999999999,25.20415,63.72585000000001,569.75445,0.0,Severe,Zone_010
2026-02-23 22:00:00,9.31,277.6,26.3,91.8,191.51,285.25,3,1,3.31,548.79,84.31,23.16,22,23,2,0,0,-0.5000000000000004,0.8660254037844384,-0.9912155402515416,0.1322563902571228,476.76,48.59938837920489,30.8161,24.1434,0.4016905780686299,685.47,23.09,655.65,473.9966666666665,False,False,False,False,False,False,False,False,False,True,569.75445,-20.964450000000056,65.2194,19.09060000000001,25.20415,-2.0441499999999984,569.75445,0.0,Moderate,Zone_010
2026-02-24 00:00:00,9.83,69.9,10.1,53.0,321.54,302.11,-4,1,1.77,565.18,48.59,46.33,0,24,2,1,0,0.0,1.0,0.9390942520947092,0.343659694585616,623.6500000000001,60.3727008712488,17.3991,5.353,0.5155776477190731,548.79,84.31,637.5933333333332,422.5933333333332,False,False,False,False,False,False,False,False,False,True,569.75445,-4.57445000000007,65.2194,-16.62939999999999,25.20415,21.12585,569.75445,0.0,Moderate,Zone_010
2026-02-24 01:00:00,3.88,193.2,16.2,69.2,225.11,662.64,-12,0,3.77,482.32,57.9,25.74,1,24,2,1,0,0.2588190451025207,0.9659258262890684,-0.2283508701106555,-0.9735789028731604,887.75,202.6826484018265,14.6276,11.2104,0.2535736412278231,565.18,48.59,599.8133333333332,439.10999999999984,False,False,False,False,False,False,False,False,False,True,569.75445,-87.43445000000003,65.2194,-7.319399999999995,25.20415,0.5358499999999999,569.75445,0.0,Moderate,Zone_010
2026-02-24 05:00:00,11.85,109.2,29.1,66.3,231.23,1098.95,25,1,2.89,700.94,16.18,-32.2,5,24,2,1,0,0.9659258262890684,0.2588190451025207,0.9443763702374812,-0.3288666467385832,1330.18,107.70688259109312,34.2465,19.2933,0.1738336165030296,482.32,57.9,532.0966666666666,662.7199999999998,False,False,False,False,False,False,False,False,False,True,569.75445,131.18555000000003,65.2194,-49.03939999999999,25.20415,-57.40415,569.75445,0.0,Severe,Zone_010
2026-02-24 08:00:00,7.51,56.7,15.8,32.2,392.5,610.55,28,1,3.55,579.35,56.87,32.27,8,24,2,1,0,0.8660254037844387,-0.4999999999999998,0.8358073613682703,0.5490228179981317,1003.05,125.2247191011236,26.6605,5.0876,0.391306515128857,700.94,16.18,582.8133333333333,947.1933333333332,False,False,False,False,False,False,False,False,False,True,569.75445,9.595550000000003,65.2194,-8.349399999999996,25.20415,7.065850000000005,569.75445,0.0,High,Zone_010
2026-02-24 22:00:00,3.18,299.2,17.0,41.5,354.31,1142.42,-16,1,3.01,541.4,71.3,66.94,22,24,2,1,0,-0.5000000000000004,0.8660254037844384,-0.8729220772698096,0.4878596591387327,1496.73,406.7201086956522,9.5718,7.055,0.236722722201065,579.35,56.87,587.5366666666665,1073.66,False,False,False,False,False,False,False,False,False,True,569.75445,-28.354450000000043,65.2194,6.080600000000004,25.20415,41.73585,569.75445,0.0,Moderate,Zone_010
2026-02-25 07:00:00,11.17,290.1,26.3,77.4,319.21,801.04,-30,0,3.0,716.31,79.56,28.04,7,25,2,2,0,0.9659258262890684,-0.2588190451025206,-0.9390942520947092,0.3436596945856162,1120.25,95.99400171379604,33.51,20.3562,0.284945324704307,541.4,71.3,607.2299999999999,1276.6533333333334,False,False,False,False,False,False,False,False,False,True,569.75445,146.55554999999993,65.2194,14.34060000000001,25.20415,2.8358500000000006,569.75445,0.0,Severe,Zone_010
2026-02-25 18:00:00,7.93,345.5,13.9,89.1,147.3,1148.62,-3,0,4.16,587.11,48.97,-34.2,18,25,2,2,0,-1.0,-1.8369701987210294e-16,-0.2503800040544419,0.9681476403781076,1295.9199999999998,153.72716488730725,32.9888,12.3849,0.1136644237298599,716.31,79.56,612.3533333333332,1206.6766666666665,False,False,False,False,False,False,False,False,False,True,569.75445,17.355549999999994,65.2194,-16.249399999999994,25.20415,-59.40415,569.75445,0.0,High,Zone_010
2026-02-25 22:00:00,7.85,14.4,21.1,89.3,99.76,144.02,-26,0,4.73,504.45,118.36,-43.33,22,25,2,2,0,-0.5000000000000004,0.8660254037844384,0.2486898871648548,0.9685831611286312,243.78000000000003,29.195209580838327,37.130500000000005,18.8423,0.409221429157437,587.11,48.97,614.9399999999999,1304.2999999999995,False,False,False,False,False,False,False,False,False,True,569.75445,-65.30445000000003,65.2194,53.140600000000006,25.20415,-68.53415,569.75445,0.0,Moderate,Zone_010
2026-02-26 10:00:00,6.57,193.6,21.8,66.6,317.35,797.88,-5,0,3.94,489.64,62.0,95.57,10,26,2,3,0,0.4999999999999999,-0.8660254037844387,-0.2351421131025897,-0.9719610005785464,1115.23,157.74115983026874,25.8858,14.5188,0.2845601355774145,504.45,118.36,602.6233333333332,886.6499999999997,False,False,False,False,False,False,False,False,False,True,569.75445,-80.11445000000003,65.2194,-3.219399999999993,25.20415,70.36585,569.75445,0.0,Moderate,Zone_010
2026-02-27 07:00:00,7.85,327.9,30.7,50.6,431.86,403.3,19,0,0.35,520.26,96.4,1.82,7,27,2,4,0,0.9659258262890684,-0.2588190451025206,-0.5313985795180837,0.8471219213821367,835.1600000000001,100.01916167664672,2.7475,15.5342,0.5170985200440634,489.64,62.0,527.0666666666666,884.9766666666665,False,False,False,False,False,False,False,False,False,True,569.75445,-49.49445000000003,65.2194,31.180600000000013,25.20415,-23.384149999999998,569.75445,0.0,Moderate,Zone_010
2026-02-28 00:00:00,7.98,206.6,26.9,43.2,341.22,998.67,23,0,0.51,568.55,22.94,95.72,0,28,2,5,1,0.0,1.0,-0.4477590878387695,-0.8941542368393682,1339.89,158.00589622641508,4.0698,11.6208,0.2546626961914784,520.26,96.4,504.7833333333333,731.3899999999999,False,False,False,False,False,False,False,False,False,True,569.75445,-1.2044500000000653,65.2194,-42.279399999999995,25.20415,70.51585,569.75445,0.0,Moderate,Zone_010
2026-02-28 03:00:00,5.55,265.8,11.5,93.6,414.96,1138.94,21,0,4.9,719.47,109.34,27.64,3,28,2,5,1,0.7071067811865475,0.7071067811865476,-0.997314477224458,-0.0732381971276317,1553.9,256.8429752066116,27.195,10.764,0.2670442113392109,568.55,22.94,526.15,1096.76,False,False,False,False,False,False,False,False,False,True,569.75445,149.71555,65.2194,44.12060000000001,25.20415,2.435850000000002,569.75445,0.0,Severe,Zone_010
2026-02-28 06:00:00,10.0,155.8,32.1,72.6,452.54,632.39,10,0,2.55,439.78,87.34,50.52,6,28,2,5,1,1.0,6.123233995736766e-17,0.4099230338415728,-0.912120116172273,1084.93,103.32666666666668,25.5,23.3046,0.4171144682145392,719.47,109.34,602.7599999999999,1242.9833333333331,False,False,False,False,False,False,False,False,False,True,569.75445,-129.97445000000005,65.2194,22.12060000000001,25.20415,25.315850000000005,569.75445,0.0,Low,Zone_010
2026-02-28 18:00:00,4.64,128.4,28.5,83.8,442.76,1097.42,-20,1,1.94,656.64,63.42,-10.34,18,28,2,5,1,-1.0,-1.8369701987210294e-16,0.7836934573258398,-0.6211477802783103,1540.18,299.6459143968872,9.0016,23.883,0.2874728927787661,439.78,87.34,575.9333333333333,1326.24,False,False,False,False,False,False,False,False,False,True,569.75445,86.88554999999997,65.2194,-1.7993999999999915,25.20415,-35.54415,569.75445,0.0,Severe,Zone_010
2026-02-28 20:00:00,4.59,300.8,23.2,68.3,281.74,280.53,18,1,4.69,404.03,88.54,80.42,20,28,2,5,1,-0.8660254037844386,0.5000000000000001,-0.8589598969306643,0.5120428648705716,562.27,110.4656188605108,21.5271,15.8456,0.5010759955181675,656.64,63.42,605.2966666666666,1393.003333333333,False,False,False,False,False,False,False,False,False,True,569.75445,-165.72445000000005,65.2194,23.320600000000013,25.20415,55.21585,569.75445,0.0,Low,Zone_010
2026-03-01 18:00:00,6.83,249.3,10.4,36.1,463.01,1154.68,7,0,2.93,457.25,25.93,-13.03,18,1,3,6,1,-1.0,-1.8369701987210294e-16,-0.9354440308298674,-0.353474843779257,1617.69,220.69440654843112,20.0119,3.7544,0.2862167658822147,404.03,88.54,500.1499999999999,1062.4599999999998,False,False,False,False,False,False,False,False,False,True,569.75445,-112.50445000000002,65.2194,-39.28939999999999,25.20415,-38.23415,569.75445,0.0,Low,Zone_010
2026-03-02 04:00:00,6.78,116.8,17.1,69.0,204.3,873.68,26,0,4.51,429.27,20.15,35.81,4,2,3,0,0,0.8660254037844386,0.5000000000000001,0.8925858184521254,-0.4508775406894308,1077.98,148.07417582417582,30.5778,11.799,0.1895211413940889,457.25,25.93,505.9733333333333,1240.0466666666664,False,False,False,False,False,False,False,False,False,True,569.75445,-140.48445000000004,65.2194,-45.069399999999995,25.20415,10.605850000000004,569.75445,0.0,Low,Zone_010
2026-03-02 13:00:00,10.16,225.5,21.4,72.2,330.63,104.71,-18,1,3.97,647.34,78.87,-16.56,13,2,3,0,0,-0.2588190451025208,-0.9659258262890684,-0.7132504491541813,-0.7009092642998511,435.34,40.83864915572232,40.3352,15.4508,0.7594753525979694,429.27,20.15,430.1833333333332,1085.9799999999998,False,False,False,False,False,False,False,False,False,True,569.75445,77.58555000000001,65.2194,13.650600000000011,25.20415,-41.76415,569.75445,0.0,High,Zone_010
2026-03-03 04:00:00,2.87,346.5,15.7,48.2,83.28,102.06,0,0,1.84,527.17,109.08,37.82,4,3,3,1,0,0.8660254037844386,0.5000000000000001,-0.2334453638559052,0.9723699203976768,185.34,54.99703264094956,5.2808,7.5674,0.449336354807381,647.34,78.87,511.2866666666666,1043.6699999999998,False,False,False,False,False,False,False,False,False,True,569.75445,-42.58445000000006,65.2194,43.860600000000005,25.20415,12.615850000000002,569.75445,0.0,Moderate,Zone_010
2026-03-03 09:00:00,10.37,166.3,15.1,45.1,499.44,236.95,22,1,4.86,667.7,41.0,-24.99,9,3,3,1,0,0.7071067811865476,-0.7071067811865475,0.2368381460656186,-0.971549119997646,736.39,67.74517019319228,50.3982,6.8101,0.6782275696302231,527.17,109.08,534.5933333333332,566.2199999999999,False,False,False,False,False,False,False,False,False,True,569.75445,97.94555000000003,65.2194,-24.219399999999993,25.20415,-50.19414999999999,569.75445,0.0,Severe,Zone_010
2026-03-03 13:00:00,1.71,147.9,20.3,70.0,499.38,752.42,10,0,3.84,513.37,22.11,94.38,13,3,3,1,0,-0.2588190451025208,-0.9659258262890684,0.5313985795180828,-0.8471219213821372,1251.8,566.4253393665158,6.5664,14.21,0.3989295414602972,667.7,41.0,614.07,452.3566666666665,False,False,False,False,False,False,False,False,False,True,569.75445,-56.384450000000015,65.2194,-43.109399999999994,25.20415,69.17585,569.75445,0.0,Moderate,Zone_010
2026-03-03 14:00:00,9.85,226.5,10.9,60.8,333.34,697.84,-12,0,3.09,715.14,51.64,-15.3,14,3,3,1,0,-0.4999999999999997,-0.8660254037844388,-0.7253743710122876,-0.688354575693754,1031.18,99.63091787439616,30.4365,6.6272,0.3232607304253379,513.37,22.11,569.4133333333333,724.5099999999999,False,False,False,False,False,False,False,False,False,True,569.75445,145.38554999999997,65.2194,-13.579399999999993,25.20415,-40.504149999999996,569.75445,0.0,Severe,Zone_010
2026-03-04 08:00:00,3.21,84.1,10.2,74.2,123.91,202.54,-21,1,1.12,492.75,40.89,77.52,8,4,3,2,0,0.8660254037844387,-0.4999999999999998,0.9947028171171742,0.1027925367872469,326.45,87.99191374663073,3.5952,7.5684,0.3795680808699648,715.14,51.64,632.07,1006.4566666666664,False,False,False,False,False,False,False,False,False,True,569.75445,-77.00445000000002,65.2194,-24.329399999999993,25.20415,52.31585,569.75445,0.0,Moderate,Zone_010
